dataset_key,pred_len,family,vus_pr,vus_roc,auc_pr,auc_roc,standard_f1,pa_f1,status
CATSv2_id_1,96,CATSv2,0.1969160903936257,0.7647715536824577,0.1859216366031212,0.7438589387755102,0.318252364327642,0.2608695652173913,ok
CATSv2_id_1,192,CATSv2,0.0815904358124651,0.6862896732175716,0.0742205161923385,0.6623763928571429,0.1657238949525964,0.6066120715802245,ok
CATSv2_id_1,336,CATSv2,0.0746572149758378,0.7320255009242969,0.0748899058894141,0.7087287091836735,0.144905062018381,0.7244832729597273,ok
CATSv2_id_2,96,CATSv2,0.1702020554737903,0.776559598205372,0.226081937303032,0.7754723890979861,0.2678931751986786,0.7258430364433691,ok
CATSv2_id_2,192,CATSv2,0.1797984194865564,0.773692447148396,0.24756311969099,0.7856497913047674,0.3000718916487653,0.7528821268920085,ok
CATSv2_id_2,336,CATSv2,0.1476207466549861,0.734627853265414,0.2154855275569321,0.7469744044746831,0.2615451230713039,0.6585717225766619,ok
CATSv2_id_3,96,CATSv2,0.4114346755960945,0.7915646688751968,0.4378669845161996,0.7819419271313364,0.4634363721287655,0.6619757429867605,ok
CATSv2_id_3,192,CATSv2,0.4236098580843257,0.7966564033301543,0.4553823141199462,0.7917141326804915,0.5093946528385375,0.8618571509573041,ok
CATSv2_id_3,336,CATSv2,0.439832973041929,0.7919616511625358,0.4777193788598775,0.7856327692012288,0.5350087307952042,0.8639712757601825,ok
CATSv2_id_4,96,CATSv2,0.4260241312896199,0.8240856414287304,0.4700091909303233,0.8051882718317812,0.546086123866644,0.7586270700342307,ok
CATSv2_id_4,192,CATSv2,0.4237350195902311,0.8710985992523119,0.4521463924907508,0.8528407147146608,0.5250022547474332,0.747220703480955,ok
CATSv2_id_4,336,CATSv2,0.3863842785987109,0.8403689857156679,0.4122184065665366,0.8204055956403661,0.5183790472307458,0.7634194831013916,ok
CATSv2_id_5,96,CATSv2,0.4476502075927068,0.763883406328683,0.4517394143663849,0.728462297214449,0.5014758669311792,0.74757039621231,ok
CATSv2_id_5,192,CATSv2,0.4548367314999666,0.7603392162317207,0.4562995276053203,0.7222252191884537,0.5026267146781159,0.755449284402398,ok
CATSv2_id_5,336,CATSv2,0.472884903467105,0.7505973694146219,0.4754679479503556,0.7119065108325033,0.5412278815420929,0.7716100708417867,ok
CATSv2_id_6,96,CATSv2,0.4055523945518492,0.8100238526711077,0.4059213461714024,0.7602826250000001,0.4778686546443932,0.688622754491018,ok
CATSv2_id_6,192,CATSv2,0.4467858435879875,0.8358549876441324,0.4307037027313099,0.7900856237244899,0.5158704641394515,0.6731050629206906,ok
CATSv2_id_6,336,CATSv2,0.4732414370970979,0.8551252983375639,0.4647427208731459,0.810978663265306,0.5284433848364605,0.8817370219332085,ok
CreditCard,96,CreditCard,0.0382200298062855,0.7261834381797456,0.0050785184313432,0.6205857210076594,0.0245350932283736,0.0288600288600288,ok
CreditCard,192,CreditCard,0.0349931013876269,0.6799664229721537,0.0038114686347259,0.6013498497100934,0.0215443915649135,0.0221975582685904,ok
CreditCard,336,,,,,,,,
Daphnet,96,Daphnet,0.1982799145030155,0.8647402481342811,0.178283018442965,0.865343552036877,0.3190970692913946,0.5738332058148432,ok
Daphnet,192,Daphnet,0.144931929075659,0.8093798394292169,0.1278897147247491,0.8082073713403505,0.2719522373428985,0.3790750568612585,ok
Daphnet,336,Daphnet,0.1033732453836372,0.7312493038741155,0.0947875918072062,0.7274610819679522,0.2442678015178621,0.1396424815983175,ok
Exathlon_id_1,96,Exathlon,0.7958526072365764,0.9838615557172896,0.7910083954307086,0.983466412662628,0.913349100495592,1.0,ok
Exathlon_id_1,192,Exathlon,0.7090792342394198,0.9742799052213392,0.7074576593107271,0.9739210303973864,0.8711577549810001,1.0,ok
Exathlon_id_1,336,Exathlon,0.7181947999805363,0.9725226040560944,0.7162532726731078,0.9722885124842542,0.8793207857227178,1.0,ok
Exathlon_id_10,96,Exathlon,0.6920657740793574,0.9831760013151504,0.6752049954507746,0.9826777989907728,0.7902430937107843,0.9910306312404806,ok
Exathlon_id_10,192,Exathlon,0.658487501162491,0.9772692582602068,0.658455428417176,0.9766184676012212,0.7654338938088968,1.0,ok
Exathlon_id_10,336,Exathlon,0.6310700453783132,0.9732964654480236,0.6338098091448442,0.9726108234257442,0.7356363362508003,1.0,ok
Exathlon_id_11,96,Exathlon,0.6979049237024545,0.9825962624901652,0.6932587187942124,0.9821054323552448,0.7895048300797791,1.0,ok
Exathlon_id_11,192,Exathlon,0.6238155406247728,0.9766970726623262,0.6251078106132423,0.9761390197571996,0.7666707710690025,1.0,ok
Exathlon_id_11,336,Exathlon,0.6144932577458692,0.9727275276368326,0.6189157132730365,0.9719979873686672,0.7332090481150343,1.0,ok
Exathlon_id_12,96,Exathlon,0.6952525664245134,0.9821957329680222,0.6910677589493888,0.9817434020629376,0.7895048300797791,1.0,ok
Exathlon_id_12,192,Exathlon,0.6171992350248848,0.9767662078498592,0.615689053988578,0.9760455464830744,0.7657610170457164,1.0,ok
Exathlon_id_12,336,Exathlon,0.6497929434206045,0.9738311610395796,0.6521003853678232,0.9732940787753924,0.730299511681579,1.0,ok
Exathlon_id_13,96,Exathlon,0.7649425580829423,0.9828228179352202,0.7394182092352912,0.9812041635323931,0.8821098803188427,0.9912488605287146,ok
Exathlon_id_13,192,Exathlon,0.6736688336051727,0.9726142494800978,0.6522409259710962,0.9709225339933322,0.8573216608154418,0.9885454545454544,ok
Exathlon_id_13,336,Exathlon,0.6423873799591634,0.9682628657727116,0.6224312214652642,0.9665944344881356,0.8623445621742901,0.9957875457875458,ok
Exathlon_id_14,96,Exathlon,0.8271594022322477,0.9782348846694516,0.7706308843439198,0.9654638494586146,0.8879890930187716,0.9630794701986756,ok
Exathlon_id_14,192,Exathlon,0.7402485073157716,0.954954386202006,0.683990503085106,0.937575652012974,0.844617175425959,0.9428640894724044,ok
Exathlon_id_14,336,Exathlon,0.6575890038609356,0.925109458521966,0.6073687644861198,0.9076832011700332,0.7974401351143517,0.9087642555850648,ok
Exathlon_id_15,96,Exathlon,0.4046039727458784,0.6642669043870378,0.5133166336272503,0.7642717946401264,0.5881183972381538,0.7918781725888325,ok
Exathlon_id_15,192,Exathlon,0.3705438037725961,0.6556807284678496,0.4637351277609688,0.7516540341090258,0.5206578777455293,0.7922034278032933,ok
Exathlon_id_15,336,Exathlon,0.3557373875395232,0.6493780333865887,0.4471539527860944,0.7442412272576382,0.5043409408913645,0.7811199882184013,ok
Exathlon_id_16,96,Exathlon,0.5560431892036956,0.9749574348478366,0.5612805834589409,0.9749306618369226,0.7621675080033733,0.9512746047111972,ok
Exathlon_id_16,192,Exathlon,0.5392238908951954,0.9702665971911646,0.5478849595298896,0.9703532689419202,0.7225567078508522,0.9302619122751656,ok
Exathlon_id_16,336,Exathlon,0.4956345271396732,0.9653637343723342,0.4850394683311393,0.9654594728017852,0.6818778222319033,0.9176653696498056,ok
Exathlon_id_17,96,Exathlon,0.3957752848142605,0.6630852303823636,0.4993436093577685,0.7622800134599308,0.5767757034478184,0.7893738140417458,ok
Exathlon_id_17,192,Exathlon,0.3619723853005203,0.6553024127149966,0.4499379432720526,0.7510997354561817,0.5255166255130274,0.7842673369806299,ok
Exathlon_id_17,336,Exathlon,0.3524967980861702,0.6488094327146828,0.4443390417253604,0.7429823878228651,0.4986872800594666,0.7663078812396157,ok
Exathlon_id_18,96,Exathlon,0.7022822318355825,0.9830622599241832,0.6977722609095055,0.9825405918763016,0.7899732907345962,1.0,ok
Exathlon_id_18,192,Exathlon,0.620249051474401,0.9764933905383584,0.6206090834468811,0.9758383808432785,0.7653880298346275,1.0,ok
Exathlon_id_18,336,Exathlon,0.6297019863640492,0.9731340033581246,0.632510712454458,0.9725235119373392,0.7317336803899893,1.0,ok
Exathlon_id_19,96,Exathlon,0.7256895859456245,0.9847343237811146,0.72086506379753,0.984274006067258,0.7901668822593169,1.0,ok
Exathlon_id_19,192,Exathlon,0.6051856468051223,0.9773935071101923,0.6088388426728453,0.9768285618463978,0.765081748536896,1.0,ok
Exathlon_id_19,336,Exathlon,0.6295004732852693,0.9731103464067464,0.6318988453306131,0.9722464424395186,0.7330467018205202,1.0,ok
Exathlon_id_2,96,Exathlon,0.4894123343730923,0.8619410216651193,0.4793372533744402,0.8608650898020493,0.6100624400231219,0.9868403908794788,ok
Exathlon_id_2,192,Exathlon,0.4455102889895226,0.833673283361259,0.4362067701417806,0.8323096506454533,0.5794594077620252,0.985299856901262,ok
Exathlon_id_2,336,Exathlon,0.5968664733583542,0.9132549859387958,0.6010773004599432,0.9122014351137344,0.7936192036845182,0.9798188874514876,ok
Exathlon_id_20,96,Exathlon,0.4278122321869013,0.8654984141449887,0.4180864215675727,0.8643012231583529,0.5746642000766216,0.9885670731707316,ok
Exathlon_id_20,192,Exathlon,0.4181354158460959,0.8660611102934485,0.4242431250069555,0.8650147787289229,0.5513590529829958,0.9347747747747748,ok
Exathlon_id_20,336,Exathlon,0.5166645552928714,0.9232231856544008,0.51979217375282,0.9226227817549014,0.7628979380401696,0.9117750439367313,ok
Exathlon_id_21,96,Exathlon,0.785297622181729,0.9796713140670082,0.733551807041309,0.9731962204598952,0.8732930666810277,0.9646404449741756,ok
Exathlon_id_21,192,Exathlon,0.697354147627873,0.9646856269263104,0.6520301760438392,0.95720558216417,0.8351044924000117,0.9176114890400604,ok
Exathlon_id_21,336,Exathlon,0.6078704911334835,0.9143023620957648,0.5642256867266671,0.8971875847389531,0.7783053473228899,0.8777225485765928,ok
Exathlon_id_22,96,Exathlon,0.7142272217304386,0.975314116149651,0.6929031769357681,0.9736243524837248,0.8579107632865702,0.9941488389102212,ok
Exathlon_id_22,192,Exathlon,0.6560476391199239,0.9697911985980728,0.6358794560154203,0.9681328123841808,0.8441713122301476,0.9865723099256032,ok
Exathlon_id_22,336,Exathlon,0.6389782339231436,0.9681418348713168,0.6194471352688098,0.9665049965840518,0.8662964760838288,0.989985433357611,ok
Exathlon_id_23,96,Exathlon,0.706232542588823,0.9835954844889008,0.7023585778283434,0.9831106390563686,0.7905725473399426,1.0,ok
Exathlon_id_23,192,Exathlon,0.6333798964220276,0.9769037006286804,0.63321761793482,0.9763387662633656,0.7653094901528904,1.0,ok
Exathlon_id_23,336,Exathlon,0.6249083044545617,0.9745121353882388,0.6266906876306879,0.9738819631146292,0.7294608617332754,1.0,ok
Exathlon_id_24,96,Exathlon,0.7372333300553524,0.9807575212845118,0.7113549420837728,0.9790694922103608,0.9065402889224844,0.988275924747796,ok
Exathlon_id_24,192,Exathlon,0.6469692671623096,0.9677951035165856,0.6253279370877893,0.9660210406457445,0.8399825852035389,0.9800811176205498,ok
Exathlon_id_24,336,Exathlon,0.6034100885988313,0.9619299614761624,0.5871265451631025,0.9604981352040588,0.8281067576118264,0.96264164305949,ok
Exathlon_id_25,96,Exathlon,0.3983459898091528,0.6632444170495781,0.5044730342660865,0.7628286695845149,0.5804252482057365,0.7882007653155998,ok
Exathlon_id_25,192,Exathlon,0.3670916525132308,0.6549126350937144,0.4612593289653435,0.7504608944131481,0.5111778710886924,0.7894619334672918,ok
Exathlon_id_25,336,Exathlon,0.355794859499806,0.6486167801802946,0.4482623633057093,0.7430702859718096,0.4952028390274446,0.77312149260258,ok
Exathlon_id_26,96,Exathlon,0.3916793302113459,0.6627705080024744,0.4932568848284803,0.762248205127518,0.5759726737261682,0.7913760304375397,ok
Exathlon_id_26,192,Exathlon,0.3670448651159199,0.6563004129825188,0.458894765309411,0.7523981994180065,0.5278769238394343,0.7766307928838129,ok
Exathlon_id_26,336,Exathlon,0.3519685867642083,0.6484318762530116,0.4433712302470733,0.7424814491382984,0.4906197101124041,0.7781119342771217,ok
Exathlon_id_27,96,Exathlon,0.7459056009195584,0.9812929435439296,0.7195685730776886,0.979580785901294,0.8921964840336957,0.9918817841831616,ok
Exathlon_id_27,192,Exathlon,0.6444387934896495,0.9595273225422664,0.6359556826756486,0.95805099820849,0.8172663624601109,1.0,ok
Exathlon_id_27,336,Exathlon,0.6307706041859639,0.96629397014138,0.6105992954207797,0.9645799652066122,0.8354322367941301,0.9846070264396958,ok
Exathlon_id_3,96,Exathlon,0.73260721802288,0.9778214924917956,0.707122985742134,0.976089535426494,0.8655467032251578,0.9948764867337604,ok
Exathlon_id_3,192,Exathlon,0.630540191739115,0.9647586842596808,0.6107005354112605,0.963042457348108,0.8337165933369786,0.9958787434746772,ok
Exathlon_id_3,336,Exathlon,0.6165934742441517,0.9637213423650968,0.5973827933366663,0.962000426093554,0.837020067526887,0.994785472509377,ok
Exathlon_id_4,96,Exathlon,0.6912807384177286,0.9820685315660987,0.6871456456180094,0.9815665455364244,0.7902404345261751,1.0,ok
Exathlon_id_4,192,Exathlon,0.6698452675880835,0.9770889524327702,0.6676984162801539,0.9764008605070428,0.7637518678047496,1.0,ok
Exathlon_id_4,336,Exathlon,0.6073425015390158,0.9724323797580005,0.611324171166979,0.9717287274851942,0.7306863848702458,1.0,ok
Exathlon_id_5,96,Exathlon,0.3915879926786963,0.6624774400366865,0.4911313703506361,0.761974149116676,0.5775874247384704,0.7804016773339219,ok
Exathlon_id_5,192,Exathlon,0.3709365599424917,0.6556960708960317,0.4680935343526032,0.7514605536433137,0.5214603272217169,0.7809187279151943,ok
Exathlon_id_5,336,Exathlon,0.3473127177585671,0.6491929430509839,0.4359729844752874,0.743878129438577,0.508561079460309,0.7522070554866158,ok
Exathlon_id_6,96,Exathlon,0.7824411234764188,0.9857713560066376,0.7508248319317996,0.9829439975054216,0.7255590272623614,1.0,ok
Exathlon_id_6,192,Exathlon,0.6564194945756813,0.9781493953577416,0.6261427195881293,0.974431955205052,0.6720460931621982,1.0,ok
Exathlon_id_6,336,Exathlon,0.6385224215890508,0.9768128130034104,0.639748365368255,0.9733305496743953,0.6665504098228332,1.0,ok
Exathlon_id_7,96,Exathlon,0.7656622885956066,0.9835700360117922,0.7389100433806924,0.9818938686856152,0.916881907625448,0.9889949977262392,ok
Exathlon_id_7,192,Exathlon,0.6300253875591162,0.9650419315161498,0.6106899360469078,0.9633401568227028,0.8363841820245933,0.9935130196436728,ok
Exathlon_id_7,336,Exathlon,0.55137620367145,0.9470236935453332,0.5509034288893799,0.9459712601281106,0.7968493193281315,0.9938762453157848,ok
Exathlon_id_8,96,Exathlon,0.5530202115473934,0.974989594405122,0.5572254962299233,0.9750686691589632,0.7587891265182432,0.938554600445718,ok
Exathlon_id_8,192,Exathlon,0.5122688921006235,0.9685622311295166,0.5037734290686513,0.9685025489988084,0.7220519903984514,0.9435109617538806,ok
Exathlon_id_8,336,Exathlon,0.4729093380639907,0.9637456114221926,0.4627412950616489,0.9640320725849908,0.6860666418460277,0.9018048332823494,ok
Exathlon_id_9,96,Exathlon,0.7327636032567688,0.9749934811522556,0.7162536507475306,0.9733280851495768,0.8717276932297688,1.0,ok
Exathlon_id_9,192,Exathlon,0.6286566621919746,0.9588561416930016,0.6176927362831579,0.957235699714715,0.8206253427575935,1.0,ok
Exathlon_id_9,336,Exathlon,0.5601680718812383,0.9537230868140488,0.5469066743825546,0.9523538164267614,0.8032479313731002,0.9854993655972448,ok
GECCO,96,GECCO,0.1912350907701388,0.9158498542102014,0.3793065861014002,0.879147794843355,0.4615341414799874,0.5400078833267639,ok
GECCO,192,GECCO,0.1329506246101555,0.8453080244078649,0.3229566305129676,0.8276529990470045,0.4459690237727003,0.4989075018208303,ok
GECCO,336,GECCO,0.1127906810618522,0.8143124843548402,0.3013497136326915,0.8101876398432125,0.402960892211745,0.4960173787110789,ok
GHL_id_1,96,GHL,0.0074943275383529,0.3758961575328898,0.0067161405482334,0.3493329752480603,0.021793035314657,0.4134866701515943,ok
GHL_id_1,192,GHL,0.0074081309951658,0.3103150982989758,0.0065840089452125,0.2866694973407531,0.0246708285623518,0.376846117198666,ok
GHL_id_1,336,GHL,0.0079535935273469,0.367037857096238,0.0071739316097929,0.343394116444366,0.0290790117921558,0.3245128205128205,ok
GHL_id_10,96,GHL,0.0087219836612692,0.38726673322936,0.0239181121758783,0.3687006964262215,0.0395300166671648,0.2450331125827814,ok
GHL_id_10,192,GHL,0.0104475675641192,0.3168882453193107,0.0192531747977571,0.3007027707495383,0.0714852148392888,0.2412668840242198,ok
GHL_id_10,336,GHL,0.0117812637133517,0.2748842495898863,0.0155362147846568,0.2543661222007797,0.0817335197130226,0.2280933509467195,ok
GHL_id_11,96,GHL,0.0054207470407996,0.3237659794824982,0.0049717108632995,0.297670047690205,0.016725391273345,0.1287332646755921,ok
GHL_id_11,192,GHL,0.0059758399738571,0.3985612141901995,0.0056065317372371,0.3803482353965757,0.0165707497453825,0.0697934115019542,ok
GHL_id_11,336,GHL,0.0064307281345518,0.4396932922537571,0.0060284815476245,0.4251389265386886,0.018974492026289,0.0566277068043852,ok
GHL_id_12,96,GHL,0.0035399379092553,0.2591586816250059,0.0033138698182698,0.2426276223245301,0.0119725864121801,0.0104550586667064,ok
GHL_id_12,192,GHL,0.0037144431586026,0.269424444619366,0.0035026550250796,0.2490377933245638,0.0114744366487178,0.0371305929942943,ok
GHL_id_12,336,GHL,0.0041799783252503,0.2590109607469849,0.0038903329038083,0.2384026964589786,0.0116652881053221,0.0104550586667064,ok
GHL_id_13,96,GHL,0.0065442769924425,0.2647100790772528,0.0057493697788323,0.235180501582595,0.0202187595905705,0.3546961325966851,ok
GHL_id_13,192,GHL,0.0067880763436502,0.2944774292441198,0.0062231272929489,0.2697631496313115,0.0203195263230647,0.2866711319490957,ok
GHL_id_13,336,GHL,0.0070739890237671,0.3022082815064497,0.0063802345762103,0.27882303386482,0.0220989176722776,0.249223602484472,ok
GHL_id_14,96,GHL,0.0099724011759167,0.4326902576825085,0.0080264792068741,0.3963327139139601,0.0398396070750377,0.7513788714467543,ok
GHL_id_14,192,GHL,0.008933773107592,0.3636257921788877,0.0071719551500804,0.3242127241673224,0.0264653883146312,0.4281397316571981,ok
GHL_id_14,336,GHL,0.0075319428448487,0.3481525722330448,0.0063628624816038,0.3091369090761539,0.0178912447506334,0.209424702891267,ok
GHL_id_15,96,GHL,0.0052751986897351,0.2534497802206656,0.0040600575709194,0.2198316863061121,0.0133663203102101,0.1441368078175895,ok
GHL_id_15,192,GHL,0.0110216447876081,0.2816124688237709,0.0077353481004077,0.2475724736116561,0.0598052455633732,0.6469973890339425,ok
GHL_id_15,336,GHL,0.015220236020516,0.3413975783457407,0.0112417648115073,0.3092626895592677,0.0770574772562776,0.6459854014598541,ok
GHL_id_16,96,GHL,0.0111452287636467,0.3279260387852666,0.0098924619958519,0.3017955895348621,0.0299799589030047,0.6847169389125084,ok
GHL_id_16,192,GHL,0.0141202612904226,0.2425822377546287,0.0137325850231214,0.2139171972008423,0.0679351218912704,0.6882591093117408,ok
GHL_id_16,336,GHL,0.0171030189137194,0.299387102708946,0.0179808449166664,0.2727796771441954,0.0829810910803843,0.6810594257734254,ok
GHL_id_17,96,GHL,0.0139015940360441,0.3367072377221342,0.012212781477841,0.3025848102792006,0.0413230326960702,0.3593399339933993,ok
GHL_id_17,192,GHL,0.0119666893136891,0.2297024823441297,0.0106110739795435,0.1936318375018717,0.0353927248557815,0.3563760146635245,ok
GHL_id_17,336,GHL,0.0142022201090597,0.3286599660344741,0.0123539986360868,0.3003050984181675,0.0416505171959133,0.2153752021327739,ok
GHL_id_18,96,GHL,0.0196559372018575,0.2865240998488055,0.0181923719344345,0.2625960035141263,0.0595781392063223,0.6104207543056464,ok
GHL_id_18,192,GHL,0.0212049135789831,0.315584700148293,0.019845136031207,0.2934507870790217,0.0587407626136776,0.5811054370681886,ok
GHL_id_18,336,GHL,0.0214458366042315,0.3070550670765731,0.0202620962427672,0.2855411855081626,0.058000530695357,0.5118829981718465,ok
GHL_id_19,96,GHL,0.0043837804432315,0.1361251381547866,0.0033838692031515,0.0991737209857522,0.0128479599266999,0.0128201488681591,ok
GHL_id_19,192,GHL,0.0041957701260814,0.1792191698817422,0.0034933419496834,0.1408806946995735,0.0128199487024446,0.0984092394857267,ok
GHL_id_19,336,GHL,0.0067926388202741,0.4578887106605415,0.0052282300879768,0.4299130987738616,0.017174328111429,0.5015548645046646,ok
GHL_id_2,96,GHL,0.006940122264526,0.3736945470926084,0.0062457651042105,0.3380803325796178,0.0196957810096818,0.0459931290752296,ok
GHL_id_2,192,GHL,0.0075983299783168,0.4247840252030373,0.0068578962598109,0.391809878377205,0.0215750659053119,0.0750050761421319,ok
GHL_id_2,336,GHL,0.0065528427973382,0.3186041519592113,0.0058408919204056,0.2818402594441552,0.018517313922114,0.0604177229682209,ok
GHL_id_20,96,GHL,0.0037256647609799,0.2481503034141853,0.0034683475638688,0.217094128198803,0.0120158485689933,0.0402875264270613,ok
GHL_id_20,192,GHL,0.0037736307154656,0.2461351100891647,0.003468319757986,0.2163963365399441,0.0125577352083978,0.0411761655344085,ok
GHL_id_20,336,GHL,0.003844409450822,0.2735443761668499,0.0035573209687938,0.2435549495991493,0.0119186418126713,0.0358179330255777,ok
GHL_id_21,96,GHL,0.0031042539200263,0.2036964589984743,0.002836238219089,0.1810603931643134,0.0104148871154537,0.009663085718835,ok
GHL_id_21,192,GHL,0.0032043503743501,0.2315777570904254,0.0029688265353936,0.2092954019579926,0.0102741059267408,0.009663085718835,ok
GHL_id_21,336,GHL,0.0028997559756293,0.1323528071310031,0.0026618634561834,0.110929408247922,0.0099676160991371,0.009663085718835,ok
GHL_id_22,96,GHL,0.0292980534483631,0.4745047626782903,0.0273129136802218,0.4538991249671043,0.07969458698499,0.4794388822897222,ok
GHL_id_22,192,GHL,0.0262177082555223,0.4062253229605972,0.024638293173373,0.3866086538865331,0.0750401509784958,0.5100966449281056,ok
GHL_id_22,336,GHL,0.0290768765417414,0.4604462923412751,0.0270845523100205,0.4422263263393981,0.0774829590943346,0.4360558839333691,ok
GHL_id_23,96,GHL,0.0134735685404346,0.3270460928029494,0.0123586606340932,0.3058996572744251,0.0439538882003647,0.3968044459881903,ok
GHL_id_23,192,GHL,0.0144374686313614,0.3677760201130832,0.0133293429453107,0.347780805161112,0.0421216391160948,0.3696949602122016,ok
GHL_id_23,336,GHL,0.0134105428044885,0.32631555725598,0.0124155745610564,0.3073657648067598,0.0414907876548547,0.2506744604316547,ok
GHL_id_24,96,GHL,0.0041756706137001,0.4284420458498189,0.0038134297301378,0.4003903608776937,0.0123671618814573,0.0793051953155702,ok
GHL_id_24,192,GHL,0.004239000265064,0.4248193150076135,0.0038318231889205,0.3988605893823801,0.0125182530505617,0.1104059525112156,ok
GHL_id_24,336,GHL,0.0041477078488998,0.4162928951028777,0.0037205106578389,0.3881031907254585,0.0119453613578621,0.0468311248288505,ok
GHL_id_25,96,GHL,0.0103035395242233,0.233988929828772,0.0092068934384585,0.2015780907262981,0.0316269329629356,0.4154141349536296,ok
GHL_id_25,192,GHL,0.0115679146354228,0.2586029742493393,0.0098435625679772,0.2281648973025859,0.0330252321922063,0.3473726434015243,ok
GHL_id_25,336,GHL,0.0126162540202834,0.336414785877959,0.0110358075981154,0.3068393887551006,0.0336351011463949,0.2584817431101383,ok
GHL_id_3,96,GHL,0.0063355592706181,0.2440620477945939,0.0056372430410423,0.2159129922554483,0.0208663141112936,0.1050948625026646,ok
GHL_id_3,192,GHL,0.0062074377919314,0.2468501578470859,0.0055863021119939,0.2173880421001868,0.0202340915059845,0.1268901615082684,ok
GHL_id_3,336,GHL,0.0069271168423968,0.3368965741748042,0.0063671592600573,0.3108875528512284,0.0218790257002461,0.0962796601894346,ok
GHL_id_4,96,GHL,0.009670500751614,0.3353896163646527,0.0088646333939443,0.3049554810633592,0.0294742457064628,0.427056164145366,ok
GHL_id_4,192,GHL,0.0093504531168835,0.2922720038543901,0.008550534769704,0.2619802516969771,0.0284583087049337,0.4322421682506159,ok
GHL_id_4,336,GHL,0.0109435263815417,0.3950163180463247,0.0099696118841307,0.3683925743363833,0.0302474931635804,0.3508070275674904,ok
GHL_id_5,96,GHL,0.0087799367705539,0.3937564296796447,0.0081242416929363,0.3684105818213676,0.0253401207220541,0.2427194115893052,ok
GHL_id_5,192,GHL,0.0080298621880821,0.3279393262892359,0.0073800598208157,0.300293951445476,0.0233757141751548,0.1318624194992347,ok
GHL_id_5,336,GHL,0.0083237457647744,0.3410362396473136,0.0075338962431089,0.3152736964418859,0.0247130310547765,0.1276809932608148,ok
GHL_id_6,96,GHL,0.0071698521954895,0.3197808420567121,0.0063450023154867,0.2932358606275762,0.0207461421635156,0.2205380826070481,ok
GHL_id_6,192,GHL,0.0066448116244873,0.2879834500514006,0.0059692905866513,0.2602918733805816,0.0204615627208012,0.1903827281648675,ok
GHL_id_6,336,GHL,0.0072852125952192,0.3626395359993289,0.0065561072169046,0.3421267358850109,0.0211116124878343,0.0708848425796236,ok
GHL_id_7,96,GHL,0.0067162244991616,0.3995988697218273,0.0061199650748066,0.3735513248542589,0.0193930677908743,0.0719025453104882,ok
GHL_id_7,192,GHL,0.0071651905114441,0.4335724604918046,0.0065872142520719,0.4098916078774238,0.0196694194983197,0.1046910225132021,ok
GHL_id_7,336,GHL,0.0074695170970085,0.465860235993093,0.0069690012146915,0.4486067879898492,0.0207811487526647,0.0821877954760346,ok
GHL_id_8,96,GHL,0.0039964306591474,0.2868791378389227,0.0036459151978651,0.2594739017923005,0.0130527841348276,0.0116121848405312,ok
GHL_id_8,192,GHL,0.0037883575987803,0.2399444109077841,0.003422286079065,0.2098613517752799,0.0124610018285029,0.0116121848405312,ok
GHL_id_8,336,GHL,0.0048334366591671,0.4219336472251512,0.0044635431855325,0.3957585663028704,0.01581248452539,0.0116121848405312,ok
GHL_id_9,96,GHL,0.0090531523838629,0.3864050826067869,0.0084252927125235,0.3628890739416081,0.0261844958256559,0.2607794361525705,ok
GHL_id_9,192,GHL,0.0084066086478823,0.3386140391416489,0.0078443203209314,0.3152113236254134,0.0254302943502663,0.1640905237070371,ok
GHL_id_9,336,GHL,0.0084229674201792,0.332778496328485,0.0077681718908416,0.3099030779469706,0.0258073198561316,0.1134508725255895,ok
Genesis,96,Genesis,0.0876678636822654,0.9706984012495828,0.0277613396705979,0.9161682127396412,0.0876699568585046,0.1545893719806763,ok
Genesis,192,Genesis,0.0541213829434106,0.939957270767003,0.0155995226633931,0.7813976499690785,0.062429270632421,0.1302578018995929,ok
Genesis,336,Genesis,0.0597345239207167,0.9310081563196748,0.0110033117430347,0.7327247990105134,0.0390008104680421,0.1540930979133226,ok
LTDB_id_1,96,LTDB,0.6345647628816332,0.9347782622781888,0.4599869466036526,0.8773319736270508,0.5746990234017211,0.8152732144566015,ok
LTDB_id_1,192,LTDB,0.5456705661441881,0.9037490408312104,0.372363197346778,0.8357462527693991,0.4943539362080795,0.8236336198412177,ok
LTDB_id_1,336,LTDB,0.5501417730273668,0.8990862959896971,0.3762708647760049,0.8309804711983131,0.4798542952669642,0.8154775661131104,ok
LTDB_id_2,96,LTDB,0.1613394738633126,0.4911845512081929,0.119050619760433,0.4018199170076308,0.2587020494871929,0.4461219792865362,ok
LTDB_id_2,192,LTDB,0.2019705036884888,0.585091521983874,0.1489627487439153,0.4993431604742239,0.2587200698362873,0.4795163814972742,ok
LTDB_id_2,336,,,,,,,,
LTDB_id_3,96,LTDB,0.5841319052557925,0.751168989776753,0.4853379512043096,0.6769893731144763,0.5348633286664823,0.9003149262573664,ok
LTDB_id_3,192,LTDB,0.5918570673855061,0.7703333949113951,0.4820188174771087,0.6973977832635316,0.5515427302378729,0.8814141621764473,ok
LTDB_id_3,336,,,,,,,,
LTDB_id_4,96,LTDB,0.532684022377373,0.8786281450954936,0.3900725220532559,0.7883061673266963,0.4744527800959754,0.924697241023462,ok
LTDB_id_4,192,LTDB,0.4282241310781106,0.8395708292878516,0.2964041453427624,0.7461916535070492,0.4336435527342271,0.7460980979000222,ok
LTDB_id_4,336,LTDB,0.4049773929459744,0.8241288913423266,0.2752603231613756,0.7299633352842161,0.4192592945921236,0.7271688311688311,ok
LTDB_id_5,96,LTDB,0.0061252503273318,0.5023114246196836,0.0058679102360022,0.568637420956026,0.013217422917165,0.0744233902083511,ok
LTDB_id_5,192,LTDB,0.0063268909341693,0.5394107263783502,0.0059534924696035,0.5776819472992075,0.0130551454232897,0.0695040999609527,ok
LTDB_id_5,336,LTDB,0.0077179960545257,0.5391066327763294,0.0093239468144786,0.6238727355322597,0.0407376998840485,0.1377708978328173,ok
MITDB_id_1,96,MITDB,0.4066609875227081,0.812200622908942,0.4118385266108751,0.8108993742311111,0.4338184288791346,1.0,ok
MITDB_id_1,192,MITDB,0.4788105472139303,0.8373326961612335,0.4831154044049155,0.8359948378187037,0.4636582544531129,1.0,ok
MITDB_id_1,336,MITDB,0.5854061175943396,0.8656715492938283,0.5890076412525573,0.8645226485265081,0.5181352416722677,1.0,ok
MITDB_id_10,96,MITDB,0.0347698747089526,0.7771717541706427,0.1547234240872957,0.6957994566991336,0.246680715459981,0.6666666666666666,ok
MITDB_id_10,192,MITDB,0.0327579892027505,0.7956179291258347,0.1321097788684303,0.712311597863154,0.2148967916916818,0.6666666666666666,ok
MITDB_id_10,336,MITDB,0.0228477212582462,0.7509305784518685,0.090052223475329,0.6671785169459848,0.1519566121147462,0.6666666666666666,ok
MITDB_id_11,96,MITDB,0.2315488618736927,0.9006457888353732,0.2392155935842058,0.8754388232344338,0.5016140803015123,0.9176717357105402,ok
MITDB_id_11,192,MITDB,0.2151714769984781,0.8950510821242678,0.1914254122064101,0.8770909992239269,0.4300153473991832,0.9817671809256662,ok
MITDB_id_11,336,MITDB,0.1519588362389184,0.8824124419866177,0.164851555441602,0.8630287958927826,0.3457411020892569,0.9889799378355468,ok
MITDB_id_12,96,MITDB,0.0720127744747839,0.6908014540631594,0.0508692879460616,0.6005434773829248,0.1070892998597175,0.6284146567249592,ok
MITDB_id_12,192,MITDB,0.0793413988321718,0.7229240636385965,0.0601697642927559,0.649325946444596,0.1296720871449652,0.7111029614009352,ok
MITDB_id_12,336,MITDB,0.0797615784827196,0.7344799770860535,0.060562671290385,0.6643705237222138,0.1304135481967344,0.7166025288620121,ok
MITDB_id_13,96,MITDB,0.0514597780313689,0.7270748144727985,0.0586761313257245,0.6320524889502598,0.0718608202437353,0.7907884465261514,ok
MITDB_id_13,192,MITDB,0.0573352399570334,0.7832629449890791,0.0647787923056933,0.7076370471164922,0.0988600777911124,0.491308145268081,ok
MITDB_id_13,336,MITDB,0.0525026243353643,0.762026227197794,0.0619500096062935,0.6844339956316764,0.0897089714814632,0.4739605856551553,ok
MITDB_id_2,96,MITDB,0.0138520744546633,0.8083501376167888,0.0193236330052767,0.7829179939037239,0.0707914875017791,0.8941076003415884,ok
MITDB_id_2,192,MITDB,0.0223615854079433,0.815946352770634,0.027270873935627,0.7923699891461787,0.1128502441817624,0.6561743341404358,ok
MITDB_id_2,336,MITDB,0.0078532825248915,0.7888116727273949,0.0068363033195747,0.7632727506556807,0.0268618198995984,0.6364741641337386,ok
MITDB_id_3,96,MITDB,0.0605265928699368,0.7588823546382082,0.0639943174326191,0.6795027952107509,0.1026622809068814,0.7980660180266221,ok
MITDB_id_3,192,MITDB,0.0748023596283664,0.7701511428500606,0.0558401325922795,0.6858167009402609,0.1087966002058839,0.838702559576346,ok
MITDB_id_3,336,MITDB,0.0718371728963672,0.7941290013702975,0.0678821436326445,0.7127961122192095,0.1091924458135225,0.7640583159773877,ok
MITDB_id_4,96,MITDB,0.0955314818713743,0.6303017674168807,0.1083179889347547,0.590502944438978,0.1358594042413626,0.7413281281769754,ok
MITDB_id_4,192,MITDB,0.1191754325748639,0.6200033901664861,0.1382484712343719,0.577566544934307,0.1595704242254204,0.7361260601885736,ok
MITDB_id_4,336,MITDB,0.0834557008151061,0.6080222112420226,0.1061690511328887,0.5713384367342682,0.1140671594600423,0.680546833486305,ok
MITDB_id_5,96,MITDB,0.0386352183522751,0.8990737417975592,0.064711493498264,0.8236636920821605,0.0777753858760296,1.0,ok
MITDB_id_5,192,MITDB,0.1342881290153554,0.9354681713835986,0.1454833483954348,0.8903546005052527,0.2634417640699368,1.0,ok
MITDB_id_5,336,MITDB,0.2035282314075522,0.9326148683721384,0.1846180329341124,0.8925566896822914,0.3018133013185901,1.0,ok
MITDB_id_6,96,MITDB,0.1906985196789759,0.9273575033755016,0.3500122658313753,0.9066852144176112,0.4893218920839814,1.0,ok
MITDB_id_6,192,MITDB,0.1873267152811656,0.8621496570542133,0.4077326271971613,0.8188932928374955,0.5315566110640113,1.0,ok
MITDB_id_6,336,MITDB,0.1899014144781895,0.9168724497017378,0.3784838814608774,0.8814476531247624,0.5065452222142924,1.0,ok
MITDB_id_7,96,MITDB,0.42286484080059,0.9459680463943214,0.3564685264169329,0.8996450757339044,0.4313892503213374,0.8404562737642586,ok
MITDB_id_7,192,MITDB,0.4823028897101106,0.954460371827998,0.4201778937400939,0.918288365957688,0.4501371007540771,0.9156626506024096,ok
MITDB_id_7,336,MITDB,0.5160276531475886,0.9544157122937394,0.4356102936143365,0.920041525940886,0.4563330366806645,0.9362887903736542,ok
MITDB_id_8,96,MITDB,0.2464271826885884,0.7412275679053579,0.2544338412750966,0.7375910665407263,0.2998230355325656,0.9607311098549086,ok
MITDB_id_8,192,MITDB,0.2068424485381984,0.7520715780445484,0.2035106624118814,0.7487573806904091,0.3416691222079626,0.87505748346245,ok
MITDB_id_8,336,MITDB,0.2214767969810585,0.752418379912667,0.2159355117915897,0.7491564749425775,0.3746239584568491,0.8369535796454188,ok
MITDB_id_9,96,MITDB,0.0207150010982274,0.7904214471604184,0.0265045577706864,0.7530755515492938,0.0580813380692262,0.9988465974625144,ok
MITDB_id_9,192,MITDB,0.0280053023999882,0.7823470062435771,0.0455795668988519,0.7372675648606968,0.066970661329653,1.0,ok
MITDB_id_9,336,MITDB,0.0239680569721724,0.8056742675462963,0.0307658603026534,0.7671092272959931,0.0735247861474098,0.9954022988505749,ok
MSL_id_1,96,MSL,0.055188804900104,0.8738883078652636,0.0072444014539938,0.5555166199439328,0.017241007201848,0.1170212765957446,ok
MSL_id_1,192,MSL,0.0178910599714044,0.7721709862722003,0.0068108209587059,0.4979475370444533,0.0170931211661064,0.1476510067114094,ok
MSL_id_1,336,,,,,,,,
MSL_id_10,96,MSL,0.2579107117743429,0.9372636883189388,0.1431091391207679,0.890169181995015,0.3820183175303441,0.6822916666666666,ok
MSL_id_10,192,MSL,0.1701111410183356,0.9134760618200632,0.1053917849732945,0.8636146809405849,0.3155856131802753,0.5282258064516129,ok
MSL_id_10,336,MSL,0.1298211962129199,0.9001817229829748,0.0830429846418345,0.8502479093637739,0.2499967742090522,0.4433164128595601,ok
MSL_id_11,96,MSL,0.4608287376783436,0.9616217534149902,0.3434729205291091,0.8941051769410518,0.4476487962006514,0.9758454106280192,ok
MSL_id_11,192,MSL,0.2727504815912737,0.9191493041334096,0.1327109920469637,0.8267158102671581,0.2810557953930811,0.6273291925465838,ok
MSL_id_11,336,MSL,0.0747708232236557,0.2530248460139113,0.0469767441860465,0.1068126520681265,0.0897370371629058,0.0895390070921985,ok
MSL_id_12,96,MSL,0.0460830757055569,0.837490902890565,0.0207818807056332,0.7315412689500281,0.0624993945371154,0.4126984126984127,ok
MSL_id_12,192,MSL,0.091685318484581,0.9224531992172312,0.0397363044158919,0.8640160022459292,0.1039490813158985,0.6265060240963856,ok
MSL_id_12,336,MSL,0.0437340574108836,0.7773774474262656,0.0130129593283759,0.5675007018528916,0.044749992805578,0.1397849462365591,ok
MSL_id_13,96,MSL,0.4560392634881125,0.9335177418372784,0.2386082473941397,0.8866465236493771,0.4949651878704937,0.9329896907216496,ok
MSL_id_13,192,MSL,0.2365146043932569,0.908392481082352,0.1584564043468325,0.8628081307597315,0.4098030254321305,0.6921606118546845,ok
MSL_id_13,336,MSL,0.1770215060708532,0.8990527635032012,0.1217573584877372,0.8542431480605112,0.33283850516804,0.6033333333333334,ok
MSL_id_14,96,MSL,0.2423383428610123,0.727325937806234,0.2351428740631324,0.7185057467449494,0.4029147814977145,0.9933993399339934,ok
MSL_id_14,192,MSL,0.2090800360573401,0.744218915802901,0.2018810828260755,0.7382750140225223,0.4054020404096316,0.8775510204081632,ok
MSL_id_14,336,MSL,0.3118790282488519,0.7902516704283908,0.299557143365749,0.7847103063049907,0.3991875939986384,0.9868852459016394,ok
MSL_id_15,96,MSL,0.2836688570531654,0.8143578356519612,0.2419438378277457,0.8271042029616725,0.4988084463832796,0.6778242677824268,ok
MSL_id_15,192,MSL,0.1675703708257797,0.5137335299280023,0.1995600407808404,0.7156876088850174,0.5046683538029976,0.680672268907563,ok
MSL_id_15,336,,,,,,,,
MSL_id_16,96,MSL,0.3152603410980918,0.7808800279240984,0.233641731765912,0.6943077359896836,0.3049718005653479,1.0,ok
MSL_id_16,192,MSL,0.5707941879205933,0.9253544344406592,0.4382608981471833,0.8859802193381997,0.5399012161830105,0.9972451790633609,ok
MSL_id_16,336,,,,,,,,
MSL_id_2,96,MSL,0.1304854852032217,0.7729223302285216,0.114254696753804,0.7413235613982037,0.3021213674571504,0.6137281292059219,ok
MSL_id_2,192,MSL,0.263659922693109,0.7200976261445253,0.278259062962033,0.669856338760418,0.3054709977493823,0.7487684729064039,ok
MSL_id_2,336,MSL,0.0624644965343973,0.3332761713927052,0.0527210116995836,0.3083577366458178,0.1258377323206818,0.3389355742296919,ok
MSL_id_3,96,MSL,0.1133566687687116,0.4310287593826633,0.0787247885491216,0.4229103508012126,0.145957633673806,0.1448234590065829,ok
MSL_id_3,192,MSL,0.075423896059528,0.1159463173530821,0.0523809523809523,0.1089216110870506,0.0995465653946274,0.0949019607843137,ok
MSL_id_3,336,MSL,0.0916513413453496,0.3259482232123962,0.0636507101525512,0.3172368990905153,0.1196823564977265,0.1196243203163618,ok
MSL_id_4,96,MSL,0.1326045639218313,0.907689810163752,0.0554046912080677,0.8201966198864329,0.1263393327566203,0.6425339366515838,ok
MSL_id_4,192,MSL,0.2605091857751674,0.9157685200965702,0.1962632674835633,0.8328899088352857,0.2666622876002567,1.0,ok
MSL_id_4,336,MSL,0.490123206907846,0.9804078435870368,0.2184620861506153,0.9250423459887944,0.3348792974083505,0.993006993006993,ok
MSL_id_5,96,MSL,0.1291530803550524,0.4804555212010465,0.1190179621956143,0.4689891792029559,0.200679156884699,0.9266155531215772,ok
MSL_id_5,192,MSL,0.0844175079110383,0.3266930520161153,0.075236082875298,0.3946956807168057,0.1751348785296131,0.4010840108401084,ok
MSL_id_5,336,MSL,0.0821695604214837,0.3295327379471,0.0703486083589234,0.3777811980419753,0.1820130379701542,0.3323353293413174,ok
MSL_id_6,96,MSL,0.7371851672736608,0.9455666087928036,0.2961169829421689,0.7921941761894978,0.5689100214564453,0.917933130699088,ok
MSL_id_6,192,MSL,0.7630367863646973,0.9432214834880012,0.3709603888737202,0.7890400951141597,0.4910438524538541,1.0,ok
MSL_id_6,336,MSL,0.802857179697369,0.9417692392210256,0.4695190275461233,0.8098050475834224,0.5481432184256797,1.0,ok
MSL_id_7,96,MSL,0.4738087633283844,0.9168115258021846,0.348071705509379,0.890832780345889,0.4748820607670004,0.9481132075471698,ok
MSL_id_7,192,MSL,0.5028322107837261,0.9049438132490484,0.3905838977722887,0.918780203424398,0.5012682112869765,0.9370629370629372,ok
MSL_id_7,336,MSL,0.5327851506784655,0.8942650537743447,0.4504650663850401,0.9213126984662564,0.5217349916746318,0.9481132075471698,ok
MSL_id_8,96,MSL,0.1606430661256549,0.8927956456544803,0.0123904164898628,0.5488368186780885,0.0552977910467899,0.1875,ok
MSL_id_8,192,MSL,0.0465444230561136,0.850605556407582,0.0101067488334706,0.6515831023767531,0.0322317382042172,0.0956719817767653,ok
MSL_id_8,336,MSL,0.0354416006574462,0.8166108768331016,0.0090815931069057,0.6088687326782565,0.0301504568095711,0.0612244897959183,ok
MSL_id_9,96,MSL,0.0961397164734703,0.8388376325615795,0.0783804418210465,0.8034572099425149,0.1510776189273124,0.9857142857142858,ok
MSL_id_9,192,MSL,0.1248667617766644,0.8872073182429617,0.0983258843769608,0.8668191509459423,0.2317268979391933,0.8117647058823529,ok
MSL_id_9,336,MSL,0.0397718474825547,0.5596773170211639,0.0333300244130276,0.5449761152943082,0.1146168597164802,0.0603938730853391,ok
OPPORTUNITY_id_1,96,OPPORTUNITY,0.0202496693467376,0.22946409703785,0.019448743236141,0.2686554331880028,0.0580019306678708,0.2830917874396135,ok
OPPORTUNITY_id_1,192,OPPORTUNITY,0.0223545599391391,0.226964596252021,0.0229859597855603,0.2700901861232927,0.0602610517503695,0.2735760971055089,ok
OPPORTUNITY_id_1,336,OPPORTUNITY,0.0565700215201311,0.2599392287912238,0.073722400741269,0.3927764893531589,0.164058333254783,0.5236818588025023,ok
OPPORTUNITY_id_2,96,OPPORTUNITY,0.0888101043127226,0.4494086854756833,0.0847713688895922,0.4412367101208214,0.2074896793897011,0.1666074600355239,ok
OPPORTUNITY_id_2,192,OPPORTUNITY,0.0928168198880361,0.4023985071286724,0.0891944319793824,0.3956950355222153,0.2044891168820943,0.1666074600355239,ok
OPPORTUNITY_id_2,336,OPPORTUNITY,0.1069729887621628,0.2751528076065239,0.1047484982540446,0.2677223756109108,0.2044891168820943,0.1666074600355239,ok
OPPORTUNITY_id_3,96,OPPORTUNITY,0.0090579592992451,0.33027037701901,0.0083068210851084,0.3217411350307226,0.0272120598426085,0.0232435287902799,ok
OPPORTUNITY_id_3,192,OPPORTUNITY,0.0104464537135538,0.3819063016716249,0.0094003519135677,0.3807834255447466,0.0339258629574643,0.0232435287902799,ok
OPPORTUNITY_id_3,336,OPPORTUNITY,0.0102571183108549,0.4014817717784031,0.009495394181666,0.3988668047652761,0.0359121514079287,0.0232435287902799,ok
OPPORTUNITY_id_4,96,OPPORTUNITY,0.0513048007936139,0.4569778062788538,0.0440806944537795,0.4140700683261256,0.1073680582925294,0.5090063916327716,ok
OPPORTUNITY_id_4,192,OPPORTUNITY,0.044828181302695,0.2974832477885307,0.0397263309089078,0.2535432453753311,0.09065421061255,0.3057591623036649,ok
OPPORTUNITY_id_4,336,OPPORTUNITY,0.0499977034751954,0.0883514213675104,0.0467665948846071,0.0434050770499765,0.091439628453984,0.2607142857142857,ok
OPPORTUNITY_id_5,96,OPPORTUNITY,0.7957777477591715,0.9782557645198716,0.7541443221951211,0.9732121794871796,0.6616491831452116,1.0,ok
OPPORTUNITY_id_5,192,OPPORTUNITY,0.9032804557978694,0.993701258039952,0.7920909128193672,0.9883759615384616,0.8884372172700583,1.0,ok
OPPORTUNITY_id_5,336,OPPORTUNITY,0.965489392214561,0.9979633968146756,0.9241521492251786,0.9955448717948718,0.9356675353365078,1.0,ok
OPPORTUNITY_id_6,96,OPPORTUNITY,0.0167293770911218,0.215769927813384,0.0151853084480367,0.1789015653325895,0.0439053278049195,0.0420890390657418,ok
OPPORTUNITY_id_6,192,OPPORTUNITY,0.0199597464515972,0.1309212712610576,0.0184163616969193,0.1016733196206944,0.0436462196479701,0.0420890390657418,ok
OPPORTUNITY_id_6,336,OPPORTUNITY,0.0271447037633825,0.0991989501205454,0.0236052929051133,0.0966893564356435,0.0461214150838239,0.0420890390657418,ok
OPPORTUNITY_id_7,96,OPPORTUNITY,0.0291655902553314,0.3031893668359869,0.0258679078150582,0.2583178804830793,0.0745255215823737,0.6097201767304861,ok
OPPORTUNITY_id_7,192,OPPORTUNITY,0.0394146222829928,0.212693611412242,0.031879991586726,0.3362959945182082,0.0849856842841853,0.5271646859083192,ok
OPPORTUNITY_id_7,336,OPPORTUNITY,0.0406663260875651,0.2328668245471162,0.0360600098107926,0.4082443365430626,0.0892581174772282,0.4840218238503507,ok
OPPORTUNITY_id_8,96,OPPORTUNITY,0.0153932360491945,0.1786550858086033,0.0146981613215778,0.2260886729426055,0.0456133332800131,0.1050390347764372,ok
OPPORTUNITY_id_8,192,OPPORTUNITY,0.0165022413917537,0.1919048267636412,0.0156075457946188,0.2105102338293349,0.045859331061487,0.045301344543906,ok
OPPORTUNITY_id_8,336,OPPORTUNITY,0.0191203350668687,0.091924375331759,0.0182734551534152,0.109213999392651,0.0477716964926423,0.045301344543906,ok
PSM,96,PSM,0.1207587990853741,0.5007995416657739,0.1012630953971136,0.4820903268227513,0.2019272973408174,0.5435485590419672,ok
PSM,192,PSM,0.1206995554721058,0.5031767082884561,0.1010446105743028,0.4958197039550849,0.2156210472399493,0.4610576628469882,ok
PSM,336,PSM,0.1243875401393664,0.5089717139505276,0.1023986066138296,0.500491866998519,0.2152904039064332,0.4136791494548655,ok
SMAP_id_1,96,SMAP,0.8572025883604316,0.977816168911113,0.8531671510831926,0.9754377490671624,0.8907513193591394,1.0,ok
SMAP_id_1,192,SMAP,0.724072172900354,0.9637079198835016,0.7213083639572039,0.961161002853386,0.8571379074929819,1.0,ok
SMAP_id_1,336,SMAP,0.7023418480921709,0.9552493995871076,0.6999758906520773,0.9526998930735416,0.8240914351711058,1.0,ok
SMAP_id_10,96,SMAP,0.1796256898369304,0.9692780798929324,0.1081268559422336,0.8822104491536719,0.1858951530934504,1.0,ok
SMAP_id_10,192,SMAP,0.0067491644226797,0.537713386727063,0.0044610646600225,0.4165533786485406,0.0133514525442277,0.0320062451209992,ok
SMAP_id_10,336,SMAP,0.006644751121937,0.5392197550603952,0.0047211563015889,0.4520791683326669,0.0143644910128948,0.0407757334659373,ok
SMAP_id_11,96,SMAP,0.0714317576259347,0.8774988338339269,0.0519509030251356,0.8167106883620364,0.1291145794984517,0.0281755734078472,ok
SMAP_id_11,192,SMAP,0.0469728814658287,0.8490537063176101,0.034555357004207,0.8089580520102801,0.0899286731519284,0.0281755734078472,ok
SMAP_id_11,336,SMAP,0.0407722386180947,0.8273430982558122,0.0322650353616542,0.7989185314837621,0.087202710334376,0.0281755734078472,ok
SMAP_id_12,96,SMAP,0.126280187771238,0.7539698750085246,0.1298698008286455,0.7420444223617917,0.2828232875078801,0.9532710280373832,ok
SMAP_id_12,192,SMAP,0.1097063861325943,0.7667237418642276,0.1020578940060069,0.7563394897354481,0.2626212673126466,0.85,ok
SMAP_id_12,336,SMAP,0.1245777273650796,0.7567705446316272,0.1182211080129092,0.7462030344670534,0.2812460986869297,0.8429752066115702,ok
SMAP_id_13,96,SMAP,0.1548391621226753,0.9534815732334384,0.0755202025773311,0.8751341122403291,0.2457117961068579,0.3517241379310344,ok
SMAP_id_13,192,SMAP,0.1128331446468735,0.9368136029987414,0.0589881603225773,0.8690980054236257,0.1999979092700983,0.2622107969151671,ok
SMAP_id_13,336,SMAP,0.0844475382870504,0.9192894571590244,0.0447679081774199,0.8408858588674591,0.150875563637171,0.2198275862068965,ok
SMAP_id_14,96,SMAP,0.5780794150950745,0.9131668081399208,0.8217012760843165,0.9086019873043872,0.8805411240945129,0.9139966273187184,ok
SMAP_id_14,192,SMAP,0.4741208492570101,0.8941618787201719,0.7102319301051954,0.9235435833871616,0.7926981740588421,0.9139966273187184,ok
SMAP_id_14,336,SMAP,0.1311630359548039,0.6281808419782102,0.1729630195791033,0.763783499043237,0.3110695798470884,0.9093959731543624,ok
SMAP_id_15,96,SMAP,0.2968513276922398,0.9861817717751316,0.3162208841155723,0.9637000316499952,0.3592782660109933,1.0,ok
SMAP_id_15,192,SMAP,0.2147620041892031,0.976090380110066,0.151140595285179,0.9491943972148004,0.2685159298089078,0.9496402877697842,ok
SMAP_id_15,336,SMAP,0.1846236736577468,0.9718100337059424,0.1212698812446185,0.9442481654043472,0.2249976281500032,0.9295774647887324,ok
SMAP_id_16,96,SMAP,0.0633342997685239,0.580312715194134,0.0545006812897826,0.5576343802360774,0.1778094179983153,0.4492753623188406,ok
SMAP_id_16,192,SMAP,0.0637205242389161,0.6069531011509576,0.0553056505973186,0.5873292169532459,0.1742178876868063,0.4410569105691057,ok
SMAP_id_16,336,SMAP,0.0605620540573862,0.5967725356655834,0.0530633766271321,0.5785861404411163,0.1663603595951579,0.4246575342465753,ok
SMAP_id_17,96,SMAP,0.1666706905423293,0.824021091584354,0.153316477764038,0.7995955355845665,0.3401480924128644,0.1151967086654667,ok
SMAP_id_17,192,SMAP,0.1803608835878165,0.8353496823819374,0.1574263912661951,0.8110860608953738,0.3852466974381241,0.1151967086654667,ok
SMAP_id_17,336,SMAP,0.6745336583793995,0.9454512112972252,0.6102798898999945,0.9244833284904838,0.6879312483643101,1.0,ok
SMAP_id_18,96,SMAP,0.8426674232716042,0.8991151416384532,0.8304325053913248,0.8783367212495624,0.8902771820029315,1.0,ok
SMAP_id_18,192,SMAP,0.7300531627384005,0.9044350335352812,0.6457134294789029,0.8670722133179686,0.7732190521463503,1.0,ok
SMAP_id_18,336,SMAP,0.2712407120501941,0.9089434449685964,0.2424990825132606,0.8885079946581644,0.437307373602563,0.9957446808510638,ok
SMAP_id_19,96,SMAP,0.0830920614724616,0.9002500447500513,0.0393066932853904,0.7334264167278499,0.1369814150739061,0.8985507246376812,ok
SMAP_id_19,192,SMAP,0.0538003349254833,0.9198887843414604,0.0180641120438449,0.8246495579953401,0.07430167033354,0.2897196261682243,ok
SMAP_id_19,336,SMAP,0.0472728303757161,0.8640340314552902,0.0128521853542078,0.6860854471610273,0.0593594152832057,0.1943573667711598,ok
SMAP_id_2,96,SMAP,0.7667064466772964,0.9162275730129856,0.7413724559309535,0.9039122181751614,0.721867261078353,1.0,ok
SMAP_id_2,192,SMAP,0.7229550373643954,0.8447159708826202,0.6978117401231893,0.8211550447333604,0.7356899096435127,1.0,ok
SMAP_id_2,336,SMAP,0.3737166979123897,0.8543700145051699,0.326795304402511,0.8400124043417633,0.546920566716036,0.9088256746900072,ok
SMAP_id_20,96,SMAP,0.1346345186955636,0.9213003718225996,0.113874988020385,0.9037360194269792,0.237532690015595,0.0443384982121573,ok
SMAP_id_20,192,SMAP,0.0535142081879681,0.7645473353788609,0.0459838074635412,0.7383184023964589,0.1151175897816943,0.0443384982121573,ok
SMAP_id_20,336,SMAP,0.0647472767723507,0.832625108179957,0.0537978861092566,0.807262858238565,0.1153614330637329,0.420814479638009,ok
SMAP_id_21,96,SMAP,0.1131131824815104,0.9215774525362702,0.031511397281604,0.7416212411644902,0.1018047051441819,0.4063745019920319,ok
SMAP_id_21,192,SMAP,0.0056008654426012,0.3134901043394072,0.0040652780929447,0.2293688351104189,0.0139361917089201,0.0216790648246546,ok
SMAP_id_21,336,SMAP,0.0052653411545312,0.2776556782414702,0.0039929266184592,0.2123168004472664,0.0143236887115865,0.0228085867620751,ok
SMAP_id_22,96,SMAP,0.5513493471290016,0.75944693924433,0.6113279422579628,0.7298294717093929,0.722007965030865,0.9685279187817258,ok
SMAP_id_22,192,SMAP,0.7147751618514917,0.95068499267698,0.8203413352331088,0.9449460480464418,0.8520130338716502,0.9685279187817258,ok
SMAP_id_22,336,SMAP,0.2605317740845838,0.6640807132226079,0.3615635051253509,0.8393555263634004,0.4583285061734569,0.954,ok
SMAP_id_23,96,SMAP,0.0619541792164518,0.7826359421906856,0.0483085360969728,0.7692324702032152,0.186966785407229,0.2426035502958579,ok
SMAP_id_23,192,SMAP,0.0430707446631181,0.7638415896173248,0.0375253522076974,0.7502653517015678,0.145053305271526,0.2554517133956386,ok
SMAP_id_23,336,SMAP,0.0323535339780269,0.7328979043247194,0.0276188291294472,0.7196172301704884,0.1101823641664757,0.1504587155963302,ok
SMAP_id_24,96,SMAP,0.2180129261904606,0.9788329665391798,0.1025050582275301,0.9245058305412088,0.2318792355550286,0.942528735632184,ok
SMAP_id_24,192,SMAP,0.0448079563343674,0.915493954829698,0.0164211133606692,0.8487248891685077,0.0571419286148613,0.1392190152801358,ok
SMAP_id_24,336,SMAP,0.0255080648294453,0.8333052731821173,0.0092615950228779,0.7484073916923932,0.0314414083201872,0.0382462686567164,ok
SMAP_id_25,96,SMAP,0.0576053264243611,0.5204560217799179,0.0414801101071609,0.5432351684491287,0.1571152672421178,0.6870748299319728,ok
SMAP_id_25,192,SMAP,0.0636172011920518,0.6571474361267636,0.0428474345589197,0.5967582282414481,0.1627075724200246,0.6847457627118644,ok
SMAP_id_25,336,SMAP,0.0574217472323862,0.6495005368302535,0.0366700119220702,0.582072985990626,0.1232052867784359,0.5329815303430079,ok
SMAP_id_26,96,SMAP,0.1047648951726758,0.78539264872386,0.0321805276267016,0.6756342176789847,0.1731808563174687,0.4475138121546961,ok
SMAP_id_26,192,SMAP,0.0904956771778715,0.7255932667971569,0.0268928674772913,0.5843092848537493,0.1380816754518414,0.6585365853658537,ok
SMAP_id_26,336,SMAP,0.0177707381565299,0.619954011049389,0.0105720989752308,0.4982066621510058,0.0264112078777824,0.0221190606226105,ok
SMAP_id_27,96,SMAP,0.0720395777536902,0.7389325393784734,0.0214025459175258,0.5683171176126792,0.0820704365998318,0.8994708994708994,ok
SMAP_id_27,192,SMAP,0.0192397660774533,0.7213994046629891,0.0129616610691266,0.6456093787602709,0.0391512613667234,0.1125827814569536,ok
SMAP_id_27,336,SMAP,0.0451049239813857,0.8245969005168424,0.018744764310047,0.7464255509334067,0.0507609265940149,0.6589147286821705,ok
SMAP_id_3,96,SMAP,0.6937748377205517,0.952571233572391,0.8014595740389433,0.9292074379125672,0.8745469877983394,0.9053803339517624,ok
SMAP_id_3,192,SMAP,0.4742579830814192,0.8228945179016083,0.7874928196679678,0.9014565259083438,0.8073344836598689,0.9053803339517624,ok
SMAP_id_3,336,SMAP,0.1055115280248448,0.6120400247551832,0.1375608262594264,0.7061909053227227,0.2280521147511264,0.8970588235294118,ok
SMAP_id_4,96,SMAP,0.0121478088609214,0.4347614711976535,0.0102388865999769,0.378290044906912,0.0276473910061931,0.0276255707762557,ok
SMAP_id_4,192,SMAP,0.0280604767912902,0.6763336905653325,0.0189020203766054,0.581167618517286,0.0749684141947132,0.3167539267015706,ok
SMAP_id_4,336,SMAP,0.0113090050977237,0.3681820788837115,0.0088211121920161,0.2782889777735524,0.0283668519924683,0.1591058514135437,ok
SMAP_id_5,96,SMAP,0.3016445332293849,0.94063067672727,0.0880013364820762,0.8384141548147532,0.3062465471092433,0.4781144781144781,ok
SMAP_id_5,192,SMAP,0.0189174104540944,0.5854863008185583,0.0066466117393003,0.3289906250496835,0.0288450807973348,0.017498459642637,ok
SMAP_id_5,336,SMAP,0.029072486867176,0.7720096040410641,0.0142262453446626,0.6177980967455303,0.0598967521308267,0.017498459642637,ok
SMAP_id_6,96,SMAP,0.4702972362061149,0.6514366915277648,0.5368036305982526,0.6201061435679044,0.6597656937540292,0.9542600896860988,ok
SMAP_id_6,192,SMAP,0.5752913111890149,0.7713536364575941,0.6904572936401728,0.7489511870682496,0.7801809652026569,0.9542600896860988,ok
SMAP_id_6,336,SMAP,0.5132985036547576,0.6873807193183041,0.9113109507602292,0.9285457318781372,0.9457454668209118,0.9542600896860988,ok
SMAP_id_7,96,SMAP,0.8911244001128465,0.9720455465966882,0.8112624064411587,0.9511623567415096,0.8771880281011976,1.0,ok
SMAP_id_7,192,SMAP,0.5114284345369513,0.9624844059854804,0.4713284030426477,0.9318648723998284,0.5503138748730705,1.0,ok
SMAP_id_7,336,SMAP,0.4318142236814051,0.9550753915122516,0.4054814413431535,0.922825575793088,0.4847635386968643,1.0,ok
SMAP_id_8,96,SMAP,0.12538852167112,0.7256968206468044,0.0644398585564551,0.4954409747438069,0.175434483014271,0.9529411764705882,ok
SMAP_id_8,192,SMAP,0.0670129819201297,0.6971007487052401,0.0324954455305649,0.4967367726562908,0.1360494740102853,0.905027932960894,ok
SMAP_id_8,336,SMAP,0.0754324918155709,0.631191585031891,0.0247236412085078,0.4144496497864861,0.1333304563922888,0.4924012158054711,ok
SMAP_id_9,96,SMAP,0.953378217781378,0.9879536288888342,0.9513156256108096,0.9844643115999364,0.9678406643592724,1.0,ok
SMAP_id_9,192,SMAP,0.2925092311674979,0.9245700416997474,0.2873483709047335,0.9208324981547926,0.4639785626197232,0.9953488372093025,ok
SMAP_id_9,336,SMAP,0.2822197315310662,0.9252945596656827,0.2726052180915534,0.9185600310705953,0.478898474578557,0.9938080495356038,ok
SMD_id_1,96,SMD,0.1196872851423183,0.8147887862166142,0.1353516006537958,0.819837916977995,0.2354668636264931,0.4020100502512563,ok
SMD_id_1,192,SMD,0.0999680534483694,0.7905441512485213,0.0996072538264801,0.8026838356237744,0.1819205446658067,0.399002493765586,ok
SMD_id_1,336,SMD,0.0781764830034043,0.7838799185106784,0.0689887789724971,0.7861396335974418,0.1627006148344341,0.291970802919708,ok
SMD_id_10,96,SMD,0.4026707375908359,0.810128572761747,0.6791774186326416,0.8083661330820225,0.7525078213680357,0.8916619398752127,ok
SMD_id_10,192,SMD,0.2355800600022236,0.6934008369360029,0.542963954994506,0.7123807502094631,0.6436293500422576,0.8916619398752127,ok
SMD_id_10,336,SMD,0.1467019302415701,0.6052238483464845,0.3782491964815669,0.6293434596782808,0.5106643228925447,0.8916619398752127,ok
SMD_id_11,96,SMD,0.0362174170644335,0.3648815985778654,0.0348885812505834,0.3482836887974354,0.0939374060451608,0.0910657977717048,ok
SMD_id_11,192,SMD,0.0389894339583538,0.3678010887133502,0.0378688979716431,0.3602965218928815,0.0943696214521845,0.0910657977717048,ok
SMD_id_11,336,SMD,0.0396804975645296,0.3614387771021757,0.0380716163644338,0.3491949205747218,0.1022437361632804,0.0910657977717048,ok
SMD_id_12,96,SMD,0.1238034442072072,0.6224887155889687,0.1613754430935773,0.7838239103741419,0.2924776839142792,0.4469026548672566,ok
SMD_id_12,192,SMD,0.0905857994906736,0.614082469940302,0.1026684869987737,0.7706547687503704,0.2423690645387052,0.3877159309021113,ok
SMD_id_12,336,SMD,0.0741479144002508,0.5922500454439613,0.1090403262774675,0.7417660192629612,0.2169355900823547,0.4987654320987654,ok
SMD_id_13,96,SMD,0.2029774445680705,0.7161861085838557,0.1501721859562172,0.6504395384880131,0.3040599265408817,0.633505063066264,ok
SMD_id_13,192,SMD,0.2818676961245967,0.8244382506995908,0.221706281200758,0.7853776859954709,0.4038821564985191,0.8606100360774024,ok
SMD_id_13,336,SMD,0.2815648274790847,0.8285119166250455,0.2236765683734741,0.7934118105099801,0.4223784514954335,0.8078958661135746,ok
SMD_id_14,96,SMD,0.1512972761151817,0.7966270541847079,0.1275110088283063,0.788849675562843,0.2097345565744654,0.5146496815286624,ok
SMD_id_14,192,SMD,0.1349781038273482,0.7435808116736994,0.1687966547501213,0.745881531967004,0.206617592538732,0.4107292539815591,ok
SMD_id_14,336,SMD,0.0743546814254308,0.6853443550078986,0.0511205556159709,0.6911692813079026,0.1238893103920793,0.3476702508960573,ok
SMD_id_15,96,SMD,0.1747886232594872,0.6621157089265044,0.2592117853680657,0.8423435538820154,0.353484307672477,0.5470459518599562,ok
SMD_id_15,192,SMD,0.1210554151973889,0.6570994211944811,0.2153410105171942,0.8278156710505612,0.294568851842993,0.5773672055427251,ok
SMD_id_15,336,SMD,0.0975970836402457,0.6214792923994873,0.1483772993653327,0.803408416217482,0.2593200888100014,0.5387931034482759,ok
SMD_id_16,96,SMD,0.6258986437552791,0.9306272063850106,0.6226357489666673,0.9574960782289847,0.7038476438687564,0.3341375150784077,ok
SMD_id_16,192,SMD,0.5358428418400917,0.8637538899123154,0.5771406925764849,0.9487452995971052,0.7145444831819165,0.3258823529411764,ok
SMD_id_16,336,SMD,0.522153838984776,0.8747818475147421,0.5344407774917282,0.9460624871967512,0.7069179809900895,0.3338354926182585,ok
SMD_id_17,96,SMD,0.0383436822274313,0.8668390845903745,0.0410231928202754,0.8498754553926968,0.0992866557721513,0.3733333333333333,ok
SMD_id_17,192,SMD,0.0236215060037839,0.7882304065957921,0.0200348413616778,0.7694442090993815,0.0801255137327438,0.1358024691358024,ok
SMD_id_17,336,SMD,0.0162121809482078,0.7519807376557822,0.013170341486008,0.7317410827755655,0.0542695488090011,0.1142857142857142,ok
SMD_id_18,96,SMD,0.483639688045713,0.9420750352522684,0.195681376972524,0.7826632880847212,0.2896502126889689,0.7306273062730627,ok
SMD_id_18,192,SMD,0.2200996443226116,0.9304653967776816,0.0798865724596206,0.7660211491006634,0.1705833710729603,0.5,ok
SMD_id_18,336,SMD,0.219997421307568,0.9148078532723474,0.0603851575291051,0.7552043347362317,0.1994962477854217,0.48,ok
SMD_id_19,96,SMD,0.0874067454393678,0.699581149644106,0.0478693427480444,0.793231628881353,0.1175587832200771,0.6068965517241379,ok
SMD_id_19,192,SMD,0.0746738695489288,0.6597369306718999,0.0367010977796975,0.7494016127791095,0.0954211747174981,0.0345885865958858,ok
SMD_id_19,336,SMD,0.0761368368958933,0.6420958190088507,0.0443462703187358,0.7827611015702237,0.1174968187875559,0.0345885865958858,ok
SMD_id_2,96,SMD,0.3255122501736984,0.8791441605841995,0.2432033811673014,0.9077889812275092,0.3597119140472766,0.6567815089402529,ok
SMD_id_2,192,SMD,0.291115684089927,0.8493162368326099,0.2262524783897476,0.8898001983864794,0.3460397629898046,0.6004489337822672,ok
SMD_id_2,336,SMD,0.2045829622611975,0.8150718226403219,0.158559738138467,0.8625738625813459,0.3042444653940283,0.5196964221178171,ok
SMD_id_20,96,SMD,0.4007021487691248,0.9851557839545756,0.480849055778148,0.9836752709970972,0.553341261275552,1.0,ok
SMD_id_20,192,SMD,0.2330728840085311,0.9720904769328476,0.1901360245312828,0.969131685355788,0.471490876451939,0.679324894514768,ok
SMD_id_20,336,SMD,0.1728722095680129,0.9613971818129152,0.1353177320614833,0.9577802273299314,0.3829755054538786,0.4522471910112359,ok
SMD_id_21,96,SMD,0.2423869931979958,0.8885248305602031,0.114796412193063,0.8459229010095012,0.2262306903901433,0.1117445838084378,ok
SMD_id_21,192,SMD,0.1917688606311244,0.8173735829343431,0.1004727697087574,0.7989051483197083,0.2333015057324277,0.1037037037037037,ok
SMD_id_21,336,SMD,0.1617984161865368,0.7883553209509256,0.0854657369928465,0.7958328398410096,0.2025028536794187,0.1026178010471204,ok
SMD_id_22,96,SMD,0.0882192239586756,0.5710702963821163,0.0564236973526408,0.6322729699360979,0.1651515966363799,0.0944372574385511,ok
SMD_id_22,192,SMD,0.0783437897775463,0.5328563368137111,0.0491217459747308,0.5844398959408549,0.1484204097955645,0.0846436800194025,ok
SMD_id_22,336,,,,,,,,
SMD_id_3,96,SMD,0.032362970537563,0.6199858970086988,0.0231156499158811,0.6468151486195195,0.0911658629172276,0.0398406374501992,ok
SMD_id_3,192,SMD,0.0256429243545442,0.5576876371795466,0.0191596456124072,0.5807352563024011,0.0759601316975553,0.0296296296296296,ok
SMD_id_3,336,SMD,0.0216717236756532,0.5339628428024371,0.0163994485793533,0.5877673421185464,0.0580975930219309,0.0224569019493258,ok
SMD_id_4,96,SMD,0.6455551609920278,0.9850274781491896,0.5901795883592639,0.956100574965113,0.6345332838374401,0.8538812785388128,ok
SMD_id_4,192,SMD,0.5042805988436878,0.9780788806725392,0.5789595505332589,0.9380074222383852,0.5518875698351084,0.8348993288590604,ok
SMD_id_4,336,SMD,0.357872874836773,0.9664340559287794,0.2562385314349473,0.9156175573249494,0.5136358080012445,0.6757000903342367,ok
SMD_id_5,96,SMD,0.137984061619647,0.7963012110060522,0.1658831021092261,0.7947012109316699,0.2188775536748364,0.3748637849618598,ok
SMD_id_5,192,SMD,0.1284123766814961,0.772349882528702,0.1813240751988967,0.7868877517132554,0.2129782823346931,0.3620071684587813,ok
SMD_id_5,336,SMD,0.1177759759651759,0.7701657423878018,0.1010519512246229,0.7795477198406354,0.2135162363769292,0.3810337462622811,ok
SMD_id_6,96,SMD,0.6138336937832568,0.9629065855641298,0.5524303764163899,0.964141146660522,0.7032442179957743,0.8820179007323027,ok
SMD_id_6,192,SMD,0.545910566605751,0.9454965458698494,0.4966741504386205,0.9550797814824218,0.6531473875473067,0.8494117647058823,ok
SMD_id_6,336,SMD,0.4800874268650161,0.9305309181599872,0.4537486919277679,0.9465484299318244,0.6039744085443244,0.8414918414918415,ok
SMD_id_7,96,SMD,0.393058252403127,0.8968188704472252,0.2947501607165388,0.8497118742856622,0.5138987106220934,0.7654537483559842,ok
SMD_id_7,192,SMD,0.3529546065568707,0.8856877790486902,0.2526099318718033,0.8407095868869977,0.4906922844558712,0.7344771241830066,ok
SMD_id_7,336,SMD,0.3756016008010629,0.865377686647304,0.2875572903850542,0.8690553058693707,0.5451328486652426,0.6909378709932726,ok
SMD_id_8,96,SMD,0.2650461535588461,0.8856830922990238,0.1662821024013094,0.815996765528089,0.3028551292143867,0.1987704918032787,ok
SMD_id_8,192,SMD,0.184204675199085,0.8376472903891446,0.1163578841169651,0.7950057617083663,0.250767963780201,0.164685908319185,ok
SMD_id_8,336,SMD,0.154645530772147,0.7896707993034714,0.0993063833997416,0.7680924280469017,0.2093417468837594,0.1485451761102603,ok
SMD_id_9,96,SMD,0.1617929902434579,0.6128968389673681,0.137623728749155,0.6131196137789676,0.236673227142023,0.183797041465471,ok
SMD_id_9,192,SMD,0.1567823856070266,0.5849415309704218,0.1314691537085473,0.6090895992524875,0.2424025666938687,0.183797041465471,ok
SMD_id_9,336,SMD,0.152952699797268,0.5819257125828694,0.129517981253895,0.6250846647054463,0.2532482156048747,0.183797041465471,ok
SVDB_id_1,96,SVDB,0.0411905087519338,0.6927133422574817,0.0269657936958686,0.6092396922507493,0.0675538380362812,0.5777304533008822,ok
SVDB_id_1,192,SVDB,0.0379851600403367,0.6932481384993834,0.0253132034776772,0.5937449597039962,0.0517961489215712,0.4758612174342511,ok
SVDB_id_1,336,SVDB,0.0410901776972067,0.6837285128228308,0.0242521244889527,0.5844985557095494,0.0545782830380293,0.532777115613826,ok
SVDB_id_10,96,SVDB,0.1901694671140683,0.7194958293631357,0.1253428949552136,0.6123271479375125,0.1847079860416085,0.7092793329362715,ok
SVDB_id_10,192,SVDB,0.1409835275032883,0.6703186762932934,0.0958626441101854,0.5589150642264618,0.1588218706830725,0.6023111279154949,ok
SVDB_id_10,336,,,,,,,,
SVDB_id_11,96,SVDB,0.609036473836839,0.979710310396542,0.358614270615246,0.9217387899509852,0.533328383379275,0.9569620253164556,ok
SVDB_id_11,192,SVDB,0.4037225641081036,0.9682923221343536,0.2191032828599674,0.908196733101396,0.397278727077363,0.7265009096422074,ok
SVDB_id_11,336,SVDB,0.4249969987084041,0.9631476000817888,0.2307287693804294,0.9020769867739852,0.4083284115176588,0.7216867469879518,ok
SVDB_id_12,96,SVDB,0.0586636170957828,0.6950769169501538,0.0409547121526957,0.6062604223313495,0.082090440891769,0.557970582981004,ok
SVDB_id_12,192,SVDB,0.0504440097817348,0.6406808680368474,0.0349422967631868,0.5409465611367862,0.0705056053176128,0.6407549584133078,ok
SVDB_id_12,336,SVDB,0.0496950115726816,0.621039134454273,0.0338121559052917,0.5195977206301783,0.066590084226485,0.6055171737958743,ok
SVDB_id_13,96,SVDB,0.0706519107050925,0.7315198299885088,0.0497999768996331,0.6397842784071406,0.1044161086201917,0.6738519212746017,ok
SVDB_id_13,192,SVDB,0.091485464517766,0.7073503089065895,0.0693443698135436,0.6068558099791665,0.1089022084918699,0.7434049970947124,ok
SVDB_id_13,336,,,,,,,,
SVDB_id_14,96,SVDB,0.2251671119257092,0.7152453655251872,0.1505643956631079,0.6072127871341355,0.313642302175055,0.5908392984580784,ok
SVDB_id_14,192,SVDB,0.1773967881887874,0.6356686516949189,0.1128323309944319,0.5101863153962141,0.2238529112292671,0.7573535680791201,ok
SVDB_id_14,336,SVDB,0.1730807765698175,0.6315402907900227,0.1137938536523865,0.5150143795169407,0.2266943226831395,0.7228011902290499,ok
SVDB_id_15,96,SVDB,0.1715138367016447,0.7168484936018086,0.1124328796124942,0.6154594789260157,0.1810763139326333,0.6155908082949534,ok
SVDB_id_15,192,SVDB,0.1303577703362245,0.6807516841157166,0.0864069561098997,0.5774795837627853,0.1423870637608501,0.4644350487047116,ok
SVDB_id_15,336,,,,,,,,
SVDB_id_16,96,SVDB,0.2290518169970405,0.7771087013063802,0.1544908289377172,0.7201767398857993,0.2515545016115182,0.4675543392453029,ok
SVDB_id_16,192,SVDB,0.1781546227167675,0.7692399603753666,0.1198580438325857,0.6799842110095566,0.2017757643210687,0.6774085781101431,ok
SVDB_id_16,336,SVDB,0.1760723591507988,0.7644634294065527,0.1202561429405842,0.6763401500989894,0.2001361140040395,0.6583345168773375,ok
SVDB_id_17,96,SVDB,0.3661225190970166,0.9158232512891704,0.2608831874200688,0.843846234966732,0.360355360429815,0.9462419113987058,ok
SVDB_id_17,192,SVDB,0.1840852030886585,0.8776137426829698,0.1211469310710555,0.8047332032774306,0.2329385580069899,0.8101427658214362,ok
SVDB_id_17,336,SVDB,0.1471295418697947,0.8246002770165288,0.098920237309432,0.7712628793023188,0.195400854868021,0.7033139274518585,ok
SVDB_id_18,96,SVDB,0.2092040131611312,0.7714155227870907,0.151554692740216,0.6911318912312638,0.2426482967212252,0.7726623840114204,ok
SVDB_id_18,192,SVDB,0.18160947668778,0.7399119453019821,0.1326013653384383,0.6639758641085871,0.2042094347818617,0.723127737488332,ok
SVDB_id_18,336,SVDB,0.1509085585910899,0.6982814625067415,0.110254662072002,0.6195608946474888,0.1727554050865231,0.7478560291060291,ok
SVDB_id_19,96,SVDB,0.2618405366053855,0.8992486915704275,0.2769017349969833,0.8956734127078002,0.3950426798795675,0.9893637012816175,ok
SVDB_id_19,192,SVDB,0.2486981355759457,0.8833544350436071,0.2687505164077238,0.8798004603943655,0.3665826996380797,0.9771354286151258,ok
SVDB_id_19,336,SVDB,0.2386009342232856,0.8758250029203482,0.2615322290205826,0.8724831267972568,0.3526455930335823,0.9771354286151258,ok
SVDB_id_2,96,SVDB,0.0837058081374982,0.7686793817669181,0.0609265421556427,0.685177460832186,0.1297879143830209,0.712873537098057,ok
SVDB_id_2,192,SVDB,0.0772279742106386,0.7520567088688582,0.0582535680996844,0.6747005173641113,0.1204904904382164,0.7311939867013588,ok
SVDB_id_2,336,SVDB,0.0726620405758657,0.7354347473147178,0.0552181818751586,0.6596115357430918,0.1133223026023405,0.7266001114883698,ok
SVDB_id_20,96,SVDB,0.0626082318559873,0.7596631361351323,0.0436189566892007,0.6787414164112151,0.103603483032956,0.5275834011391375,ok
SVDB_id_20,192,SVDB,0.0506333402406379,0.7126657864683212,0.0357689293187078,0.6303267073627183,0.0820793327979926,0.4959974886203108,ok
SVDB_id_20,336,SVDB,0.0476154616795534,0.6962742875719267,0.0337107642863887,0.6136086717693455,0.0771683443010584,0.4585439456808751,ok
SVDB_id_21,96,SVDB,0.1002905253387614,0.8536556880555192,0.0747117211538852,0.7930412150287208,0.1452729342238048,0.9217223827211446,ok
SVDB_id_21,192,SVDB,0.1690403227687274,0.8739584493827287,0.1141474069691391,0.8102761106127964,0.1954968202842036,0.8775899672846238,ok
SVDB_id_21,336,SVDB,0.1360482418102013,0.8615558408811242,0.0910702246106472,0.796332633678653,0.1798188992676556,0.8619627794885527,ok
SVDB_id_22,96,SVDB,0.194300277367668,0.7616084193693099,0.1250384406876831,0.6586055267630155,0.2391521566421886,0.7948693343569075,ok
SVDB_id_22,192,SVDB,0.1952002949316082,0.7418437563548832,0.1144882330247822,0.6235791141243698,0.2087131207069654,0.7912931104111138,ok
SVDB_id_22,336,,,,,,,,
SVDB_id_23,96,SVDB,0.082521886553423,0.9462837846936604,0.0907948294337914,0.9390716786927248,0.1990103296099912,0.9926578560939796,ok
SVDB_id_23,192,SVDB,0.0752121791652265,0.9425821364895728,0.0792520807012945,0.9310474986364584,0.1244549520702012,1.0,ok
SVDB_id_23,336,SVDB,0.0516718556720264,0.9331157648063916,0.0480166661443508,0.9209442348388532,0.0979891484987821,0.9941176470588236,ok
SVDB_id_24,96,SVDB,0.1936619904950012,0.861407785182676,0.1337253852723194,0.7613243393023138,0.1916807257593943,0.8713751169317119,ok
SVDB_id_24,192,SVDB,0.0917883365209927,0.7968127025704741,0.0604639474945027,0.7077216310278076,0.1107042069507757,0.6338076579363443,ok
SVDB_id_24,336,SVDB,0.0828780175581906,0.7920223178087971,0.0527637284512034,0.7072643656986335,0.1034030245320359,0.4822733793291892,ok
SVDB_id_25,96,SVDB,0.1897251494670008,0.8652706076123503,0.1708724710833123,0.8289754839573814,0.2528913959714362,0.7248147243260852,ok
SVDB_id_25,192,SVDB,0.1678001027968546,0.8399596358541541,0.1747469200178616,0.8094077250630666,0.2051431330685355,0.7126050420168067,ok
SVDB_id_25,336,SVDB,0.1697934552063866,0.8091286023067408,0.2029507292548756,0.7814386055448471,0.2200695354376844,0.7033798156464193,ok
SVDB_id_26,96,SVDB,0.2303519370548324,0.6740921535100776,0.1650240128743963,0.5778537908120344,0.2639303483122751,0.5353595837376887,ok
SVDB_id_26,192,SVDB,0.1610816288215407,0.6360329684162649,0.1084653676146058,0.5239800662804956,0.1667397640666918,0.6349721105201712,ok
SVDB_id_26,336,SVDB,0.1464860950139403,0.592844647903323,0.1069156500984384,0.5016493246774414,0.1669567958256535,0.4526115687516973,ok
SVDB_id_27,96,SVDB,0.1177912637508099,0.8481054664776999,0.087067348132276,0.7816953393445286,0.1976130461297735,0.753988035892323,ok
SVDB_id_27,192,SVDB,0.1126020900754525,0.8186893247731662,0.0775087796427907,0.7528930509798406,0.1633272712611223,0.7755149540323519,ok
SVDB_id_27,336,SVDB,0.1132377305270771,0.8064053790850629,0.0778741471502883,0.7419573930624553,0.1463417296728626,0.7279156178832554,ok
SVDB_id_28,96,SVDB,0.2136593308384172,0.7595456086625593,0.1347686015081282,0.6418231274752396,0.2514930102334472,0.6665057449068263,ok
SVDB_id_28,192,SVDB,0.1927945646785612,0.7402461339672922,0.1196219793560456,0.622209517637751,0.244812735168747,0.5251639968469852,ok
SVDB_id_28,336,SVDB,0.1640646603530481,0.6802540718321404,0.1008538144529307,0.5598102545483027,0.2032776371749539,0.4510603588907014,ok
SVDB_id_29,96,SVDB,0.0177061665499335,0.6306719562440586,0.0130650714561018,0.5445197003698782,0.0266369318162281,0.6941540843979869,ok
SVDB_id_29,192,SVDB,0.0163816588435944,0.6193406465739387,0.0114645694552496,0.5317539421850472,0.0240509359035438,0.4063890473474044,ok
SVDB_id_29,336,SVDB,0.015385188380377,0.5922347573910862,0.0107915339376737,0.5009974511080677,0.0235911525727779,0.3285579345088161,ok
SVDB_id_3,96,SVDB,0.1499367104455614,0.7395656614701578,0.0941891356455952,0.6337294589695667,0.1917787480093059,0.535894538606403,ok
SVDB_id_3,192,SVDB,0.1311333818199587,0.6950406590052823,0.0822279690940379,0.5845268268253763,0.1601080454583887,0.5210833225346637,ok
SVDB_id_3,336,SVDB,0.147529853460288,0.6834057716374567,0.0986639178249818,0.6125662736390288,0.163362687047307,0.4806440561836245,ok
SVDB_id_30,96,SVDB,0.1974365886138177,0.7641472724578231,0.1932750744242072,0.769179096266299,0.2799953411817914,0.7896339989363245,ok
SVDB_id_30,192,SVDB,0.0960264348094791,0.7050993864280911,0.0927011794710728,0.7088049703293995,0.1748985132391494,0.678192296026691,ok
SVDB_id_30,336,SVDB,0.0725839680638022,0.6638060357696118,0.0710321325493893,0.6670298625543261,0.1447211033195432,0.6027587075644013,ok
SVDB_id_31,96,SVDB,0.0173811191025121,0.7968579369473122,0.0150441958169025,0.7580113809496375,0.0388783558855151,0.8331936295054484,ok
SVDB_id_31,192,SVDB,0.0251943353345949,0.7720933921204023,0.0259214588800961,0.7296138063721971,0.0804547818927771,1.0,ok
SVDB_id_31,336,SVDB,0.0242940675852644,0.7730982597322432,0.0420119310906522,0.7280776404403931,0.0775813095986767,1.0,ok
SVDB_id_4,96,SVDB,0.1817418315338383,0.7951406524510561,0.1084536651990001,0.6852564341274082,0.1880261021628254,0.8812775166032386,ok
SVDB_id_4,192,SVDB,0.1280655655259794,0.7415206606913695,0.0777602443434748,0.6369353384133727,0.1513244701392258,0.7476550286607608,ok
SVDB_id_4,336,SVDB,0.1251631712011342,0.7242281359936691,0.0765798536011884,0.6217667282749126,0.1456237508119431,0.6678914641040136,ok
SVDB_id_5,96,SVDB,0.1368984873419823,0.6161808901447985,0.1055912339788266,0.5325798365780583,0.1883129254686554,0.735029629936596,ok
SVDB_id_5,192,SVDB,0.1367452471460628,0.6065403790898257,0.1042939903995124,0.5180616844768553,0.182711069890836,0.8049343094975429,ok
SVDB_id_5,336,,,,,,,,
SVDB_id_6,96,SVDB,0.0438266770971952,0.837336344000858,0.0386604958648436,0.8158412943931133,0.0757178994884594,0.8398751847594021,ok
SVDB_id_6,192,SVDB,0.0328072800215469,0.7981391562838196,0.0290627704600604,0.7759959331253085,0.0648856930403368,0.7106725958866037,ok
SVDB_id_6,336,SVDB,0.0367186019232203,0.8170453727254893,0.0328564113377142,0.7941727666333019,0.0715597600591617,0.585527822303641,ok
SVDB_id_7,96,SVDB,0.3132203503240079,0.8303689322849629,0.2366530517820606,0.7707301932438937,0.3815578668066219,0.959272439699486,ok
SVDB_id_7,192,SVDB,0.1833282109076415,0.7955379382864745,0.1222050925299852,0.7392576164742285,0.2375550316494008,0.8471989577517216,ok
SVDB_id_7,336,SVDB,0.1488557431671463,0.763023189128196,0.0948948965185746,0.7009275906340168,0.1922996107829438,0.7966398319915996,ok
SVDB_id_8,96,SVDB,0.3231082146083055,0.7836168718770066,0.3104028053297115,0.740318963281084,0.3291564277052822,0.8809143352381984,ok
SVDB_id_8,192,SVDB,0.2683261261296634,0.7851371052207216,0.2376925850958314,0.7352902668177341,0.2944024195387099,0.8042272740469761,ok
SVDB_id_8,336,,,,,,,,
SVDB_id_9,96,SVDB,0.5735553394796669,0.9397528626933872,0.5173552911187986,0.9224337351424652,0.6175764259642187,0.8498220640569395,ok
SVDB_id_9,192,SVDB,0.318530625111612,0.8988280205306003,0.2847998874659071,0.887190089593823,0.4193861886352899,0.8683325691578786,ok
SVDB_id_9,336,SVDB,0.3518847391669537,0.8858396691756996,0.3200156833490586,0.882337795596494,0.4362533867201248,0.8493241257713782,ok
SWaT_id_1,96,SWaT,0.3308875562227489,0.7434163663986242,0.2539574702200565,0.6813137388313119,0.3811572060994659,0.3479909021986353,ok
SWaT_id_1,192,SWaT,0.3293259868528393,0.7674347957519073,0.2622167146724353,0.7115791323275225,0.3882946274790002,0.3223314606741573,ok
SWaT_id_1,336,SWaT,0.3150053123609558,0.7748909370572349,0.2736011044808182,0.7228416362655421,0.3947021510769633,0.2339084859548907,ok
SWaT_id_2,96,SWaT,0.1060861635571885,0.3937158981378762,0.1013912058734559,0.3831529229464323,0.2227263742201451,0.8518259061737322,ok
SWaT_id_2,192,SWaT,0.095701008033754,0.3365067469814501,0.092472499382248,0.3293336528511972,0.2227283538671689,0.8526160160646115,ok
TAO_id_1,96,TAO,0.805157966842269,0.9449340516427088,0.0554194062376858,0.4967591476240803,0.0947441524676757,0.0944231336677486,ok
TAO_id_1,192,TAO,0.8414380964939945,0.9405003491958648,0.0507433500513014,0.4989169368713039,0.0950645503634631,0.0949410273905838,ok
TAO_id_1,336,,,,,,,,
TAO_id_10,96,TAO,0.9620238868437382,0.9853369594237426,0.0988340781462427,0.5075396180031475,0.1747253732117894,0.1760628465804066,ok
TAO_id_10,192,TAO,0.9617526665841166,0.9844423410634556,0.0953461276228903,0.4993540380699542,0.1737476871647293,0.1740193083221312,ok
TAO_id_10,336,,,,,,,,
TAO_id_11,96,TAO,0.9609069410050064,0.9850863893098332,0.101197133528541,0.5171821821088705,0.1777586746904985,0.1799422203879488,ok
TAO_id_11,192,TAO,0.9627743700636036,0.9837171195382196,0.1002602959480259,0.5123682300501284,0.1775610198040901,0.1777346457784555,ok
TAO_id_11,336,,,,,,,,
TAO_id_12,96,TAO,0.8257824440377889,0.9517576500181396,0.0577571946596746,0.4945514136658884,0.0925210557821091,0.0925219381915299,ok
TAO_id_12,192,TAO,0.8356856781632004,0.9448939077143254,0.0490209485447927,0.4943081732045441,0.0926447707182085,0.0938568887672732,ok
TAO_id_12,336,,,,,,,,
TAO_id_13,96,TAO,0.8322637856715043,0.9204117691415368,0.1414959172528682,0.5088767859873492,0.2494648781146825,0.2521489971346705,ok
TAO_id_13,192,TAO,0.82776338124335,0.915378804561754,0.1426742822188334,0.5102659549552534,0.247145454186395,0.2497219132369299,ok
TAO_id_13,336,,,,,,,,
TAO_id_2,96,TAO,0.6624501913384777,0.8461389184474407,0.140184459817477,0.4946575196966005,0.2451217290188826,0.2451023456030923,ok
TAO_id_2,192,TAO,0.6679936561041581,0.8466763426410722,0.1405319080969223,0.4966007510012308,0.2456212940382958,0.2469372128637059,ok
TAO_id_2,336,,,,,,,,
TAO_id_3,96,TAO,0.3284695840927611,0.750099758278795,0.0512673917782398,0.5107372999076232,0.0947532596459255,0.0966478014801915,ok
TAO_id_3,192,TAO,0.3194100136808824,0.6989893753491668,0.0506862431183195,0.5007523930083139,0.0939790985546709,0.0936482084690553,ok
TAO_id_3,336,,,,,,,,
TAO_id_4,96,TAO,0.9095173091856442,0.9669582954834016,0.0891523079296746,0.4682907218964646,0.1727723283560169,0.1732433203384995,ok
TAO_id_4,192,TAO,0.9152469721182304,0.9679920417146586,0.0959293440158383,0.4886669646691734,0.1727589335232718,0.1729981378026071,ok
TAO_id_4,336,,,,,,,,
TAO_id_5,96,TAO,0.9623580732328983,0.9858367334085644,0.1030376165911725,0.5175569567331381,0.1768779981024989,0.1801290322580645,ok
TAO_id_5,192,TAO,0.9610040088931672,0.9845055869624044,0.0989379646897215,0.5136292098480119,0.1762636419424889,0.178562421185372,ok
TAO_id_5,336,,,,,,,,
TAO_id_6,96,TAO,0.8275777952293422,0.9188671992694528,0.142808737521577,0.5065973443910594,0.2500674959635981,0.251207729468599,ok
TAO_id_6,192,TAO,0.8284802228379138,0.9169305413175668,0.1446406663606971,0.5101897863139162,0.2469958191268373,0.2532330119915353,ok
TAO_id_6,336,,,,,,,,
TAO_id_7,96,TAO,0.7257634345667032,0.8935477749242021,0.0965407899364537,0.5037031119774915,0.1754598840115033,0.1752781211372064,ok
TAO_id_7,192,TAO,0.7161258400975259,0.8825038067441012,0.0948015149122516,0.5121824255916588,0.1761269610736256,0.1786163522012578,ok
TAO_id_7,336,,,,,,,,
TAO_id_8,96,TAO,0.8364232681920287,0.9491770608877804,0.0499270579917893,0.4851761266491267,0.0949970490568021,0.0948824063793277,ok
TAO_id_8,192,TAO,0.8266936883789825,0.9464775067103208,0.0497256694069163,0.479256959729375,0.0933144047815132,0.0931982633863965,ok
TAO_id_8,336,,,,,,,,
TAO_id_9,96,TAO,0.7986478447020127,0.9370214401897766,0.0522145786121628,0.4986401146384883,0.0933574381089136,0.0938231403276686,ok
TAO_id_9,192,TAO,0.8120061855937303,0.9347362412544912,0.0507954034048532,0.4901862440340495,0.0923156332164228,0.0922900544568644,ok
TAO_id_9,336,,,,,,,,
