dataset_id,family,test_length,n_eval_rows,n_anomaly_events,n_eval_anomalies,n_label_pos,n_label_neg,normal_mse,normal_mae,normal_mse_median,normal_mae_median,normal_mse_strict,normal_mae_strict,normal_mse_strict_median,normal_mae_strict_median,n_normal_target,n_normal_strict,sliding_window,auroc_D_w_z,vus_pr_D_w_z,vus_roc_D_w_z,auc_pr_D_w_z,standard_f1_D_w_z,pa_f1_D_w_z,vus_error_D_w_z,status,error
Exathlon_id_16,Exathlon,46655,42582,0,0,2948,43707,0.3742817720482783,0.2517189456879182,0.1861014355880366,0.25054087318936,0.2959825833651427,0.2374923067820189,0.1599295714015245,0.2429120137225031,31757,30801,10,0.9749306618369226,0.5560431892036956,0.9749574348478366,0.5612805834589409,0.7621675080033733,0.9512746047111972,,ok,
Daphnet,Daphnet,38774,35292,0,0,2306,36468,0.311841637004182,0.1315935897494271,0.2123325629524605,0.0970510411250287,0.3015585688307722,0.1178706200862444,0.1839753798053844,0.0864999714747559,26488,25099,58,0.865343552036877,0.1982799145030155,0.8647402481342811,0.178283018442965,0.3190970692913946,0.5738332058148432,,ok,
Exathlon_id_12,Exathlon,46660,42586,0,0,2928,43732,0.7569282675628853,0.2940675910370371,0.395338291361925,0.2856381046411942,0.4093282080930085,0.2742549026239262,0.3324986830401039,0.2773519677189333,31780,30824,27,0.9817434020629376,0.6952525664245134,0.9821957329680222,0.6910677589493888,0.7895048300797791,1.0,,ok,
Exathlon_id_11,Exathlon,46660,42586,0,0,2928,43732,1.113983998746816,0.3103620026521563,0.4232910659154548,0.2965392396857569,0.4138039416607079,0.2811798303354232,0.345871202051105,0.2861049732836627,31780,30824,27,0.9821054323552448,0.6979049237024545,0.9825962624901652,0.6932587187942124,0.7895048300797791,1.0,,ok,
Exathlon_id_10,Exathlon,46660,42586,0,0,2928,43732,0.5351174848858422,0.2833408611140255,0.3945548772397809,0.2859753057436512,0.4040380039538073,0.2696155969570693,0.3260042804084506,0.2779013400443756,31780,30824,27,0.9826777989907728,0.6920657740793574,0.9831760013151504,0.6752049954507746,0.7902430937107843,0.9910306312404806,,ok,
Exathlon_id_1,Exathlon,43066,39262,0,0,5437,37629,1.3098477150773216,0.3414717099470505,0.7497134384053785,0.2718199541922911,0.495407182372771,0.3106462079436619,0.4245458462325439,0.2651174362826151,26576,25907,30,0.983466412662628,0.7958526072365764,0.9838615557172896,0.7910083954307086,0.913349100495592,1.0,,ok,
Exathlon_id_13,Exathlon,43066,39262,0,0,5437,37629,1.2477800631512457,0.3292524907324523,0.5659407213889501,0.2765232099520803,0.5601926688227531,0.3081913093016609,0.3871036541280801,0.2736985252006086,26576,25907,125,0.9812041635323931,0.7649425580829423,0.9828228179352202,0.7394182092352912,0.8821098803188427,0.9912488605287146,,ok,
Exathlon_id_14,Exathlon,46660,44228,0,0,5817,40843,4258.964002967429,2.1128557158911168,0.4598475923694216,0.3989348387997887,0.6497901426937427,0.3428508039519863,0.2344656424419205,0.3216910312880922,34550,32828,125,0.9654638494586146,0.8271594022322477,0.9782348846694516,0.7706308843439198,0.8879890930187716,0.9630794701986756,,ok,
Exathlon_id_2,Exathlon,46656,42876,0,0,3787,42869,0.0961815594972762,0.1622881252333642,0.0713645968125761,0.1544720427878431,0.090419367566817,0.1578903284690682,0.0613826042104905,0.1482755520433144,32085,31224,10,0.8608650898020493,0.4894123343730923,0.8619410216651193,0.4793372533744402,0.6100624400231219,0.9868403908794788,,ok,
Exathlon_id_19,Exathlon,46660,42586,0,0,2928,43732,1.0633186152181469,0.304233516380698,0.4103005554380097,0.2875808985652328,0.4104211041018903,0.2764107242629333,0.3363319477747,0.2767923408374655,31780,30824,27,0.984274006067258,0.7256895859456245,0.9847343237811146,0.72086506379753,0.7901668822593169,1.0,,ok,
Exathlon_id_18,Exathlon,46660,42586,0,0,2928,43732,0.9260170652404816,0.3026383670763637,0.4169952464650399,0.2849837579763701,0.4106141560251746,0.2771411552130217,0.3388436584922779,0.2756327472507558,31780,30824,27,0.9825405918763016,0.7022822318355825,0.9830622599241832,0.6977722609095055,0.7899732907345962,1.0,,ok,
Exathlon_id_20,Exathlon,46650,43406,0,0,3891,42759,0.0801419968413879,0.1349903813222527,0.053374352008516,0.1201405018510408,0.0566357776297683,0.1254983719543798,0.0363982310643569,0.1131162743571506,33761,32613,10,0.8643012231583529,0.4278122321869013,0.8654984141449887,0.4180864215675727,0.5746642000766216,0.9885670731707316,,ok,
CATSv2_id_1,CATSv2,100000,94455,0,0,2000,98000,0.1246690586091035,0.1140484715408551,0.0187632888738864,0.0783767518869419,0.1180644158499418,0.1130380391838811,0.008575544311825,0.0665502005594211,81332,80471,97,0.7438589387755102,0.1969160903936257,0.7647715536824577,0.1859216366031212,0.318252364327642,0.2608695652173913,,ok,
Exathlon_id_21,Exathlon,46649,43979,0,0,4856,41793,1578.0974040200415,1.3565014008380822,0.2608059689914795,0.3399244627590904,0.2049488618056657,0.2461983312876955,0.1743167713028195,0.2970194776197007,34708,33273,125,0.9731962204598952,0.785297622181729,0.9796713140670082,0.733551807041309,0.8732930666810277,0.9646404449741756,,ok,
Exathlon_id_23,Exathlon,46660,42586,0,0,2928,43732,1.038144338084824,0.3241060284566248,0.4356898181951322,0.3033337886854635,0.4235431066739891,0.293765194293454,0.3491354487229439,0.2911835252567658,31780,30824,27,0.9831106390563686,0.706232542588823,0.9835954844889008,0.7023585778283434,0.7905725473399426,1.0,,ok,
Exathlon_id_22,Exathlon,43066,39262,0,0,5437,37629,0.8446011249050481,0.3493741929629544,0.5819560333106119,0.3244394430594237,0.6502965476043799,0.3351874149334953,0.3883194270893476,0.3154392918646498,26576,25907,125,0.9736243524837248,0.7142272217304386,0.975314116149651,0.6929031769357681,0.8579107632865702,0.9941488389102212,,ok,
Exathlon_id_24,Exathlon,43066,39262,0,0,5437,37629,1.1605358471339402,0.3638628457893376,0.5846691914592415,0.335217146759609,0.6745018703936484,0.3424709177953243,0.3953189478963704,0.3303911258036715,26576,25907,125,0.9790694922103608,0.7372333300553524,0.9807575212845118,0.7113549420837728,0.9065402889224844,0.988275924747796,,ok,
Exathlon_id_27,Exathlon,43066,39262,0,0,5437,37629,0.8887945949257273,0.3486495464601248,0.5726023316063257,0.3045513781975059,0.662509899825871,0.33560604860987,0.3878879440189454,0.3015005894766512,26576,25907,125,0.979580785901294,0.7459056009195584,0.9812929435439296,0.7195685730776886,0.8921964840336957,0.9918817841831616,,ok,
Exathlon_id_4,Exathlon,46660,42586,0,0,2928,43732,0.8771403129914852,0.3022946904053406,0.4024256353786117,0.2876914124040952,0.4084577178441975,0.2775091956926879,0.3351392249527838,0.2779106367604939,31780,30824,27,0.9815665455364244,0.6912807384177286,0.9820685315660987,0.6871456456180094,0.7902404345261751,1.0,,ok,
Exathlon_id_3,Exathlon,43066,39262,0,0,5437,37629,0.9553739432633984,0.3495718165923454,0.5761870635379341,0.3078089931585144,0.6452840269515854,0.3334867380913042,0.3960493306613064,0.3039795194658892,26576,25907,125,0.976089535426494,0.73260721802288,0.9778214924917956,0.707122985742134,0.8655467032251578,0.9948764867337604,,ok,
Exathlon_id_6,Exathlon,46660,42586,0,0,2928,43732,0.7499878830056685,0.3394034980406293,0.4768731339703214,0.3975947326589059,0.5164731252333247,0.327733886348261,0.4734692189865488,0.3949378942392673,31780,30824,125,0.9829439975054216,0.7824411234764188,0.9857713560066376,0.7508248319317996,0.7255590272623614,1.0,,ok,
Exathlon_id_15,Exathlon,129197,124861,0,0,16105,113092,17523927834796.592,476491.6238035995,0.595926539932236,0.2723337215020807,15459498605210.414,458823.2848467877,0.3038394212935528,0.2541517344132878,100454,97871,125,0.7642717946401264,0.4046039727458784,0.6642669043870378,0.5133166336272503,0.5881183972381538,0.7918781725888325,,ok,
Exathlon_id_8,Exathlon,46655,42582,0,0,2948,43707,0.3286676928027511,0.2441755336574336,0.1704375739606982,0.2455841796433646,0.2976704506584953,0.2363843434230999,0.1602259460494561,0.242249483190039,31757,30801,10,0.9750686691589632,0.5530202115473934,0.974989594405122,0.5572254962299233,0.7587891265182432,0.938554600445718,,ok,
CATSv2_id_4,CATSv2,195000,181907,0,0,5900,189100,0.0991073453100072,0.0796327253996731,0.0047281913521012,0.0423806250301918,0.0982086023131648,0.0790721680971014,0.0037298547425164,0.0401488086300538,147273,144116,73,0.8051882718317812,0.4260241312896199,0.8240856414287304,0.4700091909303233,0.546086123866644,0.7586270700342307,,ok,
Exathlon_id_7,Exathlon,43066,39262,0,0,5437,37629,0.8863226696380898,0.3524994050564895,0.5847984663305951,0.3120735958719366,0.6530658531114518,0.3372830625754378,0.3971906617722443,0.3044276924149907,26576,25907,125,0.9818938686856152,0.7656622885956066,0.9835700360117922,0.7389100433806924,0.916881907625448,0.9889949977262392,,ok,
Exathlon_id_9,Exathlon,43066,39262,0,0,5437,37629,0.8057069679180764,0.3447174304382515,0.5728449685997182,0.3069444872014645,0.6618315944096409,0.3326963947059116,0.3998665261036681,0.3039074154384798,26576,25907,125,0.9733280851495768,0.7327636032567688,0.9749934811522556,0.7162536507475306,0.8717276932297688,1.0,,ok,
Exathlon_id_17,Exathlon,129197,124861,0,0,16105,113092,18897898374296.12,493065.1973233539,0.744351790171575,0.3171823725847498,16099044414823.164,471533.17414538655,0.3230453730483153,0.2526299251571295,100454,97871,125,0.7622800134599308,0.3957752848142605,0.6630852303823636,0.4993436093577685,0.5767757034478184,0.7893738140417458,,ok,
CATSv2_id_2,CATSv2,195000,192748,0,0,6600,188400,0.156253227259995,0.200671158631875,0.0677672073529076,0.1794794668218726,0.1555773762732692,0.200105817331959,0.0669650392600588,0.1784131848857275,182708,179838,125,0.7754723890979861,0.1702020554737903,0.776559598205372,0.226081937303032,0.2678931751986786,0.7258430364433691,,ok,
CATSv2_id_6,CATSv2,200000,184426,0,0,4000,196000,0.0976647015631109,0.0823468910726134,0.0046160400473133,0.0436669759342912,0.0976709131163748,0.0823427136295889,0.0046300630007782,0.0428473948620805,145713,143609,189,0.7602826250000001,0.4055523945518492,0.8100238526711077,0.4059213461714024,0.4778686546443932,0.688622754491018,,ok,
Exathlon_id_26,Exathlon,129197,124861,0,0,16105,113092,19896100135964.027,497215.211687981,0.7367919123864665,0.2993306404751903,16896515411932.896,476165.620418686,0.3217884999691469,0.2520305482450943,100454,97871,125,0.762248205127518,0.3916793302113459,0.6627705080024744,0.4932568848284803,0.5759726737261682,0.7913760304375397,,ok,
Exathlon_id_25,Exathlon,129197,124861,0,0,16105,113092,18496222664626.01,484668.9569539518,0.7251438356883007,0.2983787873039423,15693394918643.717,463874.2048433331,0.31538046987107,0.2529831206494914,100454,97871,125,0.7628286695845149,0.3983459898091528,0.6632444170495781,0.5044730342660865,0.5804252482057365,0.7882007653155998,,ok,
Exathlon_id_5,Exathlon,129197,124861,0,0,16105,113092,19237996128179.258,497746.20947430393,0.7295245552267677,0.3093014556253765,15460342431089.725,470573.5600108103,0.3199139510026729,0.2570399588846221,100454,97871,125,0.761974149116676,0.3915879926786963,0.6624774400366865,0.4911313703506361,0.5775874247384704,0.7804016773339219,,ok,
GECCO,GECCO,138521,133097,0,0,1726,136795,0.2284300040672927,0.1983126762966627,0.21071932953709,0.1906448289560503,0.1123974938451196,0.1848778279451179,0.0849055969026297,0.1737277051949765,120361,107655,57,0.879147794843355,0.1912350907701388,0.9158498542102014,0.3793065861014002,0.4615341414799874,0.5400078833267639,,ok,
GHL_id_1,GHL,200001,184427,0,0,1850,198151,0.0156506145928235,0.0296281768588304,0.0034162470399249,0.0238654944918731,0.0155758954201714,0.0295287578118033,0.0034270552710088,0.023752892182739,147864,147332,125,0.3493329752480603,0.0074943275383529,0.3758961575328898,0.0067161405482334,0.021793035314657,0.4134866701515943,,ok,
GHL_id_12,GHL,200001,187445,0,0,1051,198950,0.0150386144757002,0.0252386172694833,0.0036514022521899,0.0164988882704457,0.0150137720462966,0.0252124587069912,0.0036575648058514,0.0164570352190696,158912,158625,125,0.2426276223245301,0.0035399379092553,0.2591586816250059,0.0033138698182698,0.0119725864121801,0.0104550586667064,,ok,
GHL_id_11,GHL,200001,184427,0,0,1546,198455,0.0149871082064831,0.025085536151264,0.0033442987234831,0.0195290432930813,0.0149729256288562,0.0250798354255465,0.0032916032658889,0.019527555031779,148168,147499,125,0.297670047690205,0.0054207470407996,0.3237659794824982,0.0049717108632995,0.016725391273345,0.1287332646755921,,ok,
GHL_id_14,GHL,200001,184427,0,0,1771,198230,0.0139857540903158,0.0244000465940067,0.0033618360314206,0.0165880744962808,0.0138954185932326,0.0242794843878347,0.0033717334809208,0.0163816029716454,147943,147407,125,0.3963327139139601,0.0099724011759167,0.4326902576825085,0.0080264792068741,0.0398396070750377,0.7513788714467543,,ok,
GHL_id_10,GHL,200001,184427,0,0,1855,198146,0.0171581988299825,0.0294390025452492,0.0041393209756727,0.0257867654588566,0.0171629405985527,0.0294514673331043,0.0041537742400366,0.0258451908668076,147859,147332,125,0.3687006964262215,0.0087219836612692,0.38726673322936,0.0239181121758783,0.0395300166671648,0.2450331125827814,,ok,
GHL_id_15,GHL,200001,184427,0,0,1239,198762,0.0153231982932587,0.025857690453539,0.0035871051401591,0.0151635915062386,0.0153181033425104,0.0258354682640254,0.0035647038333919,0.0151901313519446,148475,148093,125,0.2198316863061121,0.0052751986897351,0.2534497802206656,0.0040600575709194,0.0133663203102101,0.1441368078175895,,ok,
GHL_id_13,GHL,200001,184427,0,0,1849,198152,0.0154470252833167,0.0244843269268047,0.0032633063549371,0.0188188969377042,0.0153834886717082,0.0244213626869438,0.0032738081797094,0.0186836875674159,147865,147332,125,0.235180501582595,0.0065442769924425,0.2647100790772528,0.0057493697788323,0.0202187595905705,0.3546961325966851,,ok,
GHL_id_19,GHL,175001,161301,0,0,1129,173872,0.014913660897986,0.0259854353232569,0.0038088109209929,0.0185078731232225,0.0148881905875849,0.025945560483741,0.0037036654466344,0.0185359036581366,129835,129453,125,0.0991737209857522,0.0043837804432315,0.1361251381547866,0.0033838692031515,0.0128479599266999,0.0128201488681591,,ok,
GHL_id_17,GHL,200001,184427,0,0,3583,196418,0.014970343084781,0.0234252449298374,0.0049466573691299,0.0157883146186428,0.0147636636366317,0.0232347052994389,0.0048920990195948,0.0155390558459493,146131,145332,125,0.3025848102792006,0.0139015940360441,0.3367072377221342,0.012212781477841,0.0413230326960702,0.3593399339933993,,ok,
GHL_id_16,GHL,200001,184427,0,0,2728,197273,0.0144016425108922,0.0228193336287143,0.0037676910277538,0.0154037860883942,0.0143519623828351,0.0227794294946791,0.0037834137887171,0.0154387667162021,146986,146332,125,0.3017955895348621,0.0111452287636467,0.3279260387852666,0.0098924619958519,0.0299799589030047,0.6847169389125084,,ok,
GHL_id_2,GHL,200001,184427,0,0,1847,198154,0.0152816740305433,0.025085683868632,0.0041130141681892,0.0161830090545219,0.0151902924593196,0.0249797294123986,0.0041264559983262,0.0160298758658333,147867,147332,125,0.3380803325796178,0.006940122264526,0.3736945470926084,0.0062457651042105,0.0196957810096818,0.0459931290752296,,ok,
GHL_id_18,GHL,200001,184427,0,0,5549,194452,0.0135113080600697,0.0222748051772906,0.0029468542823092,0.0141642979479483,0.0133729101156861,0.0221295693196312,0.0029611490572839,0.014120415501668,144165,143337,125,0.2625960035141263,0.0196559372018575,0.2865240998488055,0.0181923719344345,0.0595781392063223,0.6104207543056464,,ok,
GHL_id_20,GHL,200001,184427,0,0,1191,198810,0.013210633325397,0.0213251872301725,0.0035683857965331,0.0137646268501307,0.0131650534321963,0.0212547095494021,0.0035713956918927,0.013730066086407,148523,148141,125,0.217094128198803,0.0037256647609799,0.2481503034141853,0.0034683475638688,0.0120158485689933,0.0402875264270613,,ok,
Genesis,Genesis,16220,14429,0,0,50,16170,0.2908175719918578,0.1952201926751336,0.1175392318754822,0.1361038921107174,0.2953381007011466,0.1959113052476116,0.1146388542390133,0.135780568031931,11828,11163,125,0.9161682127396412,0.0876678636822654,0.9706984012495828,0.0277613396705979,0.0876699568585046,0.1545893719806763,,ok,
GHL_id_21,GHL,200001,184427,0,0,971,199030,0.0154508491843489,0.0254056858885351,0.0035214691205812,0.0177586059883968,0.0154025132363767,0.0253593995648272,0.0035294824995851,0.0177992437327686,148743,148361,125,0.1810603931643134,0.0031042539200263,0.2036964589984743,0.002836238219089,0.0104148871154537,0.009663085718835,,ok,
GHL_id_24,GHL,200001,184427,0,0,1009,198992,0.0159517057855452,0.0244059545560368,0.0038553941635557,0.0166410203395437,0.0159102037402174,0.0243652686019211,0.0038645533540144,0.0166105271035577,148705,148323,125,0.4003903608776937,0.0041756706137001,0.4284420458498189,0.0038134297301378,0.0123671618814573,0.0793051953155702,,ok,
GHL_id_25,GHL,200001,184427,0,0,3144,196857,0.0152311021005988,0.026358262910571,0.003256720389852,0.0209774841933379,0.0151261489910774,0.0262658648299386,0.0031964973529196,0.0210076667576697,146570,145899,125,0.2015780907262981,0.0103035395242233,0.233988929828772,0.0092068934384585,0.0316269329629356,0.4154141349536296,,ok,
GHL_id_3,GHL,200001,184427,0,0,1919,198082,0.0146737707027927,0.0227826778245446,0.0036706384113026,0.0146555890852836,0.0146198393670138,0.0227279239452941,0.0036825512936745,0.0146059187140754,147795,147276,125,0.2159129922554483,0.0063355592706181,0.2440620477945939,0.0056372430410423,0.0208663141112936,0.1050948625026646,,ok,
GHL_id_4,GHL,200001,184427,0,0,2713,197288,0.0153919098398904,0.0242935146485717,0.0035236446724562,0.0203337153654141,0.0152927600342098,0.0241997221043658,0.0035378680827213,0.0202665246974932,147001,146332,125,0.3049554810633592,0.009670500751614,0.3353896163646527,0.0088646333939443,0.0294742457064628,0.427056164145366,,ok,
GHL_id_23,GHL,200001,184427,0,0,3734,196267,0.013588099640425,0.0216384810937714,0.0033280926616744,0.0166889061311729,0.0134704032290919,0.0215216089747224,0.0032840867309663,0.0165127460197837,145980,145165,125,0.3058996572744251,0.0134735685404346,0.3270460928029494,0.0123586606340932,0.0439538882003647,0.3968044459881903,,ok,
GHL_id_5,GHL,200001,184427,0,0,2283,197718,0.0159112196373605,0.0250604191732909,0.003386685587036,0.0184014186879622,0.01577527552786,0.0249276331238732,0.003335219653111,0.0181853835482933,147431,146762,125,0.3684105818213676,0.0087799367705539,0.3937564296796447,0.0081242416929363,0.0253401207220541,0.2427194115893052,,ok,
GHL_id_22,GHL,200001,184427,0,0,6492,193509,0.0142835942239532,0.0259156189216023,0.003469483604377,0.0206165770113821,0.0140799118071085,0.0257396085293622,0.0033586902722878,0.0205315533039869,143222,142099,125,0.4538991249671043,0.0292980534483631,0.4745047626782903,0.0273129136802218,0.07969458698499,0.4794388822897222,,ok,
GHL_id_7,GHL,200001,184427,0,0,1695,198306,0.0160609779340793,0.0262514901399212,0.0045293185191288,0.0174416699855478,0.0159894087043581,0.0262046375262659,0.0044817857211386,0.0174056758822707,148019,147350,125,0.3735513248542589,0.0067162244991616,0.3995988697218273,0.0061199650748066,0.0193930677908743,0.0719025453104882,,ok,
GHL_id_6,GHL,200001,184427,0,0,1866,198135,0.0162944167832943,0.0243726642608484,0.0035852442535485,0.0192189576227178,0.0161931467279091,0.0242685551303397,0.003596402575989,0.0191692945695028,147848,147332,125,0.2932358606275762,0.0071698521954895,0.3197808420567121,0.0063450023154867,0.0207461421635156,0.2205380826070481,,ok,
GHL_id_8,GHL,200001,184427,0,0,1168,198833,0.0163634823772846,0.0250548535936254,0.0055959933293434,0.0175218932579149,0.016315258004515,0.025001897337051,0.0055557562908302,0.0174197339556051,148546,148164,125,0.2594739017923005,0.0039964306591474,0.2868791378389227,0.0036459151978651,0.0130527841348276,0.0116121848405312,,ok,
CATSv2_id_5,CATSv2,350000,340214,0,0,17100,332900,0.1001580045948497,0.0894204799158597,0.0065488180264593,0.054612897979175,0.1000637572239386,0.0893652081975255,0.0064201061808193,0.0540363562162229,302096,298365,296,0.728462297214449,0.4476502075927068,0.763883406328683,0.4517394143663849,0.5014758669311792,0.74757039621231,,ok,
LTDB_id_5,LTDB,100000,94775,0,0,505,99495,0.1902066534612191,0.2724509780933775,0.1902066534612189,0.2724509780933873,0.1894161624782041,0.2716500678175488,0.1894161624782038,0.2716500678175589,83777,82171,7,0.568637420956026,0.0061252503273318,0.5023114246196836,0.0058679102360022,0.013217422917165,0.0744233902083511,,ok,
GHL_id_9,GHL,200001,184427,0,0,2387,197614,0.0148729349703305,0.0276732290599172,0.0033475086740952,0.0244593517108613,0.0147466901795884,0.0275560093840313,0.0032974981269514,0.0244638590682104,147327,146658,125,0.3628890739416081,0.0090531523838629,0.3864050826067869,0.0084252927125235,0.0261844958256559,0.2607794361525705,,ok,
MITDB_id_10,MITDB,150000,138176,0,0,574,149426,0.047450935589732,0.1379809553303521,0.0474509355897318,0.1379809553303518,0.0468553551488883,0.1374973196783772,0.046855355148888,0.1374973196783764,111639,110970,255,0.6957994566991336,0.0347698747089526,0.7771717541706427,0.1547234240872957,0.246680715459981,0.6666666666666666,,ok,
MITDB_id_5,MITDB,100000,91926,0,0,465,99535,0.0188523846051152,0.1028126821582456,0.0188523846051153,0.10281268215824,0.0186508337724374,0.1024493730423917,0.0186508337724375,0.1024493730423857,74248,73866,271,0.8236636920821605,0.0386352183522751,0.8990737417975592,0.064711493498264,0.0777753858760296,1.0,,ok,
CATSv2_id_3,CATSv2,400000,390933,0,0,28000,372000,0.0963628972157556,0.0888261849594191,0.0063213569885845,0.043780849692467,0.0960330162215885,0.0886123840603513,0.0033754655200626,0.0422290569576961,343593,336418,125,0.7819419271313364,0.4114346755960945,0.7915646688751968,0.4378669845161996,0.4634363721287655,0.6619757429867605,,ok,
MITDB_id_6,MITDB,200000,184426,0,0,353,199647,0.0623847928175604,0.1675679607668952,0.0623847928175602,0.1675679607668905,0.0622679451647006,0.1674516063667777,0.0622679451647005,0.1674516063667731,149360,148978,125,0.9066852144176112,0.1906985196789759,0.9273575033755016,0.3500122658313753,0.4893218920839814,1.0,,ok,
CreditCard,CreditCard,284807,284233,0,0,492,284315,1.349945124401341,0.74850597677065,1.2457304869668868,0.73470827552625,1.3360893792227968,0.7464477975837728,1.2258427309280968,0.7351933778584282,283530,204451,30,0.6205857210076594,0.0382200298062855,0.7261834381797456,0.0050785184313432,0.0245350932283736,0.0288600288600288,,ok,
MSL_id_1,MSL,1827,1253,0,0,11,1816,0.1834364538118597,0.087034942378695,3.135597390814734e-08,0.0001748713623034,0.1931155738736568,0.0881305318890608,3.1445812357989246e-08,0.0001752514632592,1029,647,125,0.5555166199439328,0.055188804900104,0.8738883078652636,0.0072444014539938,0.017241007201848,0.1170212765957446,,ok,
MSL_id_10,MSL,6100,5068,0,0,131,5969,290.5899071917711,0.5443237403699218,1.2076441915266449e-08,9.365380037861018e-05,9.384069325186292,0.1936534567196719,1.181579535969089e-08,9.296077086504126e-05,4157,3775,125,0.890169181995015,0.2579107117743429,0.9372636883189388,0.1431091391207679,0.3820183175303441,0.6822916666666666,,ok,
MSL_id_11,MSL,2156,1582,0,0,101,2055,0.1463004261446593,0.0534474763352345,1.9467290214508743e-08,0.0001356425139559,0.1010670405659737,0.0410824233492379,1.9187513262077397e-08,0.0001346109501035,1229,847,244,0.8941051769410518,0.4608287376783436,0.9616217534149902,0.3434729205291091,0.4476487962006514,0.9758454106280192,,ok,
MSL_id_12,MSL,2218,1644,0,0,26,2192,0.1608124148269585,0.0472146243180685,9.90903782245098e-08,0.0003130839145722,0.1664067200372476,0.0469206259647117,9.877111347351548e-08,0.0003125981550541,1351,969,125,0.7315412689500281,0.0460830757055569,0.837490902890565,0.0207818807056332,0.0624993945371154,0.4126984126984127,,ok,
MITDB_id_9,MITDB,100000,91926,0,0,433,99567,0.0444401298764878,0.1114261387442743,0.044440129876488,0.1114261387442731,0.0428576928475622,0.110833003785514,0.0428576928475622,0.1108330037855133,74280,73898,119,0.7530755515492938,0.0207150010982274,0.7904214471604184,0.0265045577706864,0.0580813380692262,0.9988465974625144,,ok,
MSL_id_15,MSL,1096,522,0,0,112,984,1854.6857216360827,4.602855705641244,1.5043389054415924e-08,0.0001103180889427,,,,,204,0,9,0.8271042029616725,0.2836688570531654,0.8143578356519612,0.2419438378277457,0.4988084463832796,0.6778242677824268,,ok,
MSL_id_14,MSL,2303,1729,0,0,301,2002,0.2236941368026985,0.0648055817060487,1.5747995042783217e-07,0.0003939207083149,0.2374317843665339,0.0645103272904506,1.5769756567111018e-07,0.0003943835961806,1140,758,15,0.7185057467449494,0.2423383428610123,0.727325937806234,0.2351428740631324,0.4029147814977145,0.9933993399339934,,ok,
MSL_id_13,MSL,6100,5068,0,0,181,5919,118.7822356530943,0.3921580314318984,9.476023859900604e-09,7.920784403289547e-05,9.571841172745804,0.1904621117525966,9.483803087196969e-09,7.923340145563042e-05,4107,3725,125,0.8866465236493771,0.4560392634881125,0.9335177418372784,0.2386082473941397,0.4949651878704937,0.9329896907216496,,ok,
MSL_id_16,MSL,2049,1475,0,0,181,1868,0.1938627459048305,0.0715972610635382,8.67675523546995e-09,8.766928018814913e-05,0.1804043795293858,0.0694042154464121,8.761736599333085e-09,8.835541898045003e-05,1069,956,125,0.6943077359896836,0.3152603410980918,0.7808800279240984,0.233641731765912,0.3049718005653479,1.0,,ok,
MSL_id_2,MSL,3535,2961,0,0,228,3307,0.1381109056754355,0.0364437158167588,3.654241543091845e-08,0.0001530785115085,0.1264344717520386,0.0339778522483851,3.4053691279351194e-08,0.0001442167409432,2137,1495,40,0.7413235613982037,0.1304854852032217,0.7729223302285216,0.114254696753804,0.3021213674571504,0.6137281292059219,,ok,
MSL_id_3,MSL,2430,1856,0,0,121,2309,0.1515014535299861,0.0252771860525733,1.212833314565663e-07,0.00034739734513,0.1363068101114299,0.0240752939971675,1.2116766648522e-07,0.0003472831749081,1613,1392,125,0.4229103508012126,0.1133566687687116,0.4310287593826633,0.0787247885491216,0.145957633673806,0.1448234590065829,,ok,
LTDB_id_1,LTDB,100000,98340,0,0,14781,85219,1.3182217959065865,0.6260345063101692,1.3182217959065796,0.6260345063101729,0.8229749011453715,0.4957072812104258,0.8229749011453675,0.4957072812104319,81409,66535,100,0.8773319736270508,0.6345647628816332,0.9347782622781888,0.4599869466036526,0.5746990234017211,0.8152732144566015,,ok,
MSL_id_5,MSL,5054,4135,0,0,423,4631,0.2311535753675938,0.0420759843673655,1.221562099849386e-08,0.0001078338385467,0.221294277920555,0.0403607549731158,1.217163084079454e-08,0.0001076032549744,3381,2520,9,0.4689891792029559,0.1291530803550524,0.4804555212010465,0.1190179621956143,0.200679156884699,0.9266155531215772,,ok,
MSL_id_4,MSL,3422,2848,0,0,71,3351,0.114190744276993,0.0353962166141815,4.02337363782153e-08,0.0001962422523481,0.1207412157033882,0.0364440298566851,4.004633147615361e-08,0.0001958039914796,2209,1827,228,0.8201966198864329,0.1326045639218313,0.907689810163752,0.0554046912080677,0.1263393327566203,0.6425339366515838,,ok,
MSL_id_6,MSL,3922,3054,0,0,151,3771,0.1096235695559133,0.0270064999842196,9.310976604623327e-08,0.000303026344009,0.104886009091469,0.0252849342318952,9.31944590797578e-08,0.0003032036236142,2504,2188,260,0.7921941761894978,0.7371851672736608,0.9455666087928036,0.2961169829421689,0.5689100214564453,0.917933130699088,,ok,
MSL_id_8,MSL,2856,2282,0,0,21,2835,0.1882550698178962,0.0311417399772646,2.374336000263261e-08,0.0001497141732487,0.1441574454985355,0.0269778459491171,2.4250374660441547e-08,0.0001510044484687,1834,1452,125,0.5488368186780885,0.1606430661256549,0.8927956456544803,0.0123904164898628,0.0552977910467899,0.1875,,ok,
MSL_id_9,MSL,2217,1643,0,0,69,2148,0.1848168487859585,0.0573747957087524,9.532514905094885e-08,0.0003023976709162,0.1755224979044725,0.0561016663728398,9.500696005978644e-08,0.0003021453433934,1307,925,70,0.8034572099425149,0.0961397164734703,0.8388376325615795,0.0783804418210465,0.1510776189273124,0.9857142857142858,,ok,
MSL_id_7,MSL,2625,2051,0,0,222,2403,0.4103594165338007,0.0726931008241342,0.0006996117904769,0.0017539111634672,0.31947327631195,0.06675663991526,2.0943394972003608e-09,3.5874518623935175e-05,1460,929,181,0.890832780345889,0.4738087633283844,0.9168115258021846,0.348071705509379,0.4748820607670004,0.9481132075471698,,ok,
OPPORTUNITY_id_2,OPPORTUNITY,5162,4274,0,0,469,4693,14168785.701244548,97.75511534823436,1.5359672546551528,0.8422315684551702,12693237.926049436,93.02870607893855,1.4594318428662263,0.8390036215762768,3548,3261,35,0.4412367101208214,0.0888101043127226,0.4494086854756833,0.0847713688895922,0.2074896793897011,0.1666074600355239,,ok,
MITDB_id_7,MITDB,150000,138176,0,0,3696,146304,0.0339513962623488,0.1152915161534584,0.0339513962623489,0.1152915161534561,0.0294652060110634,0.1115097022815562,0.0294652060110637,0.1115097022815551,108517,106806,240,0.8996450757339044,0.42286484080059,0.9459680463943214,0.3564685264169329,0.4313892503213374,0.8404562737642586,,ok,
OPPORTUNITY_id_4,OPPORTUNITY,9323,8749,0,0,438,8885,27552649.24809928,179.8759308387582,0.9837466669603055,0.6067785647048289,28256367.087956782,182.6769044211789,0.980033945617454,0.6013775238934638,7890,7603,125,0.4140700683261256,0.0513048007936139,0.4569778062788538,0.0440806944537795,0.1073680582925294,0.5090063916327716,,ok,
OPPORTUNITY_id_5,OPPORTUNITY,6980,5882,0,0,480,6500,17.596508777541228,0.5225738002581076,0.4608491171827165,0.3176373131497493,6.051867818151016,0.44247273573371,0.2254548689326264,0.2596359147206508,4468,4373,125,0.9732121794871796,0.7957777477591715,0.9782557645198716,0.7541443221951211,0.6616491831452116,1.0,,ok,
OPPORTUNITY_id_3,OPPORTUNITY,28066,25387,0,0,330,27736,3.309567645749364,0.4322369628346231,0.1742880274395347,0.2012750325835237,3.3400890829077903,0.4320034340475596,0.165650905270691,0.1955772298024246,20433,20051,36,0.3217411350307226,0.0090579592992451,0.33027037701901,0.0083068210851084,0.0272120598426085,0.0232435287902799,,ok,
OPPORTUNITY_id_1,OPPORTUNITY,24693,23578,0,0,721,23972,20665298.63936393,124.36067877979008,8.2518618189461,1.4981380886686266,20840008.671003003,125.3773762867948,7.926838900918667,1.501403299125451,22071,21497,34,0.2686554331880028,0.0202496693467376,0.22946409703785,0.019448743236141,0.0580019306678708,0.2830917874396135,,ok,
OPPORTUNITY_id_6,OPPORTUNITY,16515,15497,0,0,355,16160,13612012.52973434,114.16767394868688,1.3705610467937053,0.7391804208744499,13726773.419687238,114.9031704519304,1.365342645275199,0.725374938112638,14583,14296,125,0.1789015653325895,0.0167293770911218,0.215769927813384,0.0151853084480367,0.0439053278049195,0.0420890390657418,,ok,
SMAP_id_1,SMAP,8209,7019,0,0,1121,7088,0.4865219284075341,0.1280938963474683,0.3107496178111169,0.0311586889401442,0.3230834127501339,0.1205493960212959,0.3379322020334661,0.0338754616687915,4749,4367,37,0.9754377490671624,0.8572025883604316,0.977816168911113,0.8531671510831926,0.8907513193591394,1.0,,ok,
SMAP_id_10,SMAP,7361,6235,0,0,41,7320,0.58300501913042,0.1846022944759046,0.765542711402027,0.082864541006011,0.563674429512027,0.1827679986948369,0.6892363404782524,0.0803324545884622,5193,4811,125,0.8822104491536719,0.1796256898369304,0.9692780798929324,0.1081268559422336,0.1858951530934504,1.0,,ok,
OPPORTUNITY_id_8,OPPORTUNITY,26969,25946,0,0,625,26344,12549647.081952412,94.43098704431864,3.325967698622839,0.9643315366915364,12784164.50665187,95.73551149864257,3.1707097881389625,0.961826960668785,24749,24175,35,0.2260886729426055,0.0153932360491945,0.1786550858086033,0.0146981613215778,0.0456133332800131,0.1050390347764372,,ok,
SMAP_id_11,SMAP,8469,7259,0,0,121,8348,0.6120703927471566,0.184223659617978,0.8851939993164682,0.0890641167050893,0.5956076879164133,0.1830515534266819,0.7217096775952344,0.0880290129933107,5944,5562,95,0.8167106883620364,0.0714317576259347,0.8774988338339269,0.0519509030251356,0.1291145794984517,0.0281755734078472,,ok,
OPPORTUNITY_id_7,OPPORTUNITY,21706,20506,0,0,818,20888,13577757.158655288,100.56873676561612,4.6038319846862485,1.0139123469445177,13667174.141780218,101.7769081896321,4.4040962182049,1.0050304550118383,18703,18129,125,0.2583178804830793,0.0291655902553314,0.3031893668359869,0.0258679078150582,0.0745255215823737,0.6097201767304861,,ok,
SMAP_id_12,SMAP,7628,6481,0,0,51,7577,3.0443302372112786,0.2189177735989968,0.957570515143496,0.1063066557387632,0.6525842606431477,0.1772562138663487,0.8166340561688881,0.1062659105681779,5383,5001,6,0.7420444223617917,0.126280187771238,0.7539698750085246,0.1298698008286455,0.2828232875078801,0.9532710280373832,,ok,
SMAP_id_13,SMAP,4693,3767,0,0,51,4642,31931.758324642564,7.1375873589107375,1.5230244813498456e-06,0.0012322140988626,0.0527115777863685,0.032874244317582,1.5257410525169833e-06,0.0012332264418364,3182,2800,125,0.8751341122403291,0.1548391621226753,0.9534815732334384,0.0755202025773311,0.2457117961068579,0.3517241379310344,,ok,
SMAP_id_15,SMAP,8300,7103,0,0,66,8234,5.454015954582583,0.156928028471959,0.2856704804447654,0.0649297212933273,0.3111544652317239,0.1045084382673515,0.2955390488498833,0.0592796415339582,5872,5490,97,0.9637000316499952,0.2968513276922398,0.9861817717751316,0.3162208841155723,0.3592782660109933,1.0,,ok,
SMAP_id_14,SMAP,8505,7293,0,0,322,8183,0.2935610432558373,0.1005903387388603,0.2941369104764967,0.0614113514464243,0.309956496777559,0.1015601230329091,0.307311551339966,0.0673743870590578,5770,5101,98,0.9086019873043872,0.5780794150950745,0.9131668081399208,0.8217012760843165,0.8805411240945129,0.9139966273187184,,ok,
SMAP_id_16,SMAP,7029,5927,0,0,268,6761,0.0506745361769774,0.0139871214335327,7.632214416354882e-09,6.738998159894566e-05,0.0305685019611582,0.0079801663041324,7.347803069747373e-09,6.576093667904553e-05,4717,3761,16,0.5576343802360774,0.0633342997685239,0.580312715194134,0.0545006812897826,0.1778094179983153,0.4492753623188406,,ok,
SMAP_id_18,SMAP,8302,7105,0,0,351,7951,0.306841459776751,0.1116811555566974,0.3255738424224655,0.0644826404190606,0.3156570300192913,0.1142693336567987,0.3333538634232173,0.0555937176921345,5589,5207,98,0.8783367212495624,0.8426674232716042,0.8991151416384532,0.8304325053913248,0.8902771820029315,1.0,,ok,
SMAP_id_17,SMAP,7331,6207,0,0,448,6883,0.3038893844839427,0.1302050261176815,0.2242841613665844,0.0198020305037614,0.3162477330145428,0.134532463431317,0.242038335214218,0.0090783878596223,4764,4382,125,0.7995955355845665,0.1666706905423293,0.824021091584354,0.153316477764038,0.3401480924128644,0.1151967086654667,,ok,
SMAP_id_19,SMAP,7632,6485,0,0,31,7601,0.145419336903346,0.0212297551194805,1.4343869425537156e-07,0.0002730469390515,0.0084154246539346,0.0106909970189584,1.471897174433931e-07,0.000276296787775,5406,5024,87,0.7334264167278499,0.0830920614724616,0.9002500447500513,0.0393066932853904,0.1369814150739061,0.8985507246376812,,ok,
SMAP_id_2,SMAP,8532,7318,0,0,623,7909,0.2781917255280319,0.1013710329280782,0.3389038856684671,0.0413969707272854,0.2687958820321581,0.1026385290651126,0.3463709189525897,0.0444847308154483,5489,5107,98,0.9039122181751614,0.7667064466772964,0.9162275730129856,0.7413724559309535,0.721867261078353,1.0,,ok,
SMAP_id_23,SMAP,4453,3545,0,0,41,4412,2070.5931013743275,1.9807509961381349,5.522108922787637e-07,0.0007396517688357,0.0326098380348102,0.0268598337636486,5.552207370278315e-07,0.0007416446392797,3012,2630,6,0.7692324702032152,0.0619541792164518,0.7826359421906856,0.0483085360969728,0.186966785407229,0.2426035502958579,,ok,
SMAP_id_20,SMAP,8205,7015,0,0,186,8019,0.6690980177997705,0.1809837460977641,0.9571427189748622,0.1078469954520612,0.6348212028460625,0.1786976597550707,0.9491493091329904,0.1035783057391265,5681,5299,93,0.9037360194269792,0.1346345186955636,0.9213003718225996,0.113874988020385,0.237532690015595,0.0443384982121573,,ok,
SMAP_id_21,SMAP,7907,6740,0,0,51,7856,0.5410506185999043,0.1606113754670202,0.7615766128280583,0.0756580205708516,0.5241904445904666,0.1596567603584723,0.7681529743771139,0.0641647261373522,5593,5211,125,0.7416212411644902,0.1131131824815104,0.9215774525362702,0.031511397281604,0.1018047051441819,0.4063745019920319,,ok,
SMAP_id_22,SMAP,8516,7303,0,0,508,8008,0.2737402508666854,0.1017754114964422,0.2852135113881887,0.0444016406392898,0.2920332055055078,0.1036200834356287,0.3238872924496683,0.0503749672640821,5592,4923,98,0.7298294717093929,0.5513493471290016,0.75944693924433,0.6113279422579628,0.722007965030865,0.9685279187817258,,ok,
SMAP_id_24,SMAP,8376,7173,0,0,41,8335,0.2541268049583092,0.0883174364575971,0.2694030487888185,0.0543268316757366,0.2575649660056907,0.0843783934652762,0.2765761103987923,0.0435649757850244,5954,5572,125,0.9245058305412088,0.2180129261904606,0.9788329665391798,0.1025050582275301,0.2318792355550286,0.942528735632184,,ok,
SMAP_id_26,SMAP,7244,6126,0,0,81,7163,1.2218155614959131e-06,0.0005499243315851,2.733902936025056e-07,0.0005227931926963,2.733499196080843e-07,0.0005228287658615,2.7334895655100946e-07,0.0005228278459981,5065,4683,125,0.6756342176789847,0.1047648951726758,0.78539264872386,0.0321805276267016,0.1731808563174687,0.4475138121546961,,ok,
SMAP_id_25,SMAP,8579,7405,0,0,184,8395,0.0072435023960833,0.0077044970890915,2.7421313012979488e-08,0.0001553275229342,0.0017651603568874,0.0059247135666089,2.7334232655079604e-08,0.0001548178535465,6193,5723,99,0.5432351684491287,0.0576053264243611,0.5204560217799179,0.0414801101071609,0.1571152672421178,0.6870748299319728,,ok,
SMAP_id_27,SMAP,8640,7418,0,0,85,8555,0.7191798275361417,0.187567978657475,0.928428257196459,0.1180563400395207,0.7033895194659017,0.1864139531481898,0.8667856263340793,0.1132612053412757,6108,5726,125,0.5683171176126792,0.0720395777536902,0.7389325393784734,0.0214025459175258,0.0820704365998318,0.8994708994708994,,ok,
SMAP_id_3,SMAP,8514,7301,0,0,295,8219,0.2945243740197324,0.1049311622246742,0.2856736361619448,0.0585372134227252,0.3121605487657347,0.1062865075490818,0.2995381330065647,0.0656066560258816,5804,5135,98,0.9292074379125672,0.6937748377205517,0.952571233572391,0.8014595740389433,0.8745469877983394,0.9053803339517624,,ok,
LTDB_id_4,LTDB,100000,98089,0,0,16159,83841,0.1527071609177365,0.2071314048197012,0.1527071609177354,0.207131404819701,0.1130257162217649,0.1790354831163126,0.1130257162217651,0.1790354831163134,79285,59454,115,0.7883061673266963,0.532684022377373,0.8786281450954936,0.3900725220532559,0.4744527800959754,0.924697241023462,,ok,
SMAP_id_4,SMAP,8640,7418,0,0,121,8519,0.5665605702573554,0.1843261071908798,0.8550976322904983,0.1040557137046901,0.5846524491305697,0.1867903086914803,0.8674827889912626,0.1109964561401218,6072,5690,98,0.378290044906912,0.0121478088609214,0.4347614711976535,0.0102388865999769,0.0276473910061931,0.0276255707762557,,ok,
SMAP_id_5,SMAP,8044,6866,0,0,71,7973,0.0005249478365072,0.0008589671476091,5.2377773939561554e-08,0.0002283358456344,5.11661849709002e-08,0.000226199433836,5.1163512864636334e-08,0.0002261935296701,5675,5293,125,0.8384141548147532,0.3016445332293849,0.94063067672727,0.0880013364820762,0.3062465471092433,0.4781144781144781,,ok,
SMAP_id_7,SMAP,8310,7112,0,0,281,8029,0.2885132830719376,0.1099251968636393,0.264709973358851,0.0285674602289058,0.2912663603669906,0.110522904479413,0.2838504539545664,0.0306083448635344,5665,5283,102,0.9511623567415096,0.8911244001128465,0.9720455465966882,0.8112624064411587,0.8771880281011976,1.0,,ok,
SMAP_id_6,SMAP,8512,7299,0,0,583,7929,0.3006251265086229,0.1036914409497938,0.2779809873304671,0.0662886723171215,0.3243591594303742,0.1064122813834055,0.3096443720272023,0.0705005860489168,5514,4845,98,0.6201061435679044,0.4702972362061149,0.6514366915277648,0.5368036305982526,0.6597656937540292,0.9542600896860988,,ok,
SMAP_id_8,SMAP,7884,6718,0,0,81,7803,3.369197730791299,0.2361787165685529,0.969845839291083,0.1114554344069834,0.6597137729144488,0.1960478922616065,0.8354654976855127,0.1111986751249118,5545,5163,125,0.4954409747438069,0.12538852167112,0.7256968206468044,0.0644398585564551,0.175434483014271,0.9529411764705882,,ok,
SMAP_id_9,SMAP,8294,7098,0,0,321,7973,0.2824837381576557,0.1085514481819958,0.3519977582956771,0.042357751466645,0.2928034305279197,0.1112035408779933,0.3663700919289967,0.0454379930823467,5613,5231,98,0.9844643115999364,0.953378217781378,0.9879536288888342,0.9513156256108096,0.9678406643592724,1.0,,ok,
MITDB_id_4,MITDB,300000,284426,0,0,13293,286707,0.5617792201151108,0.3431814536359429,0.5617792201151116,0.3431814536359505,0.5693181968074488,0.3461700494560537,0.569318196807451,0.3461700494560599,236420,230974,125,0.590502944438978,0.0955314818713743,0.6303017674168807,0.1083179889347547,0.1358594042413626,0.7413281281769754,,ok,
SMD_id_1,SMD,23694,21761,0,0,542,23152,0.7202352177121999,0.3045727813967067,0.508150546765756,0.2899360646310258,0.7029421394114127,0.2945255041469322,0.5335058418894465,0.2840982816384343,18395,15818,30,0.819837916977995,0.1196872851423183,0.8147887862166142,0.1353516006537958,0.2354668636264931,0.4020100502512563,,ok,
SMD_id_11,SMD,22703,21535,0,0,1083,21620,2.709129443307749,0.3569691280205702,0.4992534674254465,0.3418840153911708,0.6291180405140403,0.3373646749635786,0.5004367227426711,0.3385531640622098,19540,17585,12,0.3482836887974354,0.0362174170644335,0.3648815985778654,0.0348885812505834,0.0939374060451608,0.0910657977717048,,ok,
SMD_id_10,SMD,23687,22322,0,0,977,22710,1.3146217859082512,0.3984405226393367,0.3067652581160196,0.3902955395946061,1.0672565519308803,0.3771996650992101,0.2630957695680873,0.3831788217349106,19976,17823,21,0.8083661330820225,0.4026707375908359,0.810128572761747,0.6791774186326416,0.7525078213680357,0.8916619398752127,,ok,
SMD_id_12,SMD,28713,27809,0,0,303,28410,174.67767278802393,0.5109930968176533,0.1932834497983779,0.266420904210328,0.5625762024466714,0.3057345095243559,0.1191050255717776,0.2474050612421788,27055,26063,10,0.7838239103741419,0.1238034442072072,0.6224887155889687,0.1613754430935773,0.2924776839142792,0.4469026548672566,,ok,
SMD_id_17,SMD,23706,21354,0,0,100,23606,21.30410395296084,0.4748330381365007,0.1376348752732304,0.1958752109240721,12.75498748011171,0.3647506732392765,0.1030357667799588,0.1838874128240155,17393,15289,10,0.8498754553926968,0.0383436822274313,0.8668390845903745,0.0410231928202754,0.0992866557721513,0.3733333333333333,,ok,
SMD_id_15,SMD,28700,27793,0,0,308,28392,21.66510675346432,0.4184443062066589,0.1475811774262702,0.265004101720667,0.901646123254496,0.344279088581666,0.1366278947082735,0.2579402983912348,27027,26035,10,0.8423435538820154,0.1747886232594872,0.6621157089265044,0.2592117853680657,0.353484307672477,0.5470459518599562,,ok,
SMD_id_14,SMD,28743,27848,0,0,424,28319,17.12611630778573,0.3967431588147138,0.0619848637998663,0.1626015193916994,10.397126634646057,0.3362465341929412,0.0572790629824995,0.1598240170125403,26997,25136,125,0.788849675562843,0.1512972761151817,0.7966270541847079,0.1275110088283063,0.2097345565744654,0.5146496815286624,,ok,
SMD_id_18,SMD,28696,25969,0,0,198,28498,4.360259804366758,0.2341907470127371,0.0164050735447064,0.0682278251635113,0.7665654701857224,0.1885532619843366,0.0065380222020588,0.0622807151868579,21037,20324,125,0.7826632880847212,0.483639688045713,0.9420750352522684,0.195681376972524,0.2896502126889689,0.7306273062730627,,ok,
MITDB_id_11,MITDB,600000,584426,0,0,1750,598250,0.0510465190830388,0.1005129638623912,0.0510465190830386,0.1005129638623919,0.0258507764071332,0.0980292891843054,0.0258507764071327,0.098029289184306,547963,546433,59,0.8754388232344338,0.2315488618736927,0.9006457888353732,0.2392155935842058,0.5016140803015123,0.9176717357105402,,ok,
SMD_id_13,SMD,23700,21348,0,0,2833,20867,6.516283548788456,0.3623276403528402,0.2127994917360999,0.2190079083472195,4.931812137842828,0.2881259715054198,0.1856413297164239,0.2093276695882283,14655,11700,125,0.6504395384880131,0.2029774445680705,0.7161861085838557,0.1501721859562172,0.3040599265408817,0.633505063066264,,ok,
SMD_id_20,SMD,23703,21351,0,0,161,23542,19.362565886428147,0.2497754968884658,0.0474959803024372,0.100628964713387,0.2974987777827625,0.1331213405086765,0.033743777327743,0.0840747133664772,17330,16948,9,0.9836752709970972,0.4007021487691248,0.9851557839545756,0.480849055778148,0.553341261275552,1.0,,ok,
SMD_id_3,SMD,23689,23115,0,0,269,23420,13317.33905043351,2.527809065580231,0.8888283975995367,0.5355344064293421,28.29487877777448,0.4796116451412375,0.5865096733633417,0.474718628480871,22379,19875,19,0.6468151486195195,0.032362970537563,0.6199858970086988,0.0231156499158811,0.0911658629172276,0.0398406374501992,,ok,
SMD_id_21,SMD,21207,19725,0,0,688,20519,25.46104065140529,0.3641029778479323,0.3071895656491481,0.2314225549920596,0.2078720746893965,0.1796170517487324,0.0747269078001622,0.1351744969803973,17259,14321,125,0.8459229010095012,0.2423869931979958,0.8885248305602031,0.114796412193063,0.2262306903901433,0.1117445838084378,,ok,
SMD_id_2,SMD,28726,27825,0,0,1194,27532,2.60674781756965,0.3105896176987267,0.0589033715376412,0.1722202207083457,1.158979884125824,0.263549834652135,0.0572109669547342,0.1708725499490944,26192,23188,125,0.9077889812275092,0.3255122501736984,0.8791441605841995,0.2432033811673014,0.3597119140472766,0.6567815089402529,,ok,
SMD_id_4,SMD,28705,25978,0,0,434,28271,21.38309642757241,0.2359362829583655,0.0116685114528076,0.0654331985773685,5.052735636618791,0.1547987816191808,0.0114126083111996,0.0646838809544238,20808,19278,125,0.956100574965113,0.6455551609920278,0.9850274781491896,0.5901795883592639,0.6345332838374401,0.8538812785388128,,ok,
SMD_id_19,SMD,23696,23122,0,0,417,23279,881.6001653172618,1.0240309401929943,0.8286822102416007,0.4410085315455687,43.56638005820493,0.6381210549461116,0.5523961529885282,0.4437120377148856,22431,17130,104,0.793231628881353,0.0874067454393678,0.699581149644106,0.0478693427480444,0.1175587832200771,0.6068965517241379,,ok,
SMD_id_16,SMD,28479,25769,0,0,2694,25785,5114.126390161739,1.294724816259959,0.2152645309551904,0.2339348751254234,1.7564352798335074,0.2601831505311128,0.1483066249151658,0.2114831071237185,18379,15988,279,0.9574960782289847,0.6258986437552791,0.9306272063850106,0.6226357489666673,0.7038476438687564,0.3341375150784077,,ok,
SMD_id_22,SMD,23693,23119,0,0,1047,22646,9938.922848549311,3.002246098048535,0.3763873692055556,0.3595071276329111,9663.249957559312,2.6171131159815824,0.2628167822215285,0.3109008426569893,21862,18426,125,0.6322729699360979,0.0882192239586756,0.5710702963821163,0.0564236973526408,0.1651515966363799,0.0944372574385511,,ok,
LTDB_id_2,LTDB,100000,99426,0,0,14857,85143,0.499388138140369,0.5047614067621616,0.4981006093432794,0.5107267598485856,0.5440978191040997,0.5311340992177701,0.5486135513522074,0.5185374576566353,84507,47290,95,0.4018199170076308,0.1613394738633126,0.4911845512081929,0.119050619760433,0.2587020494871929,0.4461219792865362,,ok,
SMD_id_5,SMD,28704,25977,0,0,1371,27333,4.752713421124726,0.3514241061212294,0.1195330318723474,0.1610000548252963,4.225527010873274,0.3392812287158995,0.0956955382652226,0.1477856859420303,19870,18053,125,0.7947012109316699,0.137984061619647,0.7963012110060522,0.1658831021092261,0.2188775536748364,0.3748637849618598,,ok,
MITDB_id_8,MITDB,400000,390277,0,0,26233,373767,0.1696293061028213,0.2031520234273845,0.1696293061028218,0.2031520234273664,0.1688932533701597,0.2007487881775279,0.1688932533701595,0.2007487881775085,343172,329501,13,0.7375910665407263,0.2464271826885884,0.7412275679053579,0.2544338412750966,0.2998230355325656,0.9607311098549086,,ok,
SMD_id_6,SMD,28722,25994,0,0,1755,26967,500.77941478731583,0.609000586475574,0.1673142905034624,0.2006043145995201,13.81202689068795,0.2535738226063787,0.1337219688261476,0.186036336984472,19500,16721,125,0.964141146660522,0.6138336937832568,0.9629065855641298,0.5524303764163899,0.7032442179957743,0.8820179007323027,,ok,
SMD_id_9,SMD,23697,23123,0,0,2398,21299,18.76525342603704,0.3903369134820513,0.0672885693930483,0.1704324256902153,7.866780002881418,0.2693525082817741,0.0520420244245546,0.1528924586512399,20296,17101,64,0.6131196137789676,0.1617929902434579,0.6128968389673681,0.137623728749155,0.236673227142023,0.183797041465471,,ok,
SMD_id_8,SMD,21203,19947,0,0,782,20421,41.07677055404508,0.3624218739224666,0.141529730626447,0.145821343305307,0.555227148858364,0.1898302645278241,0.0605285341242012,0.1254897387268586,17865,15179,125,0.815996765528089,0.2650461535588461,0.8856830922990238,0.1662821024013094,0.3028551292143867,0.1987704918032787,,ok,
SMD_id_7,SMD,23694,21343,0,0,1170,22524,0.4604528884039373,0.3308927387256195,0.4350118253731083,0.4216094969385169,0.4225665021169769,0.3239642848024706,0.3905631860805057,0.4153231629788503,16314,12488,125,0.8497118742856622,0.393058252403127,0.8968188704472252,0.2947501607165388,0.5138987106220934,0.7654537483559842,,ok,
MITDB_id_2,MITDB,650000,634426,0,0,1047,648953,0.0329072873998214,0.1135449667739262,0.0329072873998214,0.1135449667739371,0.0329091321109178,0.113539115601741,0.0329091321109178,0.1135391156017517,598666,598041,125,0.7829179939037239,0.0138520744546633,0.8083501376167888,0.0193236330052767,0.0707914875017791,0.8941076003415884,,ok,
SVDB_id_11,SVDB,80400,73796,0,0,945,79455,0.0742577586158842,0.1716676107436082,0.0742577586158842,0.1716676107436076,0.0665255493987684,0.1664941271573816,0.0665255493987684,0.1664941271573812,59068,57771,97,0.9217387899509852,0.609036473836839,0.979710310396542,0.358614270615246,0.533328383379275,0.9569620253164556,,ok,
MITDB_id_3,MITDB,500000,484426,0,0,8810,491190,0.0198083500648393,0.0948363231705927,0.0198083500648391,0.0948363231705938,0.0192280006908648,0.0941208463871638,0.0192280006908648,0.0941208463871643,440903,435642,299,0.6795027952107509,0.0605265928699368,0.7588823546382082,0.0639943174326191,0.1026622809068814,0.7980660180266221,,ok,
SVDB_id_17,SVDB,130400,124485,0,0,3941,126459,0.0265754626138081,0.0886687112183609,0.026575462613808,0.0886687112183588,0.0150908542201951,0.079076057350455,0.0150908542201951,0.079076057350453,108508,102763,114,0.843846234966732,0.3661225190970166,0.9158232512891704,0.2608831874200688,0.360355360429815,0.9462419113987058,,ok,
PSM,PSM,217624,202050,0,0,24381,193243,0.1487661572712951,0.2042145940504739,0.0588876816996389,0.1679688725313626,0.1494124597615216,0.2043817815905742,0.0584726875415854,0.1722414459086621,142956,129505,125,0.4820903268227513,0.1207587990853741,0.5007995416657739,0.1012630953971136,0.2019272973408174,0.5435485590419672,,ok,
MITDB_id_13,MITDB,450000,434426,0,0,9807,440193,0.0346483719996978,0.1167105626717806,0.034648371999697,0.1167105626717794,0.0338112801330329,0.1156602111198052,0.0338112801330325,0.1156602111198043,389906,381775,278,0.6320524889502598,0.0514597780313689,0.7270748144727985,0.0586761313257245,0.0718608202437353,0.7907884465261514,,ok,
SVDB_id_1,SVDB,230400,225934,0,0,3537,226863,0.1646081225755148,0.230966803622494,0.1646081225755125,0.2309668036224965,0.161515005904202,0.2285505088857806,0.161515005904201,0.2285505088857833,213741,207544,109,0.6092396922507493,0.0411905087519338,0.6927133422574817,0.0269657936958686,0.0675538380362812,0.5777304533008822,,ok,
SVDB_id_19,SVDB,230400,214826,0,0,13376,217024,0.1024242775070517,0.177458391559138,0.102424277507051,0.1774583915591361,0.1009387923487334,0.1763291073158793,0.1009387923487327,0.1763291073158773,166737,165232,95,0.8956734127078002,0.2618405366053855,0.8992486915704275,0.2769017349969833,0.3950426798795675,0.9893637012816175,,ok,
LTDB_id_3,LTDB,100000,99426,0,0,31565,68435,0.7473655071710942,0.5289784371915702,0.7473655071710975,0.5289784371915491,0.7708197137292204,0.529446456219728,0.7708197137292182,0.5294464562197351,67840,38665,73,0.6769893731144763,0.5841319052557925,0.751168989776753,0.4853379512043096,0.5348633286664823,0.9003149262573664,,ok,
SVDB_id_23,SVDB,150000,138176,0,0,676,149324,0.0939574699595228,0.1848122811531375,0.0939574699595222,0.1848122811531247,0.0931467919063398,0.184247080730791,0.0931467919063391,0.1842470807307785,111537,111155,104,0.9390716786927248,0.082521886553423,0.9462837846936604,0.0907948294337914,0.1990103296099912,0.9926578560939796,,ok,
SVDB_id_21,SVDB,230400,214826,0,0,3503,226897,0.0605761750781304,0.1468464851757348,0.0605761750781303,0.1468464851757354,0.0531849202410738,0.1427303994727818,0.0531849202410738,0.1427303994727828,176610,173032,124,0.7930412150287208,0.1002905253387614,0.8536556880555192,0.0747117211538852,0.1452729342238048,0.9217223827211446,,ok,
SVDB_id_13,SVDB,230400,229826,0,0,7733,222667,0.6233813825972269,0.4355956762966053,0.6233813825972274,0.4355956762966141,0.6030268485981278,0.4258851831178867,0.6030268485981277,0.4258851831178947,222050,210117,123,0.6397842784071406,0.0706519107050925,0.7315198299885088,0.0497999768996331,0.1044161086201917,0.6738519212746017,,ok,
SVDB_id_12,SVDB,230400,227946,0,0,7464,222936,0.347403230937406,0.3317798621125781,0.3474032309374123,0.3317798621125944,0.3395574249476146,0.3258439559904395,0.3395574249476218,0.3258439559904562,216538,203879,110,0.6062604223313495,0.0586636170957828,0.6950769169501538,0.0409547121526957,0.082090440891769,0.557970582981004,,ok,
SVDB_id_20,SVDB,230400,226175,0,0,6151,224249,0.2729706648668163,0.2321135771734386,0.2729706648668186,0.2321135771733897,0.2594120105530213,0.2244748164947191,0.2594120105530219,0.2244748164946848,211889,195332,77,0.6787414164112151,0.0626082318559873,0.7596631361351323,0.0436189566892007,0.103603483032956,0.5275834011391375,,ok,
SVDB_id_18,SVDB,230400,229270,0,0,16102,214298,0.9276802506858683,0.5646163497576108,0.9276802506858632,0.56461634975757,0.8547865388985983,0.5411782303534585,0.8547865388985916,0.5411782303533961,212292,189776,125,0.6911318912312638,0.2092040131611312,0.7714155227870907,0.151554692740216,0.2426482967212252,0.7726623840114204,,ok,
SVDB_id_25,SVDB,230400,229454,0,0,7048,223352,0.4925167837025249,0.3580597106055928,0.4925167837025249,0.3580597106056275,0.4377999112610971,0.3398406714966979,0.4377999112610973,0.339840671496726,221977,213735,81,0.8289754839573814,0.1897251494670008,0.8652706076123503,0.1708724710833123,0.2528913959714362,0.7248147243260852,,ok,
SVDB_id_22,SVDB,150000,149426,0,0,12827,137173,0.5928708270183332,0.5051376557000986,0.5928708270183325,0.5051376557001217,0.5589148398796885,0.4908497008531621,0.5589148398796879,0.4908497008532229,136590,119687,145,0.6586055267630155,0.194300277367668,0.7616084193693099,0.1250384406876831,0.2391521566421886,0.7948693343569075,,ok,
SVDB_id_2,SVDB,230400,214826,0,0,8578,221822,0.1121252675387679,0.172672854083714,0.1121252675387681,0.1726728540836947,0.1035973284839526,0.1655024786215064,0.1035973284839532,0.1655024786214932,171535,155542,131,0.685177460832186,0.0837058081374982,0.7686793817669181,0.0609265421556427,0.1297879143830209,0.712873537098057,,ok,
SVDB_id_15,SVDB,230400,229826,0,0,14599,215801,1.2132581682040096,0.7407285885728556,1.213258168204022,0.740728588572851,1.1501547331247304,0.722668480199769,1.1501547331247275,0.7226684801997655,215121,182300,102,0.6154594789260157,0.1715138367016447,0.7168484936018086,0.1124328796124942,0.1810763139326333,0.6155908082949534,,ok,
SVDB_id_31,SVDB,100000,91926,0,0,497,99503,0.0455416019566097,0.1282581458924401,0.04554160195661,0.1282581458924413,0.045175451686184,0.127843940425815,0.0451754516861842,0.1278439404258163,74216,73834,119,0.7580113809496375,0.0173811191025121,0.7968579369473122,0.0150441958169025,0.0388783558855151,0.8331936295054484,,ok,
SVDB_id_24,SVDB,230400,219984,0,0,6319,224081,0.0562940454804248,0.1498825687996891,0.0562940454804249,0.1498825687996779,0.0525624389745171,0.1448205636468712,0.0525624389745167,0.1448205636468621,191130,177137,105,0.7613243393023138,0.1936619904950012,0.861407785182676,0.1337253852723194,0.1916807257593943,0.8713751169317119,,ok,
MITDB_id_1,MITDB,150000,138176,0,0,18610,131390,0.2024983384784149,0.1760505756324435,0.2024983384784154,0.1760505756324448,0.2021836212717797,0.1757623180670903,0.2021836212717803,0.1757623180670916,93603,93221,140,0.8108993742311111,0.4066609875227081,0.812200622908942,0.4118385266108751,0.4338184288791346,1.0,,ok,
SVDB_id_29,SVDB,230400,227358,0,0,2559,227841,0.2910040619940671,0.3290960104637078,0.2910040619940688,0.3290960104637426,0.289744016551115,0.32861403248544,0.2897440165511166,0.3286140324854741,219453,214698,114,0.5445197003698782,0.0177061665499335,0.6306719562440586,0.0130650714561018,0.0266369318162281,0.6941540843979869,,ok,
SVDB_id_7,SVDB,50000,45778,0,0,2562,47438,0.0601204484464661,0.1212923536934571,0.0601204484464654,0.121292353693456,0.0221934950855221,0.0921330249703953,0.0221934950855221,0.0921330249703942,35130,30397,112,0.7707301932438937,0.3132203503240079,0.8303689322849629,0.2366530517820606,0.3815578668066219,0.959272439699486,,ok,
SWaT_id_1,SWaT,14996,13297,0,0,1986,13010,304.4619565412047,0.317156174246084,0.0017854318403609,0.0150944594391256,60.694499869678296,0.1266081694491039,0.00157651414761,0.0115892577204876,8974,7176,125,0.6813137388313119,0.3308875562227489,0.7434163663986242,0.2539574702200565,0.3811572060994659,0.3479909021986353,,ok,
SVDB_id_27,SVDB,230400,220578,0,0,7847,222553,0.0482168103644154,0.1258280129632663,0.0482168103644148,0.1258280129632682,0.0419574477820705,0.1203114182253082,0.0419574477820699,0.1203114182253094,191595,181198,138,0.7816953393445286,0.1177912637508099,0.8481054664776999,0.087067348132276,0.1976130461297735,0.753988035892323,,ok,
SVDB_id_30,SVDB,230400,228460,0,0,10058,220342,0.4164252063984388,0.3386868210617504,0.4164252063984386,0.3386868210617423,0.3815528826319667,0.3218781959561785,0.3815528826319693,0.3218781959561708,215669,199903,8,0.769179096266299,0.1974365886138177,0.7641472724578231,0.1932750744242072,0.2799953411817914,0.7896339989363245,,ok,
MITDB_id_12,MITDB,620000,604426,0,0,26771,593229,0.0567371434448415,0.1558766907792571,0.056737143444842,0.1558766907792403,0.055258636420755,0.154128406987335,0.0552586364207554,0.154128406987323,542942,525914,303,0.6005434773829248,0.0720127744747839,0.6908014540631594,0.0508692879460616,0.1070892998597175,0.6284146567249592,,ok,
SVDB_id_6,SVDB,230400,214826,0,0,3108,227292,0.1513806421228245,0.2053484274555848,0.1513806421228222,0.2053484274555739,0.1478345760563044,0.2035787584729012,0.1478345760563037,0.203578758472888,177005,174614,96,0.8158412943931133,0.0438266770971952,0.837336344000858,0.0386604958648436,0.0757178994884594,0.8398751847594021,,ok,
SVDB_id_10,SVDB,230400,229826,0,0,18107,212293,0.4186467170112488,0.4038067003903762,0.4186467170112497,0.40380670039037,0.3888076824659084,0.383710494784835,0.3888076824659048,0.3837104947848384,211776,174972,87,0.6123271479375125,0.1901694671140683,0.7194958293631357,0.1253428949552136,0.1847079860416085,0.7092793329362715,,ok,
SVDB_id_16,SVDB,230400,229491,0,0,16389,214011,1.6619951392480268,0.7768248961498231,1.6619951392480303,0.7768248961497761,1.5271244994602091,0.7349167502782624,1.527124499460206,0.7349167502782381,212693,174236,81,0.7201767398857993,0.2290518169970405,0.7771087013063802,0.1544908289377172,0.2515545016115182,0.4675543392453029,,ok,
SVDB_id_3,SVDB,230400,229826,0,0,16121,214279,0.4737152913956595,0.4009664024715099,0.47371529139566,0.4009664024714886,0.3842105568076825,0.3657282955226699,0.3842105568076852,0.3657282955226388,213586,182228,104,0.6337294589695667,0.1499367104455614,0.7395656614701578,0.0941891356455952,0.1917787480093059,0.535894538606403,,ok,
TAO_id_1,TAO,10000,9426,0,0,492,9508,0.2174111713593251,0.3574188454354977,0.2513459814473189,0.3887445343725833,,,,,8760,0,125,0.4967591476240803,0.805157966842269,0.9449340516427088,0.0554194062376858,0.0947441524676757,0.0944231336677486,,ok,
SVDB_id_9,SVDB,230400,229023,0,0,12102,218298,0.6017938721898666,0.4629418775803248,0.6017938721898659,0.4629418775803335,0.5876787252683625,0.4568101467571707,0.5876787252683531,0.4568101467571799,215502,208600,128,0.9224337351424652,0.5735553394796669,0.9397528626933872,0.5173552911187986,0.6175764259642187,0.8498220640569395,,ok,
TAO_id_12,TAO,10000,9426,0,0,485,9515,0.1807244633018152,0.3204513439675057,0.2016599526983182,0.3539671306151756,,,,,8766,0,125,0.4945514136658884,0.8257824440377889,0.9517576500181396,0.0577571946596746,0.0925210557821091,0.0925219381915299,,ok,
TAO_id_3,TAO,10000,9426,0,0,488,9512,0.2367136775977976,0.3604664378410563,0.2698409168000834,0.4020263378499131,,,,,8762,0,18,0.5107372999076232,0.3284695840927611,0.750099758278795,0.0512673917782398,0.0947532596459255,0.0966478014801915,,ok,
SVDB_id_8,SVDB,230400,229826,0,0,17822,212578,0.3274966073110498,0.3395544135056396,0.3274966073110437,0.3395544135056689,0.3194726994160213,0.3343260191095616,0.3194726994160175,0.3343260191095906,211935,190359,101,0.740318963281084,0.3231082146083055,0.7836168718770066,0.3104028053297115,0.3291564277052822,0.8809143352381984,,ok,
SVDB_id_4,SVDB,230400,228199,0,0,12809,217591,0.0846690013153614,0.1636735085213601,0.0846690013153615,0.1636735085213653,0.0590689875547702,0.1440043547620403,0.05906898755477,0.1440043547620418,212022,188352,118,0.6852564341274082,0.1817418315338383,0.7951406524510561,0.1084536651990001,0.1880261021628254,0.8812775166032386,,ok,
SVDB_id_26,SVDB,230400,229514,0,0,20820,209580,0.9586396856743254,0.6646041215006043,0.9586396856743478,0.6646041215006262,0.8344690635332608,0.6239965502697491,0.834469063533267,0.623996550269764,208400,166445,106,0.5778537908120344,0.2303519370548324,0.6740921535100776,0.1650240128743963,0.2639303483122751,0.5353595837376887,,ok,
SVDB_id_28,SVDB,230400,229288,0,0,21980,208420,0.9108683806072948,0.5711728208091391,0.9108683806072992,0.571172820809158,0.7830624200172008,0.5185498245161634,0.7830624200171956,0.5185498245161553,206495,165824,125,0.6418231274752396,0.2136593308384172,0.7595456086625593,0.1347686015081282,0.2514930102334472,0.6665057449068263,,ok,
TAO_id_8,TAO,10000,9426,0,0,487,9513,0.4141678378669045,0.4887132407515095,0.495449891504185,0.5446676632424977,,,,,8759,0,136,0.4851761266491267,0.8364232681920287,0.9491770608877804,0.0499270579917893,0.0949970490568021,0.0948824063793277,,ok,
TAO_id_11,TAO,10000,9426,0,0,959,9041,0.2701588014711168,0.3992306507745879,0.322261376910435,0.4512272740556175,,,,,8322,0,287,0.5171821821088705,0.9609069410050064,0.9850863893098332,0.101197133528541,0.1777586746904985,0.1799422203879488,,ok,
TAO_id_9,TAO,10000,9426,0,0,483,9517,0.1411790000125431,0.2837650982100623,0.1621526125429226,0.3161036994015189,,,,,8776,0,125,0.4986401146384883,0.7986478447020127,0.9370214401897766,0.0522145786121628,0.0933574381089136,0.0938231403276686,,ok,
TAO_id_4,TAO,10000,9426,0,0,945,9055,0.1906782099841856,0.3345271584726861,0.2227782778726462,0.3692485789658982,,,,,8351,0,142,0.4682907218964646,0.9095173091856442,0.9669582954834016,0.0891523079296746,0.1727723283560169,0.1732433203384995,,ok,
TAO_id_10,TAO,10000,9426,0,0,943,9057,0.2619690012504059,0.3902365014278149,0.2919892874425619,0.4227308244357133,,,,,8355,0,297,0.5075396180031475,0.9620238868437382,0.9853369594237426,0.0988340781462427,0.1747253732117894,0.1760628465804066,,ok,
SVDB_id_14,SVDB,230400,229516,0,0,27789,202611,1.442595253612009,0.7506103049061094,1.4425952536119966,0.7506103049060864,1.110545631376934,0.6615956695019981,1.1105456313769184,0.6615956695019862,201428,142213,99,0.6072127871341355,0.2251671119257092,0.7152453655251872,0.1505643956631079,0.313642302175055,0.5908392984580784,,ok,
TAO_id_2,TAO,10000,9426,0,0,1395,8605,0.2223999056993252,0.3651179728891697,0.2288725450202581,0.3771896307201816,,,,,7943,0,21,0.4946575196966005,0.6624501913384777,0.8461389184474407,0.140184459817477,0.2451217290188826,0.2451023456030923,,ok,
TAO_id_13,TAO,10000,9426,0,0,1409,8591,0.2462914408249905,0.3829810920244145,0.2767116146876774,0.4143873981455407,,,,,7901,0,42,0.5088767859873492,0.8322637856715043,0.9204117691415368,0.1414959172528682,0.2494648781146825,0.2521489971346705,,ok,
SVDB_id_5,SVDB,230400,229826,0,0,22858,207542,1.0701501969229343,0.6828630201376309,1.0701501969229374,0.6828630201376668,1.111906297259921,0.696292508708577,1.1119062972599258,0.6962925087086037,206876,153251,100,0.5325798365780583,0.1368984873419823,0.6161808901447985,0.1055912339788266,0.1883129254686554,0.735029629936596,,ok,
TAO_id_7,TAO,10000,9426,0,0,948,9052,0.2735926244493235,0.4006475671660575,0.3128802002108634,0.4359754877672947,,,,,8334,0,40,0.5037031119774915,0.7257634345667032,0.8935477749242021,0.0965407899364537,0.1754598840115033,0.1752781211372064,,ok,
TAO_id_5,TAO,10000,9426,0,0,954,9046,0.2317725168353776,0.3704681931283862,0.2632972864856258,0.4022713150555125,,,,,8336,0,294,0.5175569567331381,0.9623580732328983,0.9858367334085644,0.1030376165911725,0.1768779981024989,0.1801290322580645,,ok,
TAO_id_6,TAO,10000,9426,0,0,1409,8591,0.2703991569893342,0.4000028656715059,0.29904591457931,0.4317432230311939,,,,,7901,0,42,0.5065973443910594,0.8275777952293422,0.9188671992694528,0.142808737521577,0.2500674959635981,0.251207729468599,,ok,
SWaT_id_2,SWaT,399919,392235,0,0,50118,349801,2.082840045497699,0.0892007605101662,0.0127716333422475,0.0337991408173043,0.1866790378320246,0.0792885132709488,0.0124714891006662,0.0332848774499901,326001,318724,125,0.3831529229464323,0.1060861635571885,0.3937158981378762,0.1013912058734559,0.2227263742201451,0.8518259061737322,,ok,
