dataset_id,n_train_baseline_rows,n_channels_used,sliding_window,VUS_PR_max,VUS_PR_median,VUS_PR_mean,VUS_ROC_max,VUS_ROC_median,VUS_ROC_mean,AUC_PR_max,AUC_PR_median,AUC_PR_mean,AUC_ROC_max,AUC_ROC_median,AUC_ROC_mean,Standard_F1_max,Standard_F1_median,Standard_F1_mean,PA_F1_max,PA_F1_median,PA_F1_mean,err_max,err_median,err_mean,status,error
Daphnet,6498,9,58,0.19827991450301555,0.23232897349608117,0.19303004835225693,0.8647402481342811,0.8877445811447817,0.8581152884946964,0.17828301844296504,0.20608639706051307,0.1706488062230377,0.865343552036877,0.8860493216212749,0.8594447022474814,0.31909706929139464,0.36029276024052675,0.3160777575632445,0.5738332058148432,0.5715374357020385,0.5196604884808592,,,,ok,
Exathlon_id_1,7249,18,30,0.7958526072365764,0.9124478450087609,0.8368071123669177,0.9838615557172895,0.9934309465997877,0.9885050636682072,0.7910083954307086,0.9084331735573445,0.8309126957963722,0.9834664126626279,0.9931249144717661,0.9881663750110201,0.9133491004955921,0.9622004301016014,0.9457854965293749,1.0,1.0,1.0,,,,ok,
CATSv2_id_1,11310,17,97,0.1969160903936257,0.022502978274463646,0.1225274174829472,0.7647715536824577,0.5511119080927319,0.73214228530899,0.18592163660312122,0.020592087768167334,0.11780903225383511,0.7438589387755102,0.5328403163265306,0.7080780969387755,0.31825236432764203,0.0434788287227664,0.2308602649063716,0.2608695652173913,0.4243710215216732,0.6029544769369912,,,,ok,
Exathlon_id_10,7878,18,27,0.6920657740793574,0.8696015296912067,0.7186951490143312,0.9831760013151503,0.9946550879084846,0.9851845818857503,0.6752049954507746,0.8541122067764267,0.7040430228175574,0.9826777989907729,0.9942342632522283,0.9846894697409306,0.7902430937107843,0.9182619667207735,0.8129038692942949,0.9910306312404806,0.9982952608250938,0.9908629441624366,,,,ok,
Exathlon_id_11,7878,18,27,0.6979049237024545,0.88435378430878,0.7303077111410381,0.9825962624901651,0.9950534314848961,0.9847006231581864,0.6932587187942124,0.8775394316473124,0.7245258628229523,0.9821054323552448,0.9946512341814698,0.9842097329411782,0.7895048300797791,0.9186993752413035,0.8152799798731382,1.0,1.0,1.0,,,,ok,
Exathlon_id_12,7878,18,27,0.6952525664245134,0.8741202150756886,0.7251781701233495,0.9821957329680222,0.9947601159780327,0.9842131009909844,0.6910677589493888,0.865608462686426,0.7221280215157031,0.9817434020629376,0.99433759225966,0.9837453107951611,0.7895048300797791,0.9201858028451215,0.8125564949240682,1.0,1.0,1.0,,,,ok,
Exathlon_id_13,7249,31,125,0.7649425580829423,0.8983455330896486,0.7758369904260324,0.9828228179352202,0.9928063565061417,0.9832634251150414,0.7394182092352912,0.8761095211394411,0.7559301948117302,0.9812041635323931,0.9913428185314848,0.9816748538421245,0.8821098803188427,0.947493247087251,0.8833612001919487,0.9912488605287146,1.0,0.9996322853465711,,,,ok,
CATSv2_id_4,28921,17,73,0.42602413128961997,0.040150773637775326,0.37745853501425886,0.8240856414287304,0.5819510639994893,0.7962067856260518,0.47000919093032334,0.038205291793247026,0.44318664840931843,0.8051882718317812,0.5660450761412221,0.7791751230180427,0.546086123866644,0.07499622463706608,0.5227224672900499,0.7586270700342307,0.6019110676397562,0.7377417903733693,,,,ok,
Exathlon_id_14,4048,16,125,0.8271594022322477,0.7594494000478541,0.8274508473075275,0.9782348846694517,0.972764866916676,0.9776006773626756,0.7706308843439198,0.7134113066191585,0.7706580511421948,0.9654638494586146,0.9597253925606546,0.9636046438718482,0.8879890930187716,0.877193572891689,0.8880258978617782,0.9630794701986755,0.9857651245551602,0.9630794701986755,,,,ok,
CATSv2_id_2,3627,17,125,0.1702020554737903,0.05056963493315157,0.16363062312035914,0.776559598205372,0.6257125066460597,0.7517383864062107,0.226081937303032,0.048493822840021156,0.21154358552799918,0.7754723890979861,0.6066751306858393,0.7511492540854403,0.26789317519867867,0.08997899385876275,0.26573994198572687,0.7258430364433691,0.6893382352941176,0.7585335018963337,,,,ok,
Exathlon_id_16,7877,12,10,0.5560431892036956,0.7268075704607946,0.5757622446519581,0.9749574348478366,0.9898109910180889,0.9773157092145084,0.5612805834589409,0.7101595604179014,0.5821675815356891,0.9749306618369226,0.9896525087079966,0.977276483629935,0.7621675080033733,0.8750514469569892,0.7837602323759749,0.9512746047111972,0.9912575655682583,0.9554367201426025,,,,ok,
CATSv2_id_6,34713,17,189,0.4055523945518492,0.020070886387775166,0.3143446359099685,0.8100238526711077,0.45635208319504966,0.7481109941436177,0.40592134617140246,0.018199105192297584,0.3222431121899594,0.7602826250000001,0.41277187499999995,0.69791175,0.4778686546443932,0.03925686791435542,0.40068120681141134,0.688622754491018,0.6429928393979248,0.7220216606498195,,,,ok,
Exathlon_id_18,7878,18,27,0.7022822318355825,0.8742712026161717,0.7306477053698078,0.9830622599241833,0.9946773818189278,0.9851155606528896,0.6977722609095055,0.8665905015905775,0.7248828849606836,0.9825405918763017,0.9942514444037928,0.984626594535819,0.7899732907345962,0.9184594922838957,0.8156139851203887,1.0,1.0,1.0,,,,ok,
Exathlon_id_2,7191,8,10,0.48941233437309234,0.2515650938393354,0.4041632250951611,0.8619410216651193,0.3539208599957655,0.7073590523474382,0.4793372533744402,0.24079084482232835,0.3940751815766328,0.8608650898020493,0.3515552225252184,0.7056092946755463,0.6100624400231219,0.3959811315720961,0.5298536075553155,0.9868403908794788,0.9858128335285695,0.9863263445761167,,,,ok,
Exathlon_id_19,7878,18,27,0.7256895859456245,0.9030979520114759,0.7528763014381227,0.9847343237811146,0.9957579012367673,0.987009412724932,0.72086506379753,0.895537318531955,0.7470526936866393,0.9842740060672581,0.9953359108809295,0.9865414729257539,0.7901668822593169,0.920357446441372,0.8275417561608283,1.0,1.0,1.0,,,,ok,
Exathlon_id_20,5941,7,10,0.42781223218690134,0.2093116897484918,0.314690760181536,0.8654984141449887,0.3581936746618,0.6574655292125697,0.4180864215675727,0.1976967896904296,0.30552282607471015,0.8643012231583529,0.355565288372276,0.6553708381983142,0.5746642000766216,0.4063326768337594,0.46592723641558503,0.9885670731707317,0.9624041553302003,0.9608593653537474,,,,ok,
Exathlon_id_22,7249,31,125,0.7142272217304386,0.9223683434878609,0.7477874362728172,0.975314116149651,0.9942814434596061,0.9770124386844293,0.6929031769357681,0.8985549706611587,0.7243589233844229,0.9736243524837248,0.9928223711364792,0.9753276220452126,0.8579107632865702,0.9571416657982068,0.8615828926774405,0.9941488389102212,1.0,0.998714180749449,,,,ok,
Exathlon_id_21,4602,12,125,0.785297622181729,0.7681469512080368,0.7860740005906036,0.9796713140670082,0.9818384692347736,0.9810687156701798,0.733551807041309,0.7240727513565471,0.7349135275995189,0.9731962204598952,0.976486654079329,0.9754277312900629,0.8732930666810277,0.857299465629191,0.8738774715785688,0.9646404449741756,0.9831949787406358,0.9645446419704042,,,,ok,
Exathlon_id_23,7878,18,27,0.706232542588823,0.8769422998973494,0.7351581727237152,0.9835954844889007,0.994829738505965,0.985734400617319,0.7023585778283434,0.8697666853761025,0.7301742565008407,0.9831106390563686,0.9944070822081242,0.985243343209684,0.7905725473399426,0.9198867252191721,0.8210239106089456,1.0,1.0,1.0,,,,ok,
Exathlon_id_15,8489,19,125,0.40460397274587845,0.888999029066373,0.40463962742752646,0.6642669043870378,0.9863862847663429,0.6643150132889878,0.5133166336272503,0.8636947951487084,0.5133168264238442,0.7642717946401264,0.9769561998153607,0.7641538269820638,0.5881183972381538,0.8746164386956894,0.5881183972381538,0.7918781725888325,0.9991624530818625,0.7918781725888325,,,,ok,
Exathlon_id_17,8489,19,125,0.3957752848142605,0.8857898996197333,0.39585312425355107,0.6630852303823636,0.9866264106796573,0.663243609863001,0.4993436093577685,0.8538675695103037,0.499380854339926,0.7622800134599308,0.9777411338597124,0.7623919224141549,0.5767757034478184,0.8801322136425848,0.5767757034478184,0.7893738140417458,0.9988526064440103,0.7893738140417458,,,,ok,
Exathlon_id_24,7249,31,125,0.7372333300553524,0.91111754167589,0.7460612316597688,0.9807575212845118,0.9936575461893574,0.9807304160819345,0.7113549420837728,0.8864577517528704,0.7180958333743377,0.9790694922103608,0.9921694177375913,0.9790559088714468,0.9065402889224844,0.9552267960350744,0.9108404567665739,0.988275924747796,1.0,0.9976146788990826,,,,ok,
Exathlon_id_27,7249,31,125,0.7459056009195584,0.9195702591430313,0.7598222340867279,0.9812929435439296,0.9941581257267841,0.9817660516752793,0.7195685730776886,0.8950093090200802,0.7316315614736809,0.9795807859012939,0.9926947395619117,0.9800765020099602,0.8921964840336957,0.9575081429400358,0.9105280754069306,0.9918817841831615,1.0,0.9979809104258444,,,,ok,
Exathlon_id_4,7878,18,27,0.6912807384177286,0.8735822904013298,0.7236559213897558,0.9820685315660989,0.994729585885889,0.9839453667053899,0.6871456456180094,0.8653163933009028,0.720015250151736,0.9815665455364243,0.9942946628095916,0.9834939193093153,0.7902404345261751,0.9182619667207735,0.8105111757498386,1.0,1.0,1.0,,,,ok,
Exathlon_id_3,7249,31,125,0.73260721802288,0.9176073613833887,0.755874948887078,0.9778214924917957,0.9941647453782051,0.9793890598632136,0.707122985742134,0.8930775044553234,0.728793440903782,0.9760895354264941,0.9926877157195152,0.9776824275286956,0.8655467032251578,0.9595603772797537,0.8714178119954638,0.9948764867337603,1.0,0.998347410943812,,,,ok,
Exathlon_id_6,7878,31,125,0.7824411234764188,0.8840624040047221,0.8119652067294956,0.9857713560066376,0.9923546821858138,0.9872634669051911,0.7508248319317996,0.8639738520143037,0.7845320971136915,0.9829439975054217,0.9901063588254141,0.9845317311503399,0.7255590272623614,0.7864602057602389,0.7251505729251121,1.0,1.0,1.0,,,,ok,
Exathlon_id_7,7249,31,125,0.7656622885956066,0.925551649094691,0.7729217993427221,0.9835700360117922,0.994531111605289,0.9833836382180441,0.7389100433806924,0.9016772862257415,0.7455671444183581,0.9818938686856153,0.9930448905693908,0.9817283367116452,0.916881907625448,0.9585685891869871,0.9188817415219779,0.9889949977262392,1.0,0.9986224630360915,,,,ok,
Exathlon_id_25,8489,19,125,0.39834598980915287,0.8833921455211494,0.39838652701266186,0.6632444170495781,0.985816672529604,0.6633595090276226,0.5044730342660865,0.854126013065549,0.5044957272917475,0.7628286695845149,0.9758885749404784,0.7628372571863942,0.5804252482057365,0.8712371069355755,0.5804252482057365,0.7882007653155998,0.9986977551779734,0.7882007653155998,,,,ok,
Exathlon_id_26,8489,19,125,0.39167933021134593,0.8849157352543767,0.39171264049259996,0.6627705080024744,0.9863143380040214,0.6628210118848511,0.49325688482848035,0.8543607824459921,0.49326039038823993,0.762248205127518,0.9765389316386371,0.7621491064748761,0.5759726737261682,0.8778280214036106,0.5759726737261682,0.7913760304375397,0.9982025536134871,0.7913760304375397,,,,ok,
Exathlon_id_8,7877,12,10,0.5530202115473934,0.7367442767702896,0.5769976599371422,0.9749895944051221,0.9903247242072564,0.9777547349531139,0.5572254962299233,0.7191168736333635,0.5775782541095247,0.9750686691589633,0.9901637535806077,0.9777733705256157,0.7587891265182432,0.8823212727069911,0.8018156131926734,0.9385546004457179,0.9808684079188155,0.9474529969468102,,,,ok,
Exathlon_id_9,7249,31,125,0.7327636032567688,0.9228457114954416,0.7545184578595886,0.9749934811522557,0.9943590447543427,0.9760437003462944,0.7162536507475306,0.8982758008374728,0.735507757551363,0.9733280851495769,0.9929170634807691,0.9743954941283637,0.8717276932297688,0.9586138536908596,0.8769882328539361,1.0,1.0,1.0,,,,ok,
Exathlon_id_5,8489,19,125,0.3915879926786963,0.8676542509417245,0.3916310232936708,0.6624774400366865,0.9852903025383157,0.6625471017261167,0.4911313703506361,0.836945598724471,0.4911414341607933,0.761974149116676,0.9755907958235693,0.7619130866059292,0.5775874247384704,0.8757614349526278,0.5775874247384704,0.7804016773339219,0.9969975547095057,0.7804016773339219,,,,ok,
GECCO,11028,9,57,0.1912350907701388,0.13822469614420402,0.19111281182890455,0.9158498542102014,0.8159945251708173,0.9129904132387634,0.3793065861014002,0.348801452302274,0.3853988398707058,0.879147794843355,0.8099529677435559,0.8793659956790143,0.4615341414799874,0.4025618965743432,0.4842867081520035,0.5400078833267639,0.5111381125961928,0.541501976284585,,,,ok,
CATSv2_id_5,21205,17,296,0.4476502075927068,0.05902209428998837,0.3903827550487631,0.763883406328683,0.5551847201861605,0.7512705965422153,0.45173941436638493,0.05431523366880536,0.4130769286456264,0.728462297214449,0.5283070683994455,0.7185627699342478,0.5014758669311792,0.09964929810357534,0.44086215756726077,0.74757039621231,0.8727353071144498,0.7516913054372337,,,,ok,
GHL_id_1,34713,19,125,0.007494327538352928,0.006277351695234306,0.005709163918305429,0.37589615753288985,0.2912478035575841,0.150138175128839,0.006716140548233499,0.005797268908287341,0.004853227925053836,0.3493329752480603,0.265392204989179,0.11617761611503757,0.021793035314657025,0.020243025556085766,0.01833026177595466,0.41348667015159435,0.05101086641085996,0.07247903972144591,,,,ok,
GHL_id_10,34713,19,125,0.008721983661269243,0.006008081646468533,0.006448311726402108,0.38726673322936,0.26945322793434984,0.18421070463404787,0.0239181121758783,0.005666710285314226,0.005217528905756397,0.3687006964262215,0.2502957564874364,0.15862025885620074,0.039530016667164866,0.019961170944893785,0.018379347756084755,0.24503311258278146,0.018379529860543458,0.1477888730385164,,,,ok,
GHL_id_12,27669,19,125,0.003539937909255309,0.0035607468632649427,0.004207471434236443,0.25915868162500594,0.2721367063624896,0.1209633730417906,0.003313869818269841,0.003325920974129766,0.0028086785052191406,0.24262762232453017,0.2513816590382094,0.09655850446050132,0.011972586412180164,0.011454053099987422,0.010454954663695643,0.010455058666706457,0.057544897065265,0.010455058666706457,,,,ok,
GHL_id_11,34713,19,125,0.005420747040799656,0.006152884395576462,0.006039754596550737,0.3237659794824982,0.40145845535438696,0.28274424278044763,0.004971710863299558,0.0058446020868795035,0.004791037816202525,0.297670047690205,0.3790759913996685,0.25128932778025903,0.016725391273345096,0.018113744253685945,0.015341182540457098,0.12873326467559218,0.5679236710586097,0.2517116391461941,,,,ok,
CreditCard,213,29,30,0.0382200298062855,0.049728434619386135,0.04360230314820844,0.7261834381797456,0.7319760498057817,0.6946538707202117,0.005078518431343276,0.0062253276789283,0.005598751577742856,0.6205857210076594,0.6131282519145647,0.628542593244725,0.024535093228373644,0.03293630145513185,0.025440610771670612,0.02886002886002886,0.0367504835589942,0.029197080291970802,,,,ok,
GHL_id_14,34713,19,125,0.009972401175916768,0.007155701104386844,0.006863334196946577,0.43269025768250857,0.3971114120462485,0.2592735119148969,0.008026479206874172,0.0065058001274651295,0.005177572940315788,0.3963327139139601,0.3638324610407983,0.21533226593466234,0.039839607075037795,0.019409728656194804,0.017554380417597992,0.7513788714467543,0.45406579764121663,0.21018604985274048,,,,ok,
GHL_id_13,34713,19,125,0.006544276992442564,0.006057040312728328,0.006049156302598903,0.26471007907725286,0.25344879701525336,0.13719527707884194,0.005749369778832324,0.005504266529544509,0.004798438321357349,0.23518050158259507,0.22723091708107634,0.10366771390580276,0.020218759590570526,0.020168681887142527,0.01832044428811351,0.3546961325966851,0.03096960926193922,0.1182211582727189,,,,ok,
GHL_id_15,34713,19,125,0.005275198689735183,0.004459431396872033,0.006327924575198861,0.2534497802206656,0.23431205020822424,0.44883302714708206,0.004060057570919468,0.003875690321929656,0.005057809461498447,0.21983168630611216,0.20585139527801383,0.42471909594969126,0.013366320310210114,0.012675604062953622,0.017581276521722353,0.14413680781758959,0.5178683385579937,0.13049660329664542,,,,ok,
CATSv2_id_3,19527,17,125,0.4114346755960945,0.09201248253303851,0.330627095994682,0.7915646688751968,0.5807348858162805,0.7661120073216882,0.43786698451619965,0.08905891564882823,0.3595082198978964,0.7819419271313364,0.5698967910906297,0.755692855798771,0.46343637212876554,0.15056274660552718,0.3677681847993183,0.6619757429867605,0.7986086462696103,0.8219621816414949,,,,ok,
GHL_id_19,30337,19,125,0.004383780443231581,0.0038675708234840642,0.00606908820607909,0.1361251381547866,0.14603366205321025,0.40591292797428163,0.003383869203151529,0.003410175082571185,0.004970905617946495,0.09917372098575229,0.11159929668999757,0.3814381529293349,0.01284795992669998,0.012828178897802424,0.01844436516986953,0.012820148868159133,0.0680838233077039,0.03598406374501992,,,,ok,
GHL_id_16,34713,19,125,0.011145228763646733,0.009337361315409519,0.009175603494782046,0.3279260387852666,0.29259735247721863,0.15927828193096813,0.009892461995851988,0.008678860258777631,0.007326772151106591,0.3017955895348621,0.27038418840895606,0.12592647969135412,0.029979958903004738,0.031180399423582035,0.02691264243081931,0.6847169389125084,0.07247649439934892,0.46070460704607047,,,,ok,
GHL_id_17,34713,19,125,0.01390159403604417,0.014721510468775775,0.011586337507346615,0.3367072377221342,0.36633775780101163,0.15003061286116498,0.012212781477841035,0.012840821689203127,0.009407201603157984,0.30258481027920064,0.3426698602333406,0.11223475465401128,0.041323032696070246,0.04843249258963598,0.035199056904978265,0.35933993399339936,0.07129266927811975,0.03519940270061842,,,,ok,
GHL_id_18,34713,19,125,0.019655937201857564,0.017235933398687814,0.016989742053458746,0.28652409984880556,0.22581460419360175,0.15611631359729877,0.01819237193443457,0.01625017508176351,0.014888242139559433,0.26259600351412626,0.20387655009691308,0.1293550212096014,0.059578139206322316,0.05802344422490111,0.053991466837913706,0.6104207543056464,0.3076737451737452,0.4127662710989902,,,,ok,
GHL_id_20,34713,19,125,0.0037256647609799714,0.0038428607296776343,0.004710554179662117,0.2481503034141853,0.27887367923496853,0.17139716659099524,0.0034683475638688246,0.003596913041519376,0.0031877466957122135,0.21709412819880305,0.25374468853743587,0.13891796406925155,0.012015848568993355,0.012185455707656263,0.011839378109576377,0.040287526427061314,0.06901547198238396,0.04030320462928497,,,,ok,
GHL_id_2,34713,19,125,0.006940122264526018,0.00692841055165465,0.00667403969874316,0.3736945470926084,0.3797643437186061,0.24352312278435073,0.006245765104210543,0.006326112423875963,0.0052353871311022005,0.33808033257961784,0.3465706691495585,0.20211018190589997,0.019695781009681813,0.019700402780867897,0.01830080902060451,0.045993129075229615,0.09723355531573268,0.0792024013722127,,,,ok,
GHL_id_21,34713,19,125,0.0031042539200263537,0.003111222375164877,0.004166393610178996,0.20369645899847438,0.2310885077522435,0.02919943844952628,0.002836238219089046,0.0029284006873906616,0.0024346147976336656,0.18106039316431344,0.2111038899113843,0.0036400124538098553,0.010414887115453767,0.010396654412972406,0.00966298955581098,0.009663085718835056,0.009663085718835056,0.009663085718835056,,,,ok,
GHL_id_24,34713,19,125,0.004175670613700101,0.004635407013023796,0.004595027463633734,0.4284420458498189,0.47492730348142986,0.24566304477341824,0.0038134297301378114,0.004209490174112623,0.003027929913729255,0.40039036087769375,0.450502958100103,0.20933089988607,0.012367161881457325,0.011785165196380967,0.010039251583246688,0.07930519531557023,0.10323834859569243,0.07719378777446255,,,,ok,
GHL_id_23,34713,19,125,0.013473568540434683,0.01526512929738611,0.012118740815493684,0.3270460928029494,0.4055405485272136,0.17766102518745602,0.012358660634093221,0.01394753673608588,0.01026928097925333,0.3058996572744251,0.38653429709556725,0.15138749685209735,0.04395388820036476,0.0459568004311029,0.03665509946466988,0.39680444598819037,0.6077849537441089,0.5639779721412375,,,,ok,
GHL_id_25,34713,19,125,0.010303539524223379,0.010556996667823991,0.01088486953507966,0.23398892982877204,0.21319809795438047,0.2166914004235167,0.009206893438458503,0.009554491009790875,0.008986632440787378,0.20157809072629812,0.18158497719137157,0.1832825612128182,0.031626932962935644,0.031017112524300332,0.030953259988232697,0.41541413495362967,0.6356986100950988,0.4634048793494201,,,,ok,
GHL_id_22,34713,19,125,0.029298053448363184,0.025349808913837837,0.022486987023260033,0.47450476267829034,0.39856618734571386,0.27722303679472743,0.02731291368022187,0.023744857077345763,0.020153551190385175,0.4538991249671044,0.3793169782945674,0.25405368416173657,0.07969458698499006,0.06757999723383577,0.06676200378159364,0.47943888228972226,0.3115906886517944,0.4646098003629764,,,,ok,
GHL_id_3,34713,19,125,0.006335559270618181,0.0061458902531955,0.006348352753164522,0.24406204779459398,0.24170421753457205,0.1518101816035959,0.005637243041042393,0.005572709970407543,0.005073925047072252,0.21591299225544835,0.2127990624460646,0.11970123079077705,0.020866314111293686,0.02042479531008264,0.019312055264717815,0.10509486250266467,0.06827782009556124,0.06980778080640022,,,,ok,
Genesis,2551,18,125,0.08766786368226545,0.010321191020506585,0.12295692361674462,0.9706984012495827,0.725255961185702,0.9753477213738986,0.027761339670597924,0.0034847658699877783,0.03150977073013481,0.9161682127396412,0.592404452690167,0.9074681508967223,0.08766995685850464,0.010446028884766043,0.10837287703542164,0.15458937198067632,0.013542628501077255,0.1908548707753479,,,,ok,
GHL_id_4,34713,19,125,0.009670500751614016,0.009905697865515194,0.009063934287343686,0.3353896163646527,0.3584003312292567,0.17182049691358506,0.008864633418155228,0.009102068705264699,0.007232785594618573,0.30495548199751554,0.32971969609340174,0.13471552243258245,0.02947424570646288,0.02919050240124019,0.026766642823668696,0.427056164145366,0.09669211195928754,0.1435082388687624,,,,ok,
GHL_id_5,34713,19,125,0.008779936770553989,0.008748525591689173,0.008275293482848821,0.3937564296796447,0.37058530670732764,0.2611017316723256,0.00812424169293633,0.007996090205672789,0.006804084076613851,0.3684105818213676,0.34716927412915843,0.22994984467916912,0.025340120722054185,0.02449021078932909,0.02257211360209605,0.24271941158930524,0.23549435246789416,0.36633663366336633,,,,ok,
GHL_id_6,34713,19,125,0.007169852195489521,0.006429494739185726,0.00636687869844115,0.3197808420567121,0.2942985544872258,0.15388913908616283,0.006345002315486798,0.0059251140949754845,0.004937073573138297,0.2932358606275761,0.270577808482102,0.11975436216026344,0.020746142163515644,0.02073962620883272,0.018487328353181284,0.22053808260704813,0.07707588398887565,0.06674311926605504,,,,ok,
GHL_id_7,34713,19,125,0.006716224499161661,0.006561960542238355,0.007025337070839698,0.39959886972182734,0.3565773140826088,0.3143015582591227,0.0061199650748066685,0.0059552445193063195,0.0056025368073227624,0.3735513248542589,0.3292285867789856,0.282993738677513,0.019393067790874345,0.01807630250265701,0.01680738930177444,0.07190254531048826,0.5924112607099143,0.22574626865671643,,,,ok,
GHL_id_8,34713,19,125,0.003996430659147431,0.004094633121607741,0.004217563939436239,0.28687913783892277,0.3309647127557115,0.2181869928057409,0.003645915197865149,0.003790515124759445,0.003307227720144828,0.25947390179230057,0.3053706089070824,0.1867720882513852,0.013052784134827643,0.012791602085435257,0.012241076047434305,0.011612184840531297,0.07022607022607022,0.011612184840531297,,,,ok,
LTDB_id_5,10564,2,7,0.006125250327331803,0.005886941428541153,0.005886941428541153,0.5023114246196836,0.4852093022597345,0.4852093022597345,0.005867910236002286,0.005739637296116808,0.005739637296116808,0.568637420956026,0.5593139413443833,0.5593139413443833,0.013217422917165095,0.013228179066106696,0.013228179066106696,0.07442339020835119,0.087003367003367,0.087003367003367,,,,ok,
GHL_id_9,34713,19,125,0.009053152383862928,0.008818383511726703,0.008284813194698551,0.38640508260678696,0.3619394541751387,0.26033402373995174,0.00842529271252357,0.008152068141698655,0.007085212638347652,0.3628890739416081,0.33933356361586436,0.23175919808357698,0.02618449582565591,0.02538148561485793,0.023588238491222345,0.2607794361525705,0.16883639779895315,0.4093053522043273,,,,ok,
MITDB_id_10,25963,2,255,0.034769874708952674,0.03042868708372543,0.03042868708372543,0.7771717541706427,0.7715905387556405,0.7715905387556405,0.15472342408729578,0.13783312128777284,0.13783312128777284,0.6957994566991336,0.6918913658496479,0.6918913658496479,0.24668071545998102,0.22655872415689549,0.22655872415689549,0.6666666666666666,0.6666666666666666,0.6666666666666666,,,,ok,
LTDB_id_1,2245,2,100,0.6345647628816332,0.6378944844441564,0.6378944844441564,0.9347782622781889,0.9340087242618477,0.9340087242618477,0.4599869466036526,0.46550575404317945,0.46550575404317945,0.8773319736270508,0.8766303496695169,0.8766303496695169,0.5746990234017211,0.575873904002595,0.575873904002595,0.8152732144566015,0.821296265941055,0.821296265941055,,,,ok,
LTDB_id_4,2832,2,115,0.532684022377373,0.5486605620377428,0.5486605620377428,0.8786281450954936,0.8844567617941412,0.8844567617941412,0.39007252205325593,0.4086541145006376,0.4086541145006376,0.7883061673266963,0.7949663485002025,0.7949663485002025,0.4744527800959754,0.48434448896819887,0.48434448896819887,0.924697241023462,0.9203844917754989,0.9203844917754989,,,,ok,
MITDB_id_1,25963,2,140,0.40666098752270813,0.42191831484506703,0.42191831484506703,0.812200622908942,0.8157585441371626,0.8157585441371626,0.41183852661087517,0.4271621220590352,0.4271621220590352,0.8108993742311111,0.8144947162933065,0.8144947162933065,0.43381842887913463,0.435468452861714,0.435468452861714,1.0,1.0,1.0,,,,ok,
MITDB_id_11,34713,2,59,0.2315488618736927,0.22718749713551115,0.22718749713551115,0.9006457888353732,0.9005889078680708,0.9005889078680708,0.2392155935842058,0.2349130277732106,0.2349130277732106,0.8754388232344338,0.8748280484747178,0.8748280484747178,0.5016140803015123,0.49940952297970165,0.49940952297970165,0.9176717357105402,0.9176717357105402,0.9176717357105402,,,,ok,
LTDB_id_2,213,3,95,0.16133947386331263,0.16342094300914334,0.16259807377049387,0.4911845512081929,0.5008454115375299,0.4897898613042102,0.11905061976043305,0.12193478857399004,0.12116890691575982,0.4018199170076308,0.4119145860768628,0.4065215898623635,0.2587020494871929,0.2587088068239194,0.2587020494871929,0.44612197928653624,0.4481078608785571,0.4266831038969934,,,,ok,
MITDB_id_5,17213,2,271,0.03863521835227516,0.03646410565971176,0.03646410565971176,0.8990737417975592,0.8962984386100858,0.8962984386100858,0.06471149349826406,0.06372283891746869,0.06372283891746869,0.8236636920821605,0.8287882740766067,0.8287882740766067,0.0777753858760296,0.08064398943235115,0.08064398943235115,1.0,1.0,1.0,,,,ok,
MITDB_id_6,34713,2,125,0.19069851967897594,0.18753707732007355,0.18753707732007355,0.9273575033755016,0.9247208251841366,0.9247208251841366,0.3500122658313753,0.3545015522202134,0.3545015522202134,0.9066852144176113,0.9034588967374441,0.9034588967374441,0.4893218920839814,0.5042253078066966,0.5042253078066966,1.0,1.0,1.0,,,,ok,
MITDB_id_7,25963,2,240,0.42286484080059,0.40871371111001736,0.40871371111001736,0.9459680463943214,0.9468501472202439,0.9468501472202439,0.3564685264169329,0.35327061241381374,0.35327061241381374,0.8996450757339044,0.9040967934760995,0.9040967934760995,0.4313892503213374,0.4219863168496591,0.4219863168496591,0.8404562737642586,0.8373996060009092,0.8373996060009092,,,,ok,
MITDB_id_4,34713,2,125,0.09553148187137435,0.09628936545968395,0.09628936545968395,0.6303017674168807,0.6248950465425254,0.6248950465425254,0.10831798893475472,0.10901738313100612,0.10901738313100612,0.590502944438978,0.5853425060304644,0.5853425060304644,0.13585940424136267,0.1361972283003406,0.1361972283003406,0.7413281281769754,0.7630123066501072,0.7630123066501072,,,,ok,
MSL_id_1,213,12,125,0.05518880490010402,0.09856726064628059,0.18716275713199695,0.8738883078652636,0.8549711008040662,0.9261405787621149,0.007244401453993837,0.0059764532761257,0.011514531829392891,0.5555166199439328,0.49013816579895875,0.6345614737685222,0.017241007201848013,0.01520895957618543,0.03652872628166973,0.11702127659574468,0.058823529411764705,0.1981981981981982,,,,ok,
MSL_id_10,780,8,125,0.2579107117743429,0.07591651770250124,0.2579296467964227,0.9372636883189387,0.6597164525164653,0.937711398753795,0.14310913912076795,0.06703952666902814,0.1434765607594105,0.890169181995015,0.6202529864861581,0.8933881031640576,0.38201831753034415,0.13912553174179032,0.38201831753034415,0.6822916666666666,0.9924242424242424,0.6822916666666666,,,,ok,
MSL_id_11,252,12,244,0.46082873767834365,0.07644657058924842,0.4325502044168313,0.9616217534149902,0.6324048580386539,0.9449901311101836,0.3434729205291091,0.04105224391905582,0.30308271128377023,0.8941051769410518,0.4795548167955482,0.8348100503481005,0.44764879620065146,0.11580665787700077,0.44363171601563206,0.9758454106280193,0.38476190476190475,0.957345971563981,,,,ok,
MSL_id_12,267,9,125,0.04608307570555692,0.01636025262436233,0.015849834359320338,0.837490902890565,0.5032326044542271,0.5058235531711945,0.020781880705633228,0.007236964511086154,0.007532116394219353,0.7315412689500281,0.22338222908478383,0.2498947220662549,0.062499394537115414,0.02349728247376064,0.02581901028702855,0.4126984126984127,0.0933572710951526,0.12380952380952381,,,,ok,
MITDB_id_9,17213,2,119,0.02071500109822748,0.02018607915894216,0.02018607915894216,0.7904214471604184,0.8013374543652888,0.8013374543652888,0.026504557770686436,0.02276211905904872,0.02276211905904872,0.7530755515492938,0.7606169819243421,0.7606169819243421,0.05808133806922623,0.058889116898421294,0.058889116898421294,0.9988465974625144,0.996547756041427,0.996547756041427,,,,ok,
MSL_id_14,288,10,15,0.24233834286101236,0.11832714725364675,0.17716118717437573,0.727325937806234,0.49275928353690146,0.6743911816883559,0.2351428740631324,0.11587759804388958,0.17098239759841133,0.7185057467449494,0.4850647691179253,0.6661693787939635,0.40291478149771454,0.26559099171443606,0.34126665242789617,0.9933993399339934,0.9725363489499192,0.9616613418530351,,,,ok,
MSL_id_15,213,11,9,0.28366885705316547,0.4572728089934193,0.28493965331822296,0.8143578356519612,0.8860150227800216,0.8254321245010896,0.24194383782774576,0.4362679277989689,0.24586944924959073,0.8271042029616725,0.8719829776422765,0.8463496297909407,0.4988084463832796,0.5991853267960712,0.4988084463832796,0.6778242677824268,0.9739130434782609,0.6778242677824268,,,,ok,
MSL_id_13,780,8,125,0.4560392634881125,0.0823751448124125,0.45615052729197664,0.9335177418372783,0.6222185078457558,0.9342786559760272,0.23860824739413977,0.06289096857255037,0.23896390530133543,0.8866465236493771,0.5712608240715591,0.8888064375515126,0.4949651878704937,0.13102979113112662,0.4949651878704937,0.9329896907216495,0.9890710382513661,0.9329896907216495,,,,ok,
MSL_id_2,596,55,40,0.13048548520322173,0.0788059798827572,0.110510053808048,0.7729223302285216,0.6213187885426732,0.7201676204537655,0.11425469675380409,0.07175417137562312,0.09537084166573079,0.7413235613982037,0.5887670491620646,0.6864214133761983,0.3021213674571504,0.17029905496487935,0.2641476856861692,0.6137281292059219,0.4550898203592814,0.580335731414868,,,,ok,
MSL_id_16,225,12,125,0.3152603410980918,0.08435911831849814,0.15768743963703336,0.7808800279240984,0.5022679857173435,0.6598513717122442,0.23364173176591208,0.07631596451127995,0.1303445731465492,0.6943077359896836,0.46641901404285024,0.6028931583990914,0.3049718005653479,0.17479507772784594,0.21478930485437786,1.0,0.5323529411764706,0.9972451790633609,,,,ok,
MSL_id_3,243,9,125,0.11335666876871163,0.08465947516885801,0.09074437494661966,0.43102875938266333,0.20493517773734174,0.2646181100356658,0.07872478854912167,0.05879494655004859,0.06302083333333333,0.42291035080121264,0.1972715461238631,0.2570376786487657,0.14595763367380607,0.11105907040125339,0.1185682133710452,0.1448234590065829,0.10651408450704225,0.1171912832929782,,,,ok,
MSL_id_4,568,10,228,0.13260456392183134,0.051016029012811985,0.050613199828362425,0.9076898101637519,0.7635244191276722,0.7615438298442956,0.05540469120806779,0.028997746812382603,0.0315098534497935,0.8201966198864329,0.6661454852661177,0.6959747142959217,0.12633933275662032,0.07965988598273308,0.09215165773850029,0.6425339366515838,0.19505494505494506,0.17359413202933985,,,,ok,
MSL_id_5,518,10,9,0.12915308035505246,0.0720328371782643,0.09007421115319131,0.48045552120104656,0.37697178115318425,0.4899650419742855,0.11901796219561434,0.06928014159151936,0.08610485889953724,0.4689891792029559,0.38769970897125083,0.4800305067146933,0.20067915688469906,0.17271636392586304,0.17787895132570206,0.9266155531215772,0.31444759206798867,0.7045951859956237,,,,ok,
MSL_id_6,399,11,260,0.7371851672736608,0.07228500153097091,0.6967609562333976,0.9455666087928036,0.6611140273921565,0.9484809104598091,0.2961169829421689,0.03189037250411933,0.26566617599865383,0.7921941761894978,0.4531409976098528,0.8333219182292187,0.5689100214564453,0.08513035363818709,0.5410284683708981,0.9179331306990881,0.3471264367816092,0.9041916167664671,,,,ok,
MSL_id_7,369,10,181,0.47380876332838445,0.16263850448268433,0.47796525345440954,0.9168115258021846,0.4697434106025071,0.9177459725803421,0.348071705509379,0.05449974052712403,0.34683773747198904,0.890832780345889,0.19974468850873345,0.8764438595899271,0.4748820607670004,0.15595219749027606,0.46988987456645115,0.9481132075471698,0.42488038277511964,0.9481132075471698,,,,ok,
MSL_id_8,427,12,125,0.1606430661256549,0.009653924364151144,0.15956252081097874,0.8927956456544803,0.4822537773708135,0.8711892775375677,0.012390416489862874,0.006305581994406223,0.01019141986882924,0.5488368186780885,0.41116990005878895,0.49708574787939863,0.055297791046789946,0.021638116717238032,0.047998461169334906,0.1875,0.029186935371785964,0.19090909090909092,,,,ok,
MSL_id_9,267,10,70,0.09613971647347035,0.03167914316628908,0.048754777960414906,0.8388376325615795,0.486860358119676,0.5834859572564316,0.07838044182104659,0.024402584356558576,0.04043134656518971,0.8034572099425149,0.3936995654872749,0.5053302026826437,0.15107761892731242,0.061693675807137284,0.08999714521555614,0.9857142857142858,0.8789808917197452,0.9387755102040817,,,,ok,
MITDB_id_2,34713,2,125,0.013852074454663394,0.017368817014387673,0.017368817014387673,0.8083501376167888,0.814745211490198,0.814745211490198,0.01932363300527675,0.026169547894250644,0.026169547894250644,0.7829179939037239,0.7914276689936078,0.7914276689936078,0.07079148750177912,0.09249375410717954,0.09249375410717954,0.8941076003415884,0.9084598698481562,0.9084598698481562,,,,ok,
OPPORTUNITY_id_2,444,229,35,0.08881010431272267,0.058886482818436905,0.08539715755474096,0.44940868547568336,0.1511605943802622,0.4242017170161605,0.08477136888959222,0.05674705876853231,0.081387446034723,0.44123671012082144,0.14010818635203637,0.41634639805144624,0.20748967938970111,0.16657634546777603,0.19757757822463629,0.16660746003552399,0.39728928420160947,0.16660746003552399,,,,ok,
OPPORTUNITY_id_4,608,229,125,0.0513048007936139,0.04061194117777155,0.0491331305802699,0.45697780627885387,0.32394738939637885,0.4535375730429154,0.044080694453779545,0.0350930499656151,0.042921116624722526,0.4140700683261256,0.2693646364119919,0.41322363636830833,0.10736805829252942,0.09174608734095552,0.10617621363575637,0.5090063916327716,0.39282511210762333,0.42503639010189226,,,,ok,
OPPORTUNITY_id_1,973,229,34,0.020249669346737626,0.022753229889660897,0.019777299894612976,0.22946409703785,0.31314056143521846,0.2293491814403154,0.019448743236141094,0.021843441458588648,0.01879886857663004,0.2686554331880028,0.32082471158561554,0.25125805580389327,0.05800193066787083,0.05674206072680774,0.05748170272594797,0.28309178743961355,0.5073593073593073,0.32829131652661064,,,,ok,
LTDB_id_3,213,2,73,0.5841319052557925,0.5800523863725231,0.5800523863725231,0.751168989776753,0.7476703275109541,0.7476703275109541,0.48533795120430967,0.49410949764020934,0.49410949764020934,0.6769893731144763,0.6808470399479407,0.6808470399479407,0.5348633286664823,0.5305866800876805,0.5305866800876805,0.9003149262573664,0.9011079716816407,0.9011079716816407,,,,ok,
OPPORTUNITY_id_5,934,229,125,0.7957777477591715,0.7808619489524715,0.8165783178020178,0.9782557645198715,0.9600676786589738,0.9796282810756427,0.7541443221951211,0.7483363816174627,0.7789955061984382,0.9732121794871795,0.952676923076923,0.9748948717948718,0.6616491831452116,0.7179438661788516,0.6550876543582134,1.0,1.0,1.0,,,,ok,
OPPORTUNITY_id_3,4624,248,36,0.009057959299245173,0.0145535386849433,0.00857758054642695,0.33027037701901,0.5411306590916785,0.3309637966580299,0.008306821085108438,0.012936872258978518,0.008142518307123337,0.3217411350307226,0.5214093269003854,0.3217390591813724,0.02721205984260857,0.03550777513183937,0.02516534785077313,0.02324352879027998,0.7440811724915445,0.02324352879027998,,,,ok,
OPPORTUNITY_id_6,746,229,125,0.016729377091121867,0.017568149938464565,0.016411450846761048,0.21576992781338408,0.24970531599194845,0.1893269782217538,0.01518530844803675,0.016020983395860368,0.014996287717611372,0.17890156533258955,0.21951305605912705,0.15767073978524615,0.04390532780491957,0.04641994539785273,0.04397603321055162,0.04208903906574189,0.07824553669825876,0.04208903906574189,,,,ok,
OPPORTUNITY_id_7,1172,229,125,0.029165590255331404,0.030937988082814172,0.028741974450627743,0.30318936683598696,0.30511583202775133,0.2884650762099594,0.02586790781505822,0.028990362659390204,0.02604898574676277,0.25831788048307935,0.28328384168353005,0.24667416464478384,0.07452552158237376,0.07332306561223903,0.07328693453589248,0.6097201767304861,0.7936102236421725,0.638560411311054,,,,ok,
SMAP_id_1,1149,25,37,0.8572025883604316,0.3449067947084481,0.8652551607393755,0.977816168911113,0.4556341525836826,0.977953732808384,0.8531671510831926,0.3454386313984571,0.8610887893538498,0.9754377490671623,0.4510236295390886,0.9749418801336279,0.8907513193591394,0.37203075435582245,0.8915814567988767,1.0,1.0,1.0,,,,ok,
OPPORTUNITY_id_8,759,248,35,0.01539323604919455,0.0150360596187626,0.015277336070668137,0.17865508580860337,0.1487304514458441,0.15934184428163956,0.014698161321577828,0.014334829384191047,0.014480585688788466,0.22608867294260554,0.1940177345885211,0.2102041299726693,0.045613333280013164,0.0453206114127837,0.0453107544609556,0.1050390347764372,0.16113228089275994,0.1050390347764372,,,,ok,
SMAP_id_10,1001,25,125,0.1796256898369304,0.012018454303397827,0.1796156204373044,0.9692780798929324,0.6978756689268203,0.9719856135523722,0.10812685594223367,0.006536004576511698,0.10754892711721542,0.8822104491536719,0.598583899773424,0.8889544182327069,0.18589515309345048,0.018017814920560947,0.18649288781875137,1.0,0.12312312312312312,1.0,,,,ok,
SMAP_id_12,1047,25,6,0.12628018777123803,0.009862420031519561,0.12648452572581767,0.7539698750085246,0.5712174845280186,0.7651336301588284,0.12986980082864558,0.009649855567463063,0.130055231697374,0.7420444223617917,0.5622847264813277,0.7534489049678206,0.28282328750788016,0.027247285735831656,0.28282328750788016,0.9532710280373832,0.4594594594594595,0.9532710280373832,,,,ok,
SMAP_id_11,1194,25,95,0.07143175762593475,0.03318020206445909,0.024696939430490557,0.8774988338339269,0.7012892752042862,0.6850230550471593,0.05195090302513567,0.02574434091452573,0.020091545571005086,0.8167106883620364,0.6164835839335991,0.6259677183033894,0.12911457949845173,0.0646225817864044,0.056053927121010476,0.028175573407847248,0.8864468864468864,0.028175573407847248,,,,ok,
SMAP_id_13,534,25,125,0.15483916212267532,0.01586515670016747,0.15497190832733237,0.9534815732334383,0.6045692385982532,0.9543486095591303,0.07552020257733114,0.009293226759868068,0.07549236049869155,0.8751341122403291,0.4615150670350001,0.8726757398349257,0.24571179610685792,0.024746623914590076,0.24571179610685792,0.35172413793103446,0.10625,0.35172413793103446,,,,ok,
SMAP_id_15,1165,25,97,0.2968513276922398,0.25399743359926374,0.3204236045563695,0.9861817717751316,0.9804165380425482,0.9869912976935538,0.3162208841155723,0.22646216020068177,0.3287128048805217,0.9637000316499953,0.9621616946732321,0.9655272668389016,0.35927826601099333,0.2846115965001231,0.3620146543785045,1.0,1.0,1.0,,,,ok,
SMAP_id_14,1201,25,98,0.5780794150950745,0.06880439526065894,0.5047988271698969,0.9131668081399208,0.7118900186304863,0.8752391425756381,0.8217012760843165,0.0755903430629232,0.8186252458417493,0.9086019873043872,0.7047036615070025,0.9205343907191321,0.8805411240945129,0.1273231270447614,0.8862019574591561,0.9139966273187183,0.9139966273187183,0.9139966273187183,,,,ok,
MITDB_id_13,34713,2,278,0.05145977803136892,0.051810064368497555,0.051810064368497555,0.7270748144727985,0.733058117370311,0.733058117370311,0.058676131325724516,0.058891622337479056,0.058891622337479056,0.6320524889502598,0.6369557251347127,0.6369557251347127,0.07186082024373534,0.07550727206650311,0.07550727206650311,0.7907884465261514,0.7483992776227221,0.7483992776227221,,,,ok,
SMAP_id_17,995,25,125,0.16667069054232936,0.08370075026649762,0.09516110872226802,0.824021091584354,0.5548632308929156,0.6362241018859548,0.15331647776403803,0.07388073418501523,0.08520844537998469,0.7995955355845665,0.5206016764907329,0.6095345545962101,0.3401480924128644,0.15186671212543584,0.18497347535582734,0.1151967086654667,0.9824561403508771,0.6124401913875598,,,,ok,
SMAP_id_16,942,25,16,0.06333429976852395,0.027135684670942,0.027880261971151954,0.580312715194134,0.3293417127244573,0.35954295537390873,0.05450068128978261,0.02576319656227444,0.02643699484577498,0.5576343802360774,0.3184040049714451,0.34346708625192335,0.17780941799831534,0.07402218752729156,0.07403529258098827,0.4492753623188406,0.14632814632814634,0.30558096980786825,,,,ok,
SMAP_id_18,1165,25,98,0.8426674232716042,0.5552538080179414,0.8407540816108442,0.8991151416384532,0.8862088335543221,0.9073780289673458,0.8304325053913248,0.5708240401101363,0.8287912459115919,0.8783367212495624,0.8802462088841161,0.8935549327952799,0.8902771820029315,0.5819743273928434,0.8944832446674192,1.0,1.0,1.0,,,,ok,
SMAP_id_19,1048,25,87,0.0830920614724616,0.005367299956346262,0.08250667586694121,0.9002500447500513,0.5305441255881311,0.8386820289312374,0.03930669328539042,0.0030567411344296267,0.03722619272394489,0.7334264167278499,0.37025688470532314,0.5812011153031647,0.13698141507390613,0.010163833304419138,0.13698141507390613,0.8985507246376812,0.021059782608695652,0.8985507246376812,,,,ok,
SMAP_id_20,1148,25,93,0.13463451869556364,0.025565384347127306,0.03318335928406666,0.9213003718225996,0.5739422987451147,0.6794696332603288,0.11387498802038507,0.02253240644470298,0.03054209942210532,0.9037360194269792,0.5337618854146134,0.6601780448853328,0.23753269001559502,0.05511462620093731,0.07313323916315681,0.04433849821215733,0.533715925394548,0.4142538975501114,,,,ok,
SMAP_id_2,1206,25,98,0.7667064466772964,0.17563901298706508,0.5823618294989916,0.9162275730129857,0.6397559251370653,0.8391078650763902,0.7413724559309535,0.18429343530770526,0.5812486213249827,0.9039122181751614,0.6244033505523402,0.8257995696229197,0.721867261078353,0.23978191301767643,0.6337676004691327,1.0,1.0,1.0,,,,ok,
SMAP_id_21,1096,25,125,0.11311318248151041,0.007364190809510612,0.09648561708704523,0.9215774525362702,0.4705668546414655,0.9197838536308773,0.03151139728160404,0.004015782883836257,0.028146118165626437,0.7416212411644902,0.2514725849606645,0.7338439958468113,0.1018047051441819,0.013583127828888198,0.09841121045333669,0.4063745019920319,0.04809052333804809,0.3709090909090909,,,,ok,
SMAP_id_23,492,25,6,0.061954179216451806,0.0057412851034325885,0.061979879210906745,0.7826359421906856,0.1994203270593114,0.7850083111189308,0.048308536096972804,0.005539092933853622,0.04833506865489564,0.7692324702032152,0.19059991597196113,0.772018663069677,0.18696678540722902,0.018315655018437207,0.18696678540722902,0.24260355029585798,0.0317706315381635,0.24260355029585798,,,,ok,
SMAP_id_22,1203,25,98,0.5513493471290016,0.06957992590972836,0.5665664143768442,0.75944693924433,0.5517116473565845,0.729034831008478,0.6113279422579628,0.06461191870662991,0.6069006525757118,0.7298294717093929,0.5211056168241207,0.6999309745372737,0.722007965030865,0.13061537397484116,0.722007965030865,0.9685279187817258,0.98545101842871,0.9685279187817258,,,,ok,
SMAP_id_24,1178,25,125,0.2180129261904606,0.14982143781423382,0.2147956047241858,0.9788329665391798,0.947424368302721,0.9639397059327184,0.10250505822753014,0.06066140097289979,0.09270154756002297,0.9245058305412088,0.8331367872766909,0.8667593310606172,0.23187923555502868,0.15651715098515856,0.23187923555502868,0.9425287356321839,0.9010989010989011,0.9425287356321839,,,,ok,
SMAP_id_25,1111,25,99,0.05760532642436117,0.025382980963399634,0.05201358116294729,0.5204560217799179,0.2436863745849981,0.35426142541243777,0.041480110107160906,0.01615133850091724,0.038987537042844106,0.5432351684491287,0.31086988890902967,0.46430749410881217,0.15711526724211786,0.04222887345453153,0.15711526724211786,0.6870748299319728,0.14096301465457084,0.6870748299319728,,,,ok,
SMAP_id_26,980,25,125,0.10476489517267586,0.02037988214852305,0.10382734658061579,0.78539264872386,0.5943003840589298,0.7370966961451481,0.032180527626701684,0.010574005672265501,0.031240466288247174,0.6756342176789847,0.4565195285098491,0.600789723596741,0.17318085631746874,0.04136351163713746,0.17318085631746874,0.44751381215469616,0.18243243243243243,0.44751381215469616,,,,ok,
SMAP_id_27,1225,25,125,0.07203957775369021,0.00676087277730421,0.05671855997436637,0.7389325393784734,0.24161827072759073,0.6138058676035048,0.02140254591752581,0.005772585959521486,0.01636305023730561,0.5683171176126792,0.2047677656685117,0.41401450819953933,0.08207043659983182,0.019769544926264093,0.07212874907196175,0.8994708994708994,0.02421997435532127,0.8808290155440415,,,,ok,
SMAP_id_3,1202,25,98,0.6937748377205517,0.08374271714702017,0.6006758721432303,0.952571233572391,0.735363657880032,0.9518975529955693,0.8014595740389433,0.08274299249107679,0.8082749684299018,0.9292074379125672,0.72012967060614,0.9434530573021173,0.8745469877983394,0.16344616992379327,0.8709627584077754,0.9053803339517625,0.9104938271604939,0.9053803339517625,,,,ok,
SMAP_id_4,1225,25,98,0.012147808860921466,0.016552853772508633,0.014004551836329274,0.43476147119765357,0.5701502031417782,0.5099950266476657,0.010238886599976953,0.013403026637845202,0.011762617061451337,0.378290044906912,0.49508488075754825,0.4515264372588642,0.027647391006193116,0.0337446885991934,0.028258431997528463,0.027625570776255708,0.8148148148148148,0.02762241753224518,,,,ok,
SMAP_id_5,1120,25,125,0.30164453322938495,0.037399063983280016,0.3021103072303184,0.9406306767272701,0.8017508918255377,0.9495115276782535,0.0880013364820762,0.01676867188600099,0.08912060015143966,0.8384141548147532,0.6367741126301266,0.8667774866936473,0.30624654710924337,0.07799319743066728,0.30624654710924337,0.4781144781144781,0.1463917525773196,0.4781144781144781,,,,ok,
SMAP_id_6,1202,25,98,0.4702972362061149,0.07681123362311967,0.4533305121529168,0.6514366915277648,0.4972755956895141,0.6381415434448972,0.5368036305982526,0.07086214299987832,0.5349260580813415,0.6201061435679044,0.4584387121812432,0.6058620168229747,0.6597656937540292,0.12888514512707694,0.6582524491344981,0.9542600896860987,0.9660314830157415,0.9542600896860987,,,,ok,
SMAP_id_7,1166,25,102,0.8911244001128465,0.28953702417677996,0.902513668328047,0.9720455465966882,0.8905159479692412,0.9837240972600256,0.8112624064411587,0.2903727856986762,0.8202815736246297,0.9511623567415095,0.8793430753022075,0.9646135959992005,0.8771880281011976,0.32304400388495386,0.8695602368773083,1.0,1.0,1.0,,,,ok,
SMAP_id_9,1164,25,98,0.9533782177813781,0.7475269029799593,0.945478407290219,0.9879536288888342,0.9348747660684377,0.9785751419248926,0.9513156256108095,0.7571419159925213,0.9432512227505214,0.9844643115999364,0.9197646418031573,0.9704032261530641,0.9678406643592723,0.7721689809615594,0.9661785806227957,1.0,1.0,1.0,,,,ok,
SMAP_id_8,1092,25,125,0.12538852167112,0.019597345252811295,0.12669892580855294,0.7256968206468044,0.6359188344354467,0.7483032312161891,0.06443985855645518,0.011311903285785442,0.06459067030833192,0.4954409747438069,0.49967486389375404,0.5098213254477939,0.17543448301427106,0.03502383520837229,0.17543448301427106,0.9529411764705882,0.5454545454545454,0.9529411764705882,,,,ok,
SMD_id_1,2883,38,30,0.11968728514231833,0.08881691799879969,0.1439132149255713,0.8147887862166142,0.7563862961517145,0.8248679933638902,0.1353516006537958,0.07866519239130276,0.15707332219693554,0.819837916977995,0.7668806596929135,0.8549347868219525,0.2354668636264931,0.16329824855164057,0.24733640016170982,0.4020100502512563,0.49786628733997157,0.4249667994687915,,,,ok,
SMD_id_12,482,38,10,0.12380344420720721,0.028692873875187243,0.12180284910476788,0.6224887155889687,0.5002248876213014,0.6726704011609494,0.1613754430935773,0.09555964435696425,0.15831478670912433,0.7838239103741419,0.5646135732897472,0.7910083141365879,0.29247768391427925,0.17335691764305275,0.2963525723421597,0.4469026548672566,0.49876543209876545,0.4469026548672566,,,,ok,
SMD_id_11,1099,38,12,0.036217417064433516,0.05266351599769034,0.03867753683497603,0.3648815985778654,0.5215191461416065,0.40252926604459655,0.03488858125058344,0.049964274665709074,0.0371380635918914,0.34828368879743543,0.5050536933160107,0.38697495052202785,0.09393740604516082,0.1021625515029298,0.09851351787074421,0.09106579777170486,0.9159943046986236,0.09106579777170486,,,,ok,
SMD_id_10,1556,38,21,0.4026707375908359,0.05094589686687431,0.50332316543231,0.810128572761747,0.5523681702690699,0.82863077577686,0.6791774186326416,0.04705932701219893,0.700741378378105,0.8083661330820225,0.5765946131342319,0.8195116476854037,0.7525078213680357,0.09918362168482699,0.7596655457685983,0.8916619398752127,0.7690802348336595,0.8916619398752127,,,,ok,
MITDB_id_8,21059,2,13,0.24642718268858846,0.23857143324491986,0.23857143324491986,0.7412275679053579,0.7421815484257913,0.7421815484257913,0.25443384127509666,0.24598757329791632,0.24598757329791632,0.7375910665407263,0.7385704734658503,0.7385704734658503,0.2998230355325656,0.28939935740380335,0.28939935740380335,0.9607311098549086,0.9606749113220209,0.9606749113220209,,,,ok,
SMD_id_17,3861,38,10,0.03834368222743137,0.018722319208664615,0.04203002920320715,0.8668390845903745,0.7391009088005744,0.8823716743431,0.04102319282027549,0.058051932449284215,0.045809576753145245,0.8498754553926968,0.7483152588325002,0.8603232229094298,0.09928665577215132,0.22471417761071527,0.10605693309322621,0.37333333333333335,0.3230769230769231,0.3708609271523179,,,,ok,
SMD_id_15,489,38,10,0.17478862325948727,0.041091822876192625,0.1669808278917224,0.6621157089265044,0.5559927830376609,0.7007701501964568,0.2592117853680657,0.11905983761983915,0.2531345621120116,0.8423435538820154,0.6339737414600052,0.8505196726350572,0.353484307672477,0.23090090587316647,0.354162948962431,0.5470459518599562,0.5773672055427251,0.5470459518599562,,,,ok,
SMD_id_14,462,38,125,0.15129727611518173,0.084497949276306,0.1675194722774124,0.7966270541847079,0.683114676850267,0.777172720684069,0.12751100882830638,0.04509164322975414,0.16099908581713931,0.788849675562843,0.5653302469773277,0.7676189297538087,0.20973455657446544,0.12236221317322214,0.21358932351969687,0.5146496815286624,0.45482866043613707,0.5113924050632911,,,,ok,
SMD_id_18,4734,38,125,0.48363968804571306,0.5049846443520208,0.49462794370621305,0.9420750352522684,0.9701937805185624,0.9561259846414796,0.195681376972524,0.12125059334553438,0.1987931869605264,0.7826632880847212,0.8586039353461629,0.822816026075904,0.28965021268896896,0.28528110711419163,0.28635868644919915,0.7306273062730627,0.752851711026616,0.7213114754098361,,,,ok,
SMD_id_13,3860,38,125,0.20297744456807054,0.24281790281929191,0.1917070848439803,0.7161861085838557,0.7196851886068927,0.6878634487755031,0.15017218595621726,0.17294933965038706,0.13837078313974827,0.6504395384880131,0.6507112913579662,0.6182427016508213,0.30405992654088176,0.29520290215149697,0.2867952642875537,0.633505063066264,0.9321387091421934,0.6302580417108519,,,,ok,
SMD_id_20,3860,38,9,0.4007021487691248,0.7947913786663461,0.41530386390784607,0.9851557839545755,0.9979898168481987,0.9922782119977265,0.48084905577814807,0.8448148597392607,0.5053903766096497,0.9836752709970973,0.9979265285618778,0.9919520075393206,0.553341261275552,0.7705832493402193,0.5507205057677156,1.0,1.0,1.0,,,,ok,
SMD_id_19,277,38,104,0.08740674543936786,0.07327643379558671,0.08779699471531889,0.699581149644106,0.5182325762374096,0.6600401692782609,0.04786934274804449,0.21942576504732322,0.07636739476508816,0.793231628881353,0.8139400760846712,0.8297395590121828,0.11755878322007714,0.3143232473062963,0.18946029048434251,0.6068965517241379,0.8448753462603878,0.6184738955823293,,,,ok,
SMD_id_16,4696,38,279,0.6258986437552791,0.307381838096654,0.588922243057352,0.9306272063850106,0.7269889654263326,0.9015009905933322,0.6226357489666673,0.23447773880219563,0.617635206333597,0.9574960782289849,0.6568344336749595,0.9567098813657969,0.7038476438687564,0.3369245300871311,0.7064743263445993,0.3341375150784077,0.8897350993377483,0.3341375150784077,,,,ok,
MITDB_id_3,34713,2,299,0.06052659286993684,0.06881555339296246,0.06881555339296246,0.7588823546382082,0.7656726360723874,0.7656726360723874,0.06399431743261914,0.07554724317875376,0.07554724317875376,0.6795027952107509,0.6845708006169733,0.6845708006169733,0.1026622809068814,0.12107071366618812,0.12107071366618812,0.7980660180266221,0.8084900526093004,0.8084900526093004,,,,ok,
SMD_id_2,473,38,125,0.3255122501736984,0.07947547552498785,0.32468720457865574,0.8791441605841995,0.44590956382296704,0.8626515036790213,0.24320338116730142,0.04033318177523414,0.24370299837947879,0.9077889812275091,0.34669278398384484,0.9037117399676967,0.35971191404727665,0.08168213085389729,0.36017372764199374,0.6567815089402529,0.22617987533392697,0.641396933560477,,,,ok,
SMD_id_3,470,38,19,0.03236297053756303,0.055587100065953444,0.03812042175854709,0.6199858970086988,0.8078281396566682,0.6962293354107345,0.023115649915881158,0.05098882912101241,0.027376172320422755,0.6468151486195195,0.8435719637205197,0.7138823456582402,0.09116586291722766,0.16425625112492834,0.10838581628013784,0.0398406374501992,0.43632773938795655,0.0398406374501992,,,,ok,
SMD_id_21,1831,38,125,0.2423869931979958,0.18814804329772933,0.25684511365648727,0.8885248305602031,0.8079937899608658,0.9066963073144619,0.11479641219306305,0.09041319293855332,0.12027523534608511,0.8459229010095012,0.7137020693809595,0.8553187587341059,0.22623069039014332,0.19627126553404145,0.2391388584728657,0.11174458380843785,0.11251435132032148,0.11212814645308924,,,,ok,
SMD_id_22,213,38,125,0.08821922395867562,0.29085980504205416,0.08623504056919899,0.5710702963821163,0.7989330112367827,0.5570572617223017,0.05642369735264088,0.501579965752504,0.05846111699927057,0.6322729699360979,0.9008691221163135,0.6453170137174624,0.16515159663637993,0.6014089080304438,0.18040884745488242,0.0944372574385511,0.8544698544698545,0.0944372574385511,,,,ok,
SMD_id_4,4736,38,125,0.6455551609920278,0.27042396908019606,0.6453377310379392,0.9850274781491895,0.9217585385843671,0.9855273592405805,0.5901795883592639,0.5861428251225809,0.5975294971008283,0.956100574965113,0.9155177171832789,0.9612962559376359,0.6345332838374401,0.6753956382201559,0.6356116170754148,0.8538812785388128,0.8348993288590604,0.850967007963595,,,,ok,
SMD_id_5,4736,38,125,0.13798406161964705,0.31144502569449145,0.1513837316634286,0.7963012110060522,0.8750913851176394,0.818632719937013,0.16588310210922613,0.30601664252003413,0.17807253395108452,0.7947012109316699,0.8329351724228479,0.8124764984191648,0.21887755367483644,0.3475150751745604,0.21587540900857538,0.3748637849618598,0.9149981110691349,0.5259938837920489,,,,ok,
SMD_id_8,1303,38,125,0.2650461535588461,0.17340931354764114,0.2688510264867449,0.8856830922990238,0.7893081842573112,0.8649885380344817,0.16628210240130947,0.10336306340289877,0.16951260914296815,0.815996765528089,0.6984916672834782,0.81269021746958,0.30285512921438673,0.2169362084953144,0.31159590946966115,0.1987704918032787,0.193419740777667,0.1987704918032787,,,,ok,
SMD_id_6,4739,38,125,0.6138336937832568,0.11272082003434938,0.6279595638553975,0.9629065855641298,0.6458918961781027,0.96797861074271,0.5524303764163899,0.11210812802385875,0.5576731689432861,0.9641411466605221,0.5670453821527356,0.9665888782290312,0.7032442179957743,0.142556099640008,0.7051140842091274,0.8820179007323027,0.555221637866266,0.8820179007323027,,,,ok,
SMD_id_7,3859,38,125,0.393058252403127,0.1814727579572722,0.4110736269540036,0.8968188704472252,0.749093466258989,0.8591544375287963,0.2947501607165388,0.19208885930412584,0.3533569798910956,0.8497118742856622,0.7735506817419444,0.8434228181297975,0.5138987106220934,0.2602690775504076,0.546817185584845,0.7654537483559842,0.5562518651148911,0.8102088167053364,,,,ok,
SMD_id_9,450,38,64,0.1617929902434579,0.17133307291960992,0.18201396804594497,0.6128968389673681,0.633619203632705,0.6469209178299662,0.13762372874915507,0.13688631826291392,0.15394525393748615,0.6131196137789676,0.5886036871814513,0.6443375469667137,0.236673227142023,0.22516607519737836,0.2811262783872817,0.183797041465471,0.8105941801707615,0.44257467395877154,,,,ok,
SVDB_id_11,13783,2,97,0.609036473836839,0.617649031000305,0.617649031000305,0.9797103103965421,0.9810966117315235,0.9810966117315235,0.358614270615246,0.37238022223806116,0.37238022223806116,0.9217387899509853,0.9227860833675445,0.9227860833675445,0.533328383379275,0.5318028715061238,0.5318028715061238,0.9569620253164557,0.9623217922606925,0.9623217922606925,,,,ok,
PSM,34713,25,125,0.12075879908537411,0.15235936528860522,0.1294283507784359,0.5007995416657739,0.5711941433057732,0.5276580975336627,0.1012630953971136,0.13924863758618194,0.10886310473774961,0.4820903268227513,0.5680303162776028,0.5091887541673321,0.20192729734081744,0.22667116756587333,0.2070309277343356,0.5435485590419672,0.8067874725044517,0.6646570356045957,,,,ok,
SVDB_id_1,8794,2,109,0.04119050875193381,0.04004667292820487,0.04004667292820487,0.6927133422574817,0.6948614966449027,0.6948614966449027,0.026965793695868698,0.02630450963800409,0.02630450963800409,0.6092396922507493,0.610826017160701,0.610826017160701,0.06755383803628125,0.06475024830257324,0.06475024830257324,0.5777304533008822,0.5827294685990339,0.5827294685990339,,,,ok,
MITDB_id_12,34713,2,303,0.07201277447478395,0.07162692445997113,0.07162692445997113,0.6908014540631594,0.6894270841261444,0.6894270841261444,0.05086928794606165,0.05033227993138821,0.05033227993138821,0.6005434773829248,0.596372582618079,0.596372582618079,0.10708929985971757,0.10711352530045538,0.10711352530045538,0.6284146567249592,0.5569926408777854,0.5569926408777854,,,,ok,
SVDB_id_17,12175,2,114,0.3661225190970166,0.39256930254144257,0.39256930254144257,0.9158232512891705,0.9189615503589578,0.9189615503589578,0.2608831874200688,0.27976599802859115,0.27976599802859115,0.843846234966732,0.846586625680495,0.846586625680495,0.360355360429815,0.3710201859767769,0.3710201859767769,0.9462419113987058,0.9593742114559677,0.9593742114559677,,,,ok,
SVDB_id_13,213,2,123,0.07065191070509255,0.07285924675397888,0.07285924675397888,0.7315198299885088,0.7407997875926526,0.7407997875926526,0.04979997689963314,0.050709543236983366,0.050709543236983366,0.6397842784071406,0.6489265056498923,0.6489265056498923,0.10441610862019171,0.11114688462832593,0.11114688462832593,0.6738519212746017,0.65775950668037,0.65775950668037,,,,ok,
SVDB_id_12,4097,2,110,0.058663617095782834,0.05884202324527035,0.05884202324527035,0.6950769169501538,0.7001072356339488,0.7001072356339488,0.04095471215269576,0.04123010081745479,0.04123010081745479,0.6062604223313495,0.6117618029418447,0.6117618029418447,0.08209044089176902,0.08359230751088363,0.08359230751088363,0.557970582981004,0.5519275549805951,0.5519275549805951,,,,ok,
SVDB_id_19,34713,2,95,0.26184053660538553,0.24762461117218557,0.24762461117218557,0.8992486915704275,0.8969957261082251,0.8969957261082251,0.2769017349969833,0.25927967711659394,0.25927967711659394,0.8956734127078002,0.8933640720749338,0.8933640720749338,0.3950426798795675,0.39372493411936177,0.39372493411936177,0.9893637012816177,0.9898101146832111,0.9898101146832111,,,,ok,
SVDB_id_15,213,2,102,0.17151383670164475,0.16742237012319347,0.16742237012319347,0.7168484936018086,0.7145467981204444,0.7145467981204444,0.1124328796124942,0.1098852964117301,0.1098852964117301,0.6154594789260157,0.6115270334818717,0.6115270334818717,0.18107631393263335,0.17573412299630856,0.17573412299630856,0.6155908082949534,0.6219178082191781,0.6219178082191781,,,,ok,
SVDB_id_10,213,2,87,0.19016946711406835,0.18924762851864294,0.18924762851864294,0.7194958293631357,0.7293942676866159,0.7293942676866159,0.1253428949552136,0.12591265436959415,0.12591265436959415,0.6123271479375125,0.6242758098108998,0.6242758098108998,0.18470798604160854,0.18746018772716516,0.18746018772716516,0.7092793329362715,0.7514689612784266,0.7514689612784266,,,,ok,
SVDB_id_20,8229,2,77,0.06260823185598738,0.06352310920940993,0.06352310920940993,0.7596631361351323,0.7621686524871204,0.7621686524871204,0.04361895668920073,0.04407766453706821,0.04407766453706821,0.6787414164112151,0.6806618871019641,0.6806618871019641,0.10360348303295604,0.10515264568804826,0.10515264568804826,0.5275834011391375,0.4945106649937265,0.4945106649937265,,,,ok,
SVDB_id_18,1008,2,125,0.20920401316113124,0.21261980693129975,0.21261980693129975,0.7714155227870907,0.7742419008698658,0.7742419008698658,0.15155469274021605,0.15243109235265437,0.15243109235265437,0.6911318912312638,0.6932760906173744,0.6932760906173744,0.24264829672122523,0.24230051175570547,0.24230051175570547,0.7726623840114204,0.7721036387685764,0.7721036387685764,,,,ok,
SVDB_id_21,34713,2,124,0.10029052533876145,0.0862125196884465,0.0862125196884465,0.8536556880555192,0.8522345362247417,0.8522345362247417,0.07471172115388522,0.06774806532495331,0.06774806532495331,0.7930412150287208,0.7917124113421018,0.7917124113421018,0.14527293422380488,0.15055991622764547,0.15055991622764547,0.9217223827211446,0.8905914802329145,0.8905914802329145,,,,ok,
SVDB_id_2,34713,2,131,0.08370580813749824,0.08360350245889128,0.08360350245889128,0.7686793817669181,0.7694394575650119,0.7694394575650119,0.06092654215564278,0.06088442679107658,0.06088442679107658,0.685177460832186,0.6872259658226887,0.6872259658226887,0.1297879143830209,0.12914203594912652,0.12914203594912652,0.712873537098057,0.7040282081418955,0.7040282081418955,,,,ok,
SVDB_id_23,25963,2,104,0.08252188655342305,0.08443479563110363,0.08443479563110363,0.9462837846936604,0.9454328478776232,0.9454328478776232,0.09079482943379145,0.09777376704974174,0.09777376704974174,0.9390716786927249,0.9374126933229185,0.9374126933229185,0.19901032960999124,0.20521575743793072,0.20521575743793072,0.9926578560939795,0.9963154016212233,0.9963154016212233,,,,ok,
SVDB_id_16,493,2,81,0.22905181699704058,0.23502143585183696,0.23502143585183696,0.7771087013063802,0.7890540558814924,0.7890540558814924,0.1544908289377172,0.15502372998850225,0.15502372998850225,0.7201767398857993,0.7276506914145751,0.7276506914145751,0.2515545016115182,0.25778943518562714,0.25778943518562714,0.4675543392453029,0.4633108826657214,0.4633108826657214,,,,ok,
SVDB_id_25,579,2,81,0.1897251494670008,0.17814275680457273,0.17814275680457273,0.8652706076123503,0.8593643732715609,0.8593643732715609,0.17087247108331236,0.15390230330998403,0.15390230330998403,0.8289754839573814,0.822417880701099,0.822417880701099,0.2528913959714362,0.24448009154743178,0.24448009154743178,0.7248147243260852,0.7409235107507931,0.7409235107507931,,,,ok,
SVDB_id_22,213,2,145,0.19430027736766803,0.19870270793593242,0.19870270793593242,0.7616084193693099,0.7640329512600147,0.7640329512600147,0.12503844068768313,0.12693704970606148,0.12693704970606148,0.6586055267630155,0.6606566401101771,0.6606566401101771,0.23915215664218864,0.24528779460234595,0.24528779460234595,0.7948693343569075,0.8142459949688865,0.8142459949688865,,,,ok,
SVDB_id_24,22676,2,105,0.19366199049500127,0.19254025172980374,0.19254025172980374,0.861407785182676,0.8629370431750729,0.8629370431750729,0.1337253852723194,0.13127801070872164,0.13127801070872164,0.7613243393023138,0.7644014734574773,0.7644014734574773,0.1916807257593943,0.1959100369895275,0.1959100369895275,0.8713751169317119,0.8624447252053064,0.8624447252053064,,,,ok,
SVDB_id_31,17213,2,119,0.01738111910251216,0.01773460928823748,0.01773460928823748,0.7968579369473122,0.8048810267560523,0.8048810267560523,0.015044195816902566,0.01534231881695006,0.01534231881695006,0.7580113809496375,0.7661236910827092,0.7661236910827092,0.03887835588551513,0.0370714193876277,0.0370714193876277,0.8331936295054484,0.8606060606060606,0.8606060606060606,,,,ok,
SVDB_id_27,21289,2,138,0.11779126375080998,0.11955106779722352,0.11955106779722352,0.8481054664776999,0.8505933346396287,0.8505933346396287,0.08706734813227605,0.08849931345153535,0.08849931345153535,0.7816953393445286,0.7853545762711407,0.7853545762711407,0.1976130461297735,0.20400296629713366,0.20400296629713366,0.753988035892323,0.7711177968062949,0.7711177968062949,,,,ok,
SVDB_id_29,5471,2,114,0.017706166549933577,0.017609579271197537,0.017609579271197537,0.6306719562440586,0.6373396274369653,0.6373396274369653,0.013065071456101867,0.012859745646357387,0.012859745646357387,0.5445197003698782,0.5520393499769611,0.5520393499769611,0.02663693181622815,0.02810555994124202,0.02810555994124202,0.6941540843979869,0.6001339584728734,0.6001339584728734,,,,ok,
SVDB_id_30,2899,2,8,0.1974365886138177,0.19758851485862894,0.19758851485862894,0.7641472724578231,0.7674826926537008,0.7674826926537008,0.19327507442420722,0.19193794447316914,0.19193794447316914,0.769179096266299,0.7722418358666461,0.7722418358666461,0.2799953411817914,0.27996824027975775,0.27996824027975775,0.7896339989363245,0.8109672356288012,0.8109672356288012,,,,ok,
SVDB_id_7,8222,2,112,0.31322035032400797,0.33637711864815495,0.33637711864815495,0.8303689322849629,0.8361793275055819,0.8361793275055819,0.2366530517820606,0.2523253303676023,0.2523253303676023,0.7707301932438937,0.7757252911635614,0.7757252911635614,0.38155786680662196,0.4133325562721615,0.4133325562721615,0.959272439699486,0.9661489446435683,0.9661489446435683,,,,ok,
SVDB_id_6,34713,2,96,0.043826677097195225,0.04569605725432467,0.04569605725432467,0.837336344000858,0.8486347245941888,0.8486347245941888,0.038660495864843665,0.03991014665335168,0.03991014665335168,0.8158412943931133,0.8278393770844011,0.8278393770844011,0.07571789948845949,0.08137922007867643,0.08137922007867643,0.8398751847594021,0.8518005540166205,0.8518005540166205,,,,ok,
SVDB_id_3,246,2,104,0.14993671044556148,0.15031455966479498,0.15031455966479498,0.7395656614701578,0.73943709609401,0.73943709609401,0.09418913564559525,0.0945079493897687,0.0945079493897687,0.6337294589695667,0.6336206076793156,0.6336206076793156,0.1917787480093059,0.19148262884618944,0.19148262884618944,0.535894538606403,0.5424658672928659,0.5424658672928659,,,,ok,
SWaT_id_1,2337,66,125,0.3308875562227489,0.2325293781148127,0.31463044297125403,0.7434163663986242,0.6149297343188403,0.7283066519133317,0.25395747022005655,0.2347914992634841,0.24400269823881837,0.6813137388313119,0.5677065747705112,0.6732754957260392,0.38115720609946596,0.2599075386378112,0.36618448110575885,0.3479909021986353,0.8468085106382979,0.3180873180873181,,,,ok,
SVDB_id_14,434,2,99,0.2251671119257092,0.22893462813714513,0.22893462813714513,0.7152453655251872,0.7185793551041217,0.7185793551041217,0.15056439566310797,0.15252948243487216,0.15252948243487216,0.6072127871341355,0.6080815375404364,0.6080815375404364,0.313642302175055,0.32163289092916614,0.32163289092916614,0.5908392984580784,0.6069146357586709,0.6069146357586709,,,,ok,
SVDB_id_26,439,2,106,0.23035193705483245,0.22067790272195104,0.22067790272195104,0.6740921535100776,0.6660213870631098,0.6660213870631098,0.16502401287439636,0.15942516274629734,0.15942516274629734,0.5778537908120344,0.5707913417292478,0.5707913417292478,0.26393034831227513,0.2607809171989098,0.2607809171989098,0.5353595837376887,0.5247872066030436,0.5247872066030436,,,,ok,
SVDB_id_9,1584,2,128,0.5735553394796669,0.5282994214910617,0.5282994214910617,0.9397528626933873,0.9382457439404241,0.9382457439404241,0.5173552911187986,0.46812272157469775,0.46812272157469775,0.9224337351424653,0.9202439372163062,0.9202439372163062,0.6175764259642187,0.5993246348162107,0.5993246348162107,0.8498220640569395,0.8716729308890082,0.8716729308890082,,,,ok,
SVDB_id_28,966,2,125,0.2136593308384172,0.2241125720076174,0.2241125720076174,0.7595456086625593,0.7676026035754697,0.7676026035754697,0.1347686015081282,0.13864994113937407,0.13864994113937407,0.6418231274752396,0.6482098154719956,0.6482098154719956,0.2514930102334472,0.26272675218100316,0.26272675218100316,0.6665057449068263,0.6363303982206514,0.6363303982206514,,,,ok,
SVDB_id_4,3507,2,118,0.18174183153383835,0.1783739333537296,0.1783739333537296,0.7951406524510561,0.8002802937498142,0.8002802937498142,0.10845366519900013,0.10777268329684564,0.10777268329684564,0.6852564341274082,0.692645660265143,0.692645660265143,0.1880261021628254,0.19148993298128686,0.19148993298128686,0.8812775166032386,0.8344555873925501,0.8344555873925501,,,,ok,
SVDB_id_8,213,2,101,0.3231082146083055,0.3150463488621978,0.3150463488621978,0.7836168718770066,0.7844332144657757,0.7844332144657757,0.31040280532971154,0.3045538402327953,0.3045538402327953,0.740318963281084,0.7435277636125497,0.7435277636125497,0.3291564277052822,0.3287093358970768,0.3287093358970768,0.8809143352381984,0.8713797157208507,0.8713797157208507,,,,ok,
TAO_id_1,213,3,125,0.805157966842269,0.8124244332267105,0.8014068679354086,0.9449340516427089,0.9445036690987928,0.9434530546846103,0.05541940623768588,0.05687347845265631,0.055987639275967574,0.49675914762408035,0.5098553079819819,0.5019466918743651,0.0947441524676757,0.0972024363537093,0.09522613187776509,0.0944231336677486,0.0963355611892141,0.09620721554116558,,,,ok,
TAO_id_12,213,3,125,0.8257824440377889,0.8141044648998524,0.8284795566734504,0.9517576500181395,0.948799599121619,0.9486357664031352,0.05775719465967463,0.0600387887300374,0.059059921181037714,0.4945514136658884,0.4866931757236268,0.4936865827694741,0.09252105578210915,0.09256520174002654,0.09251223164299816,0.09252193819152996,0.09252193819152996,0.09343936381709742,,,,ok,
TAO_id_3,213,3,18,0.32846958409276117,0.3272381490050417,0.33375152170270167,0.750099758278795,0.7468826527425779,0.7479138213374845,0.05126739177823983,0.05141823937530887,0.05216449180046859,0.5107372999076232,0.5047509013635925,0.5103269037212701,0.09475325964592554,0.0945549250402977,0.09446679655457133,0.09664780148019156,0.09436274509803921,0.09416137525166486,,,,ok,
SVDB_id_5,213,2,100,0.13689848734198237,0.13688347460328745,0.13688347460328745,0.6161808901447985,0.6150536333457335,0.6150536333457335,0.1055912339788266,0.1055496724501389,0.1055496724501389,0.5325798365780583,0.5319204615204829,0.5319204615204829,0.1883129254686554,0.1876050866997981,0.1876050866997981,0.735029629936596,0.7711782274174727,0.7711782274174727,,,,ok,
TAO_id_11,213,3,287,0.9609069410050064,0.9605639375472914,0.9610789775072048,0.9850863893098332,0.9855361174058898,0.9850186697138549,0.10119713352854108,0.10319961299255989,0.10312199361476002,0.5171821821088705,0.5166554425506144,0.5157687393047476,0.17775867469049855,0.17740227282542964,0.17748380263456667,0.17994222038794883,0.18112049117421336,0.1787292817679558,,,,ok,
TAO_id_10,213,3,297,0.9620238868437382,0.9613327451099406,0.9612142728404763,0.9853369594237426,0.9842830350101763,0.984064456990212,0.09883407814624276,0.09755269657423694,0.10109521003523345,0.5075396180031475,0.4996644323198276,0.5045717291137513,0.17472537321178946,0.17275161219392654,0.173823386193355,0.17606284658040666,0.1739922568890913,0.17666622322735134,,,,ok,
TAO_id_2,213,3,21,0.6624501913384777,0.6614826891753421,0.65708758440867,0.8461389184474407,0.8446468993641975,0.8417106770543459,0.140184459817477,0.13801118153474806,0.13831337171270391,0.49465751969660054,0.48791683588144763,0.4923898541941315,0.24512172901888266,0.24510019497430605,0.24507866471294637,0.24510234560309233,0.2452316076294278,0.24505581436230991,,,,ok,
TAO_id_4,213,3,142,0.9095173091856442,0.9064740243978401,0.9109592287292398,0.9669582954834016,0.9667598013644946,0.9662447137586075,0.08915230792967466,0.09072966796755393,0.09070511778701167,0.4682907218964646,0.4764856739677281,0.47462532027965487,0.1727723283560169,0.17268001206019132,0.17274314345995606,0.17324332033849957,0.1727106227106227,0.17269736842105263,,,,ok,
TAO_id_13,213,3,42,0.8322637856715043,0.8321077129841868,0.8331738295979807,0.9204117691415369,0.9214266468435983,0.9188713654379304,0.14149591725286825,0.14218125721453442,0.14333441402766106,0.5088767859873492,0.512526684840846,0.5097834571789729,0.2494648781146825,0.2511488516198014,0.25129119365379,0.2521489971346705,0.25432525951557095,0.25379090183559455,,,,ok,
TAO_id_8,213,3,136,0.8364232681920287,0.8244620787268889,0.8262264133700431,0.9491770608877804,0.9462613953860243,0.9459525944953231,0.0499270579917893,0.049818732990111525,0.04993200439923061,0.4851761266491267,0.48197743453193087,0.4909061003952011,0.09499704905680219,0.09417384596041453,0.09352219182094275,0.09488240637932775,0.0940403353727623,0.09336941813261164,,,,ok,
SWaT_id_2,16303,51,125,0.10608616355718856,0.07947676914757512,0.09324520561465724,0.3937158981378762,0.22018545672446588,0.27560794788187415,0.10139120587345593,0.07582458388076467,0.09054268904353582,0.38315292294643233,0.20639564363739835,0.26490491297003177,0.22272637422014518,0.22272637422014518,0.22272637422014518,0.8518259061737322,0.8643624422552457,0.8729323881393399,,,,ok,
TAO_id_9,213,3,125,0.7986478447020127,0.8012549742701407,0.8055031691322132,0.9370214401897766,0.9371756094593134,0.9331844029059297,0.05221457861216288,0.049804034610511236,0.05194345714266437,0.4986401146384883,0.49999978245314963,0.5012310976261071,0.09335743810891364,0.09346027031679409,0.09327634770983538,0.09382314032766867,0.09385113268608414,0.09373365414792342,,,,ok,
TAO_id_5,213,3,294,0.9623580732328985,0.9623077932349114,0.9613549130683057,0.9858367334085644,0.9857797104745218,0.9855933896030191,0.10303761659117254,0.10460018756524865,0.10518216672331576,0.5175569567331381,0.5178934618356399,0.5176838414050525,0.17687799810249896,0.17785007746671455,0.17769393532884784,0.1801290322580645,0.17935024477080552,0.18038774936779994,,,,ok,
TAO_id_7,213,3,40,0.7257634345667032,0.72265554549383,0.7252310439390691,0.8935477749242021,0.8914828639870191,0.8876525484068075,0.09654078993645374,0.09689208832009494,0.09885057820050254,0.5037031119774915,0.5017520080882888,0.507666266260947,0.17545988401150336,0.174964147149353,0.1750030418025244,0.17527812113720642,0.17501224889759923,0.17721518987341772,,,,ok,
TAO_id_6,213,3,42,0.8275777952293422,0.8301463849398178,0.8299808646555751,0.9188671992694528,0.921094381562038,0.917598935921611,0.14280873752157705,0.1491469998455975,0.14723927046934532,0.5065973443910594,0.5116394275653983,0.5089308971154143,0.2500674959635981,0.24891037238399014,0.2489996756632164,0.25120772946859904,0.2495872584247839,0.2515696498882622,,,,ok,
