dataset_id,family,backbone,test_length,n_eval_rows,n_anomaly_events,n_eval_anomalies,n_label_pos,n_label_neg,normal_mse,normal_mae,normal_mse_median,normal_mae_median,normal_mse_strict,normal_mae_strict,normal_mse_strict_median,normal_mae_strict_median,n_normal_target,n_normal_strict,sliding_window,auroc_D_w_z,vus_pr_D_w_z,vus_roc_D_w_z,auc_pr_D_w_z,standard_f1_D_w_z,pa_f1_D_w_z,vus_error_D_w_z,status,error
Exathlon_id_16,Exathlon,TimeXer,46655,42582,0,0,2948,43707,0.29382562643628873,0.20946385331359815,0.1392905454743154,0.19597226827156616,0.26315662182625393,0.20356714307739537,0.13347457803648888,0.19320079318898548,31757,30801,10,0.9704461534110564,0.5287001567883022,0.9705349305733761,0.5387687041102525,0.7533095439418535,0.9930941552972882,,ok,
Daphnet,Daphnet,TimeXer,38774,35292,0,0,2306,36468,0.30593242762666295,0.12614566429192867,0.21973582517720577,0.09444613392674882,0.29534911560661914,0.11263232549924357,0.19019622671424513,0.08516080791996046,26488,25099,58,0.8553135869525406,0.18675051911155202,0.8560865235004481,0.1663965083711918,0.3249433794427027,0.4780443639655953,,ok,
Exathlon_id_11,Exathlon,TimeXer,46660,42586,0,0,2928,43732,0.4670530222248103,0.26682015179994856,0.3677183924002455,0.26289095821281383,0.39634264845753514,0.2557711319584802,0.3189864273293612,0.2553743751231788,31780,30824,27,0.9837056301446615,0.7102814654846583,0.984183202707432,0.6916624457598408,0.7867508929788735,0.9903602232369355,,ok,
Exathlon_id_10,Exathlon,TimeXer,46660,42586,0,0,2928,43732,0.5119162352578858,0.26602472752246764,0.3678433205400222,0.26321410073230717,0.3927328514660005,0.2526361635136171,0.3173891813351334,0.2535445994129571,31780,30824,27,0.9842785044051222,0.7398687502189196,0.9847309437686654,0.7221048520525073,0.7832157838075479,0.9949031600407747,,ok,
Exathlon_id_12,Exathlon,TimeXer,46660,42586,0,0,2928,43732,0.47462661656455196,0.2706855398607979,0.3883702216867044,0.2805849927303208,0.4082151841056555,0.2595246806941768,0.33061350529254485,0.27174161617885995,31780,30824,27,0.9842315764325081,0.7221216638072022,0.9847600555454845,0.7001428877321301,0.7900850505456276,0.9875210792580101,,ok,
Exathlon_id_1,Exathlon,TimeXer,43066,39262,0,0,5437,37629,0.7282808383979202,0.3123909406102499,0.6395999425169727,0.23700548221124848,0.518695261759904,0.2957526204866879,0.39636979801232913,0.23605567750262124,26576,25907,30,0.9802656814087831,0.7641295658716176,0.9806394739957697,0.7505357065029024,0.9002112441453837,0.9904362874578742,,ok,
Exathlon_id_13,Exathlon,TimeXer,43066,39262,0,0,5437,37629,0.6443521497310462,0.30263050759548454,0.505956196305145,0.24245053759110777,0.5270735401496842,0.2912116879784507,0.3885044810675786,0.23974462721325848,26576,25907,125,0.9875340483448481,0.8291371007518815,0.9891577947619583,0.7976293805561718,0.9107626799099506,0.9792867435158501,,ok,
Exathlon_id_14,Exathlon,TimeXer,46660,44228,0,0,5817,40843,7287.39742708723,2.6417543399011914,0.49456696640819586,0.3565015379209834,0.6294462505239905,0.34790086236066475,0.23143440621375416,0.33782184816460903,34550,32828,125,0.9630868685196294,0.7899730164345261,0.9745463546768278,0.7441522211523961,0.8771397241253993,0.9607729787761169,,ok,
Exathlon_id_18,Exathlon,TimeXer,46660,42586,0,0,2928,43732,0.5831866946447758,0.3030942080347789,0.4054672726126587,0.2843980930136037,0.4200434167901176,0.2828662480917397,0.3398104487967082,0.27301407494102553,31780,30824,27,0.9823521068340249,0.6914313258161304,0.9827860836877947,0.6710611030158818,0.7863805016319945,0.9856926443359704,,ok,
Exathlon_id_2,Exathlon,TimeXer,46656,42876,0,0,3787,42869,0.09436696481281819,0.16085859978588002,0.06339419890940044,0.14852749595644987,0.08938058597328974,0.15662619630446514,0.05674151432712769,0.14302200222188347,32085,31224,10,0.934455764835438,0.6456753209121767,0.935378174061234,0.6450938695263526,0.7225982948360936,0.9980234550006588,,ok,
Exathlon_id_20,Exathlon,TimeXer,46650,43406,0,0,3891,42759,0.065407645901502,0.12375744613079058,0.05250630015223731,0.11107367409082822,0.05240223954027656,0.11928095321344535,0.028217225309118393,0.10532295668594187,33761,32613,10,0.9029747113436674,0.5356234783049865,0.9042306464299436,0.5382684976452483,0.6465500302156288,0.9952679370763525,,ok,
CATSv2_id_1,CATSv2,TimeXer,100000,94455,0,0,2000,98000,0.10362080095498001,0.08471471449449376,0.007586655065272218,0.05243266687587451,0.09818613241899207,0.08386158280320918,0.005880924660659197,0.05187689057396487,81332,80471,97,0.7756661071428572,0.2922147325700947,0.7985752456323066,0.2587770540782844,0.4531395379385054,0.7305422871593145,,ok,
Exathlon_id_19,Exathlon,TimeXer,46660,42586,0,0,2928,43732,0.688116249697283,0.27219427925122064,0.3682085738618131,0.2534219823875034,0.38783722352622424,0.2518180339167415,0.30499044940235964,0.24090279735004239,31780,30824,27,0.985306608895513,0.7236386104923085,0.9857770311306148,0.7187052754140097,0.7815948509898106,1.0,,ok,
Exathlon_id_21,Exathlon,TimeXer,46649,43979,0,0,4856,41793,3217.218370940553,2.0114892729093232,0.25389648971758433,0.31330357447658985,0.22873517779274197,0.2775873390598941,0.16106533232010598,0.27745780353267274,34708,33273,125,0.9664482798862252,0.7763814070880258,0.9755885416167099,0.7281095026874779,0.872881216515335,0.9512242899118512,,ok,
Exathlon_id_23,Exathlon,TimeXer,46660,42586,0,0,2928,43732,0.9966004892321078,0.2809583132977695,0.36941092129244035,0.27337503240017824,0.39643449867197544,0.25907830362631173,0.32334021640481664,0.2648736938170026,31780,30824,27,0.9854981631162285,0.7200054638967053,0.9858944164232512,0.7060769827343247,0.7775725310788555,0.9832102081934184,,ok,
Exathlon_id_22,Exathlon,TimeXer,43066,39262,0,0,5437,37629,0.6243247925039812,0.3108659605038801,0.5454730659745674,0.26405902822044386,0.5447230615692422,0.3009849349861528,0.3848837711435783,0.2624561480726991,26576,25907,125,0.9655077331600529,0.6760861595565085,0.9672786425822589,0.6461235432851802,0.842428812583419,0.9874682164911006,,ok,
Exathlon_id_24,Exathlon,TimeXer,43066,39262,0,0,5437,37629,0.7510148044555557,0.31855433212494083,0.5529302069216004,0.2505693034883853,0.5704463696850997,0.3043532603897715,0.39913498212524595,0.2426612216523411,26576,25907,125,0.9691577508225484,0.7050661497354294,0.9708847041918688,0.683951835072261,0.8462760956116765,1.0,,ok,
Exathlon_id_4,Exathlon,TimeXer,46660,42586,0,0,2928,43732,0.549543785000726,0.26259063507271097,0.3592048773954871,0.24724239443681195,0.3898709837319768,0.2478849475834274,0.3054893406301915,0.23988075242502854,31780,30824,27,0.9834398455395731,0.7269649565312338,0.9839360562406144,0.721940058559605,0.7878243737821702,0.9998292641283933,,ok,
Exathlon_id_3,Exathlon,TimeXer,43066,39262,0,0,5437,37629,0.6513482410374098,0.3081139766222188,0.541839841424107,0.2498921397101074,0.5320721963554325,0.29637490895979524,0.39653420842026416,0.24085979862652407,26576,25907,125,0.9646894433012494,0.6724032977536696,0.9664474893786064,0.6438005114955789,0.8435431276302605,0.9875578966488058,,ok,
Exathlon_id_27,Exathlon,TimeXer,43066,39262,0,0,5437,37629,0.7025019451320758,0.31245606100326534,0.5435429407902672,0.2474360044820665,0.5540309403451802,0.29929867608384714,0.39774869359528264,0.24578301677788258,26576,25907,125,0.980547001693489,0.7807857139595382,0.9822095775759733,0.7514246624048273,0.8697779114689785,0.9806998556998557,,ok,
CATSv2_id_4,CATSv2,TimeXer,195000,181907,0,0,5900,189100,0.08924168079699465,0.07931159832482679,0.005141238487999691,0.048710649424975896,0.08782903486631727,0.07865970598259077,0.0043075747615472434,0.047655818017171364,147273,144116,73,0.8288995912843173,0.42649670891494734,0.8480302660820745,0.4492891130743107,0.5719350925553065,0.5691145890335997,,ok,
Exathlon_id_8,Exathlon,TimeXer,46655,42582,0,0,2948,43707,0.3033967778889815,0.21799106136690852,0.14258624427488695,0.19883002247666787,0.26461859505322716,0.20858701925770193,0.13342230728143317,0.1959845968236959,31757,30801,10,0.9750771364848178,0.5982019222907876,0.9751652662762347,0.5850520602185758,0.7719809119968813,0.9909243697478992,,ok,
Exathlon_id_6,Exathlon,TimeXer,46660,42586,0,0,2928,43732,0.6193929877816813,0.3228452206482776,0.4952128834071676,0.3806409143634471,0.4857179254268874,0.3131941825739192,0.454757288737697,0.37796793065028,31780,30824,125,0.9855968922608095,0.7800587935478496,0.9885015163077505,0.7406294734357581,0.7848851810514051,0.9925423728813559,,ok,
Exathlon_id_15,Exathlon,TimeXer,129197,124861,0,0,16105,113092,19618769113301.34,496886.923162081,0.7259255525759787,0.3047215777240862,16503884432416.512,469079.4342520959,0.3273346859353553,0.22642198284439996,100454,97871,125,0.7630357861144346,0.3808857712265321,0.6631631335870625,0.4746434430376954,0.6200001994414469,0.7497971955035346,,ok,
Exathlon_id_7,Exathlon,TimeXer,43066,39262,0,0,5437,37629,0.681954249505188,0.3077506870403422,0.5499010180408535,0.248493074136816,0.5530194668059935,0.29664254890992087,0.3876024084049026,0.24598540925702822,26576,25907,125,0.9707858061273938,0.7094803672524199,0.9725638772204465,0.6762036865226247,0.8585986970675732,0.9907972665148064,,ok,
CATSv2_id_2,CATSv2,TimeXer,195000,192748,0,0,6600,188400,0.08308556249116687,0.10424491759281615,0.02040900279467184,0.08405713329669794,0.08273622442750651,0.10393351333468621,0.020247984024718103,0.0836315525625765,182708,179838,125,0.6915266176896351,0.14244726276742048,0.6854467519193064,0.22825365704764958,0.25784436860268894,0.6323847561990348,,ok,
CATSv2_id_6,CATSv2,TimeXer,200000,184426,0,0,4000,196000,0.08186080810004331,0.0625150869338023,0.004968920271101112,0.04358211998101639,0.08087919831999577,0.062317286567036556,0.003668950639912405,0.043649181948436054,145713,143609,189,0.8054592091836734,0.4048626612537718,0.8474181645512762,0.3707430466205198,0.4884200967062777,0.5855562784645413,,ok,
Exathlon_id_17,Exathlon,TimeXer,129197,124861,0,0,16105,113092,20993529342641.258,499335.2138611215,0.7231534333329954,0.3061754126112075,17431377559887.053,471979.75565878605,0.3240411409700336,0.22264819276138426,100454,97871,125,0.7677133415667285,0.41350713379475273,0.6661130174648722,0.522682429543507,0.64412847735021,0.7730369830570232,,ok,
Exathlon_id_9,Exathlon,TimeXer,43066,39262,0,0,5437,37629,0.7321392628334882,0.31452809864117837,0.5494543559420865,0.2502947283610998,0.5717781897484766,0.30300209353695745,0.4021385398766066,0.24796378242045353,26576,25907,125,0.9797146250470817,0.7840687359952985,0.981432858680449,0.7500314201181127,0.8655440042133178,0.9906167441013027,,ok,
Exathlon_id_25,Exathlon,TimeXer,129197,124861,0,0,16105,113092,25366835153721.37,535302.5212094085,0.7192987364608344,0.2774434777513689,22564244974645.3,510993.5367557588,0.3250020427258241,0.2165687976919272,100454,97871,125,0.761388151391235,0.3650768142148534,0.6620464998332443,0.4513718914251191,0.6105831265878408,0.7512191346079418,,ok,
Exathlon_id_26,Exathlon,TimeXer,129197,124861,0,0,16105,113092,24322167852891.69,534110.1827917524,0.7188166552571219,0.3110881166727213,20281258656367.586,498883.19354733796,0.3268460685994622,0.2185935570310524,100454,97871,125,0.7654761227607271,0.39202131749849234,0.6645575870554674,0.48831423399676527,0.644379619364358,0.7482363825604256,,ok,
Exathlon_id_5,Exathlon,TimeXer,129197,124861,0,0,16105,113092,21999410692438.043,519925.70161713345,0.6926896333149484,0.2961002652777354,17776400453746.23,487983.1899557036,0.32566233997902405,0.2265341955135351,100454,97871,125,0.7635432732503542,0.389841649562252,0.663888844900352,0.48079032947447875,0.6106987968151322,0.7727554179566564,,ok,
GECCO,GECCO,TimeXer,138521,133097,0,0,1726,136795,0.19207744282379094,0.1774005920606151,0.19172716815623828,0.1482541837155179,0.09358867565948696,0.16542487140606346,0.07718434305071309,0.14611082411603885,120361,107655,57,0.9050553905017349,0.24357319233212754,0.9275130754813807,0.4208759844798348,0.4625360275784957,0.5589555283557731,,ok,
GHL_id_1,GHL,TimeXer,200001,184427,0,0,1850,198151,0.014438818089079186,0.022090633943573742,0.003196136768014582,0.01421343474741956,0.014369526998364426,0.022021807768249833,0.0031941061953075474,0.014135128516476365,147864,147332,125,0.5122560858924541,0.009793106757438585,0.5376226351985028,0.008771775006570387,0.02630035410498792,0.3575949367088608,,ok,
GHL_id_12,GHL,TimeXer,200001,187445,0,0,1051,198950,0.014726628881466695,0.022738909535398255,0.004211534950064762,0.01215258130848678,0.014700244811879261,0.022714071218983237,0.004219151398144741,0.012141699003781394,158912,158625,125,0.3020987850343705,0.004074960234892941,0.3210751455898243,0.003629007964562418,0.013332439761337689,0.010455058666706457,,ok,
GHL_id_10,GHL,TimeXer,200001,184427,0,0,1855,198146,0.015586539402507428,0.024894740576344318,0.004528129796010096,0.023159108309014267,0.015589607884275396,0.024916320827194333,0.0045443258040957545,0.02322519726215308,147859,147332,125,0.34055138301869653,0.00902368571942191,0.3591477740404789,0.009888721654014693,0.03992992023440818,0.23470774807430902,,ok,
GHL_id_14,GHL,TimeXer,200001,184427,0,0,1771,198230,0.012268409691710091,0.017528988419098147,0.0026595528858904785,0.011291631731888551,0.012186211859953423,0.017450517514839177,0.0026692076970031547,0.011104065558196275,147943,147407,125,0.2581877680715438,0.006203091500061321,0.29928645314272856,0.00541554949773239,0.018643415518350796,0.08027377390989031,,ok,
GHL_id_13,GHL,TimeXer,200001,184427,0,0,1849,198152,0.01706895030461689,0.028339688707344556,0.004433042118374946,0.022934569773140977,0.016999138236795146,0.028264675826275114,0.004449077888338145,0.022729725673276642,147865,147332,125,0.14864916867005268,0.005801271229378787,0.1791373573150376,0.005195801563384017,0.018467194495866604,0.30739765381853007,,ok,
GHL_id_15,GHL,TimeXer,200001,184427,0,0,1239,198762,0.01413873593915878,0.021629508476168364,0.003567555185972791,0.01604057722189983,0.014131218285423032,0.02159557710362833,0.0035503645496322246,0.01608103164280985,148475,148093,125,0.5760391975643194,0.008293215857353386,0.5933839604151839,0.006978660598055347,0.022989558157157863,0.5346278317152103,,ok,
GHL_id_11,GHL,TimeXer,200001,184427,0,0,1546,198455,0.0157849359040672,0.02790846615016727,0.005415578070364951,0.02315222235267526,0.015759693637708815,0.02791017282529545,0.0053490762208067534,0.023154896470321963,148168,147499,125,0.28405360582557176,0.005413379800881295,0.3174784164894719,0.004868969148471538,0.015394037082963481,0.14262893655864903,,ok,
GHL_id_17,GHL,TimeXer,200001,184427,0,0,3583,196418,0.017232180033275372,0.0280336274816774,0.005129422331113707,0.017366474887902026,0.017008193520396737,0.0278219193208572,0.005157619904436907,0.017021052664773554,146131,145332,125,0.13857845491968523,0.011480633440138424,0.17531549379575387,0.009841364987839479,0.03618734713878605,0.2989894551845343,,ok,
GHL_id_19,GHL,TimeXer,175001,161301,0,0,1129,173872,0.013087065542144666,0.0176075328830052,0.003827289905536401,0.009829994861041504,0.013068538343122106,0.01758652841755427,0.0037093936150263277,0.009826579239470426,129835,129453,125,0.44006152159172623,0.007166233874666143,0.4639042863348096,0.005532732360174788,0.019656629159564648,0.012820148868159133,,ok,
GHL_id_16,GHL,TimeXer,200001,184427,0,0,2728,197273,0.015393362932717135,0.02665432544303728,0.004554775608391039,0.01812924099414749,0.01534974254690596,0.026634950421817908,0.004572513291958458,0.018175425447997152,146986,146332,125,0.2576065312188583,0.012434757296085222,0.286062071484234,0.01114982117247654,0.04415817720488398,0.6836461126005362,,ok,
GHL_id_2,GHL,TimeXer,200001,184427,0,0,1847,198154,0.013741353025771508,0.019957934146906813,0.0034184779635297894,0.011799765437512278,0.013655482354852162,0.0198815486378288,0.0033692818764267485,0.011652175175553052,147867,147332,125,0.33578373432805364,0.006920679930568143,0.37050930192972964,0.006282464831285056,0.020968897637882195,0.018405252230514563,,ok,
GHL_id_20,GHL,TimeXer,200001,184427,0,0,1191,198810,0.013844554357674685,0.023865708857091487,0.003586651730458525,0.013405413968388175,0.013797126380873726,0.02380993499234399,0.003590173327875382,0.013373381135469703,148523,148141,125,0.27203535258127587,0.00420365729052808,0.30083758464921284,0.0037101075114659436,0.013073301710888201,0.04256764001572608,,ok,
GHL_id_18,GHL,TimeXer,200001,184427,0,0,5549,194452,0.01421922967683157,0.024149337940234668,0.003286722771203947,0.013609892840479244,0.01408369172279214,0.024015518211556466,0.003282353951156521,0.013546696273833576,144165,143337,125,0.304262900174688,0.020175379608705527,0.32675929033028095,0.01894041548211352,0.058371264840205994,0.5332825445195696,,ok,
Genesis,Genesis,TimeXer,16220,14429,0,0,50,16170,0.28346305509957026,0.17682679445516675,0.096988522991107,0.12033806050769486,0.2876037674125351,0.1771581854553631,0.09538201876362039,0.12006620248489731,11828,11163,125,0.937504019789734,0.6154816748668276,0.9941902060836592,0.15675989438085342,0.3108063368065501,0.611764705882353,,ok,
GHL_id_21,GHL,TimeXer,200001,184427,0,0,971,199030,0.015081069055056668,0.022585218070348093,0.003751819977216677,0.013715874270084388,0.015027133336732192,0.022543066760260185,0.0037614786158092,0.01374925704947049,148743,148361,125,0.3575884543641191,0.004333215237558592,0.3736310668912867,0.0035989079566462216,0.01381180141466006,0.009663085718835056,,ok,
GHL_id_24,GHL,TimeXer,200001,184427,0,0,1009,198992,0.012776313118726143,0.016713874217023115,0.0027045275789908565,0.01048434950239546,0.01273688315918913,0.016680442747379075,0.0026902841205725097,0.010440457171589737,148705,148323,125,0.4023678895647941,0.0042531352577615525,0.43122064497600576,0.0038174624669100937,0.012055918641722977,0.0788620110203603,,ok,
GHL_id_3,GHL,TimeXer,200001,184427,0,0,1919,198082,0.015814640037955685,0.02594459400685334,0.004887073433689394,0.017090632201441653,0.015756421933671962,0.025891368081396787,0.0049042943893567855,0.017007721122301204,147795,147276,125,0.2896962511443577,0.006826484494206019,0.3188950649345117,0.006252673824641204,0.02158437575819037,0.060862319064226414,,ok,
GHL_id_25,GHL,TimeXer,200001,184427,0,0,3144,196857,0.014316087052122136,0.023177531132695654,0.0036414840198292463,0.017697942744005418,0.01421825100640482,0.023110036908863582,0.0035861075990496344,0.017524756091023427,146570,145899,125,0.3851171510154857,0.013014492934348402,0.41005456617728697,0.011840387114295576,0.040159181953960024,0.42639522639522637,,ok,
GHL_id_4,GHL,TimeXer,200001,184427,0,0,2713,197288,0.013883815210640702,0.018588078647299885,0.004081704411711876,0.01132925952994173,0.013794025390188834,0.0185222881507245,0.0040637246073834035,0.011274165078930719,147001,146332,125,0.3638472295457999,0.011371630824704238,0.39301555756268797,0.009955144540026327,0.03598044083244253,0.40427983539094653,,ok,
GHL_id_22,GHL,TimeXer,200001,184427,0,0,6492,193509,0.014666193689080384,0.023458211557123732,0.004128417270100764,0.014405464538838744,0.014455042779375198,0.023284713958050922,0.004082343985465141,0.01430503701323526,143222,142099,125,0.4970447134867485,0.03125603330337121,0.5170359744416744,0.02914559922633525,0.07992602133756736,0.5881618208313094,,ok,
GHL_id_6,GHL,TimeXer,200001,184427,0,0,1866,198135,0.01689241102995704,0.02710796281195566,0.004909919885217885,0.023723015946403615,0.016796678748534306,0.02702475471633889,0.00492708974234023,0.023785284517582023,147848,147332,125,0.2348122312374251,0.006673575114019049,0.26188026507236156,0.0057674496852457855,0.021474147196686496,0.0657033190336419,,ok,
CreditCard,CreditCard,TimeXer,284807,284233,0,0,492,284315,1.3475883950487433,0.7464707168135004,1.2439516597421225,0.7399103215118372,1.3335805328453616,0.7444023571200356,1.2220924408923621,0.7355806174032555,283530,204451,30,0.6155427486603445,0.03783076661249685,0.6869574825935383,0.004598694003035895,0.029407764557955077,0.03115264797507788,,ok,
GHL_id_7,GHL,TimeXer,200001,184427,0,0,1695,198306,0.014287173329885008,0.01925704653285094,0.0037566355955292938,0.010822806550124856,0.014212904230665091,0.019201619039754893,0.0036793539297922512,0.010776068862565094,148019,147350,125,0.43620791704557677,0.007702569316728597,0.45899767500824645,0.00678951495873699,0.020824569583236814,0.0666605454044624,,ok,
GHL_id_5,GHL,TimeXer,200001,184427,0,0,2283,197718,0.0145825586184083,0.025656370111544844,0.004862345008005628,0.018903872694252075,0.014473356079788197,0.0255413067456179,0.004790956525350649,0.018627325840577778,147431,146762,125,0.4213520254274731,0.00983139352495854,0.4469457766771282,0.008953797504677634,0.02774814663568685,0.2513121333744983,,ok,
GHL_id_23,GHL,TimeXer,200001,184427,0,0,3734,196267,0.012644555610250798,0.0188777711363192,0.0036617555409335463,0.012931103238330507,0.012537187253805765,0.018769857285931703,0.003614194581375963,0.012801717349106909,145980,145165,125,0.3476046039389479,0.014256712425804062,0.3681269182320567,0.013175782923250789,0.04341857303890146,0.36083385975994947,,ok,
GHL_id_8,GHL,TimeXer,200001,184427,0,0,1168,198833,0.013521141905697951,0.020288524230421025,0.0039041502570610082,0.011906862489402339,0.013480665782564327,0.020246147922599322,0.003859690296615222,0.011808300055335022,148546,148164,125,0.23467691686470005,0.003887026325971569,0.2647896889024656,0.0035186632913565582,0.012864344747245297,0.011612184840531297,,ok,
CATSv2_id_5,CATSv2,TimeXer,350000,340214,0,0,17100,332900,0.0903047776439791,0.07108234454569275,0.002974635654422715,0.03304503388969554,0.09018808142066646,0.071000947994192,0.002344859370359606,0.033072169530455164,302096,298365,296,0.7312602032642435,0.4448021168926666,0.7659074464356811,0.4443945880624657,0.484496513241648,0.6063300860988722,,ok,
GHL_id_9,GHL,TimeXer,200001,184427,0,0,2387,197614,0.015450372115326731,0.026156336825879364,0.003617891022315153,0.01881438854692136,0.015325043311249101,0.026032410411788515,0.0035569652418568254,0.01877331457813205,147327,146658,125,0.3256002276407648,0.008564664375389011,0.35070295697998405,0.007944637089201952,0.02567179609303585,0.22810516772438802,,ok,
LTDB_id_5,LTDB,TimeXer,100000,94775,0,0,505,99495,0.1671851621752851,0.24155848833412935,0.16718516217528528,0.24155848833413898,0.16610261531977338,0.24056558963022484,0.16610261531977394,0.24056558963023472,83777,82171,7,0.5519791780173042,0.00574639385009958,0.49752969718169227,0.005483804458494368,0.012165028742371742,0.06900484744796122,,ok,
CATSv2_id_3,CATSv2,TimeXer,400000,390933,0,0,28000,372000,0.08488420045784748,0.06990484098665757,0.003188960746158521,0.03759363547332854,0.08449562944642877,0.06969927230060725,0.00207444296587409,0.03589381934410033,343593,336418,125,0.7598700933179723,0.41395902199012125,0.7735742142608534,0.4230170300700381,0.4754139134757718,0.488586513961491,,ok,
MITDB_id_10,MITDB,TimeXer,150000,138176,0,0,574,149426,0.03169339366605111,0.11559161921333508,0.031693393666051166,0.11559161921333515,0.03141457237558289,0.1153773381117008,0.03141457237558299,0.11537733811170084,111639,110970,255,0.7387179073314276,0.04047248914502529,0.801915640652844,0.1271639198247863,0.22311475392899205,0.6666666666666666,,ok,
MITDB_id_5,MITDB,TimeXer,100000,91926,0,0,465,99535,0.02492369435360995,0.10363284702296663,0.02492369435360995,0.10363284702296732,0.02465594103618606,0.10323648367492051,0.024655941036186048,0.10323648367492022,74248,73866,271,0.819698220380684,0.056091789727532405,0.8984484584536017,0.10000559285585603,0.1359474812121462,1.0,,ok,
MSL_id_1,MSL,TimeXer,1827,1253,0,0,11,1816,0.18412020335391924,0.08743089906892453,9.630577365694854e-08,0.0003103076633513046,0.19421189545037973,0.0885365775926774,9.629462489205951e-08,0.0003102898040920974,1029,647,125,0.5852022426912296,0.023605802831390865,0.8189760832360955,0.00799352390113044,0.020895199425798216,0.16541353383458646,,ok,
MSL_id_10,MSL,TimeXer,6100,5068,0,0,131,5969,390.6827580835309,0.6248284847895222,8.491299572878632e-08,0.0002884414938782804,11.285751181323429,0.20968221387758676,7.210458417055847e-08,0.00026590991542838044,4157,3775,125,0.8721306905014329,0.2309787437999687,0.9302910424909956,0.13526607179737538,0.38680908648230106,0.6022988505747127,,ok,
MSL_id_11,MSL,TimeXer,2156,1582,0,0,101,2055,0.14778703763994433,0.05611931457467236,4.083877034554895e-08,0.00020204917108109622,0.10039988916847117,0.04343119535123317,3.673914492067634e-08,0.00019163075005242529,1229,847,244,0.9062802630628025,0.4198944752115271,0.9575583937196407,0.2838767580365529,0.40315725856759393,0.9665071770334929,,ok,
MSL_id_12,MSL,TimeXer,2218,1644,0,0,26,2192,0.16049708619671368,0.040539905773660075,7.482760823550633e-08,0.0002735251230173927,0.16617980491431006,0.04057745987819249,6.738601973119276e-08,0.0002595673929921556,1351,969,125,0.7447711959573273,0.033586185020635206,0.7943878689696837,0.02154918341841386,0.06372487325183984,0.17218543046357615,,ok,
MSL_id_13,MSL,TimeXer,6100,5068,0,0,181,5919,134.16700704723925,0.4178443142469281,1.932217194891709e-07,0.0004290285573361021,11.389294794848517,0.20060482624401973,1.8341296093361114e-07,0.0004204615178610192,4107,3725,125,0.8610589178588663,0.37071913716583316,0.9216057230590994,0.21005801742616045,0.49011398206123374,0.8379629629629629,,ok,
MSL_id_14,MSL,TimeXer,2303,1729,0,0,301,2002,0.21893734135063145,0.07045813311193931,7.04134262806601e-08,0.0002653166655044627,0.23331283699824668,0.07066172905866536,7.039462793141139e-08,0.00026528061890365224,1140,758,15,0.7491627973355547,0.23324385634891376,0.7595500352222988,0.22341988776657257,0.43335958553998144,0.9011976047904192,,ok,
MSL_id_15,MSL,TimeXer,1096,522,0,0,112,984,3173.9685583132155,6.935351788527417,1.8297167132206004e-07,0.00042770919104691084,nan,nan,nan,nan,204,0,9,0.8308062935540069,0.2744087236963685,0.815565703804579,0.22991759521732977,0.4988084463832796,0.5346534653465347,,ok,
MSL_id_16,MSL,TimeXer,2049,1475,0,0,181,1868,0.19526597961902795,0.0666456289958033,4.896366618359805e-08,0.00020288236053336858,0.18160120832015308,0.06459765714548885,4.104428550351797e-08,0.00020252314227424702,1069,956,125,0.6483342600589161,0.34842456414959916,0.7394632735530019,0.23852154786314073,0.31372071356848663,1.0,,ok,
MITDB_id_6,MITDB,TimeXer,200000,184426,0,0,353,199647,0.03594586791216137,0.13117339230030367,0.03594586791216145,0.13117339230030048,0.03587095482119844,0.13109070154437608,0.03587095482119846,0.13109070154437297,149360,148978,125,0.891148244924246,0.20834748201905126,0.916644722728346,0.5685357398809046,0.6376765486181951,1.0,,ok,
MITDB_id_9,MITDB,TimeXer,100000,91926,0,0,433,99567,0.04281500714896449,0.11408762975584558,0.04281500714896443,0.11408762975584194,0.04211207541298208,0.11373900835306314,0.04211207541298197,0.1137390083530593,74280,73898,119,0.7795182006448198,0.14295860092554166,0.8206667313361891,0.21055304940169323,0.26527113025150173,1.0,,ok,
MSL_id_2,MSL,TimeXer,3535,2961,0,0,228,3307,0.1380655191629046,0.0319196284552253,1.1740096640313579e-07,0.0003424335783222193,0.12618480467382875,0.02986629254062747,1.18017453418235e-07,0.0003432968134966906,2137,1495,40,0.5715680189284824,0.1134749594823266,0.5295112838826539,0.12089393314609269,0.25060932318365,0.5831062670299727,,ok,
MSL_id_3,MSL,TimeXer,2430,1856,0,0,121,2309,0.15049371269442402,0.02613347916555623,7.346576055019107e-08,0.00027101452422535576,0.13585524138009705,0.024872280326979926,6.15071678589439e-08,0.0002479750714517378,1613,1392,125,0.467518406236466,0.12149874469840297,0.47676413871028994,0.08437935843793584,0.15562557448827127,0.15404201145767027,,ok,
MSL_id_5,MSL,TimeXer,5054,4135,0,0,423,4631,0.23072691592804404,0.04457639387254134,8.675928146600799e-08,0.0002945164492522102,0.2210948811567134,0.042938783848092056,8.684128504423667e-08,0.0002757456126144259,3381,2520,9,0.48401996413316983,0.15246224811658401,0.49504236427120674,0.14665576017647727,0.22437187888886728,0.9348066298342541,,ok,
MITDB_id_7,MITDB,TimeXer,150000,138176,0,0,3696,146304,0.029731699549673626,0.11094461526033045,0.02973169954967359,0.11094461526033261,0.023918772405784224,0.1067195145103032,0.02391877240578423,0.10671951451029814,108517,106806,240,0.9075859610085434,0.750754861953407,0.9566012225376178,0.6733488848347123,0.7207723346099938,0.9962264150943396,,ok,
MSL_id_4,MSL,TimeXer,3422,2848,0,0,71,3351,0.11773164702410581,0.03902241775309338,1.8820106821816328e-07,0.0004337843184448119,0.12370134442252159,0.039644906108986126,1.5551150150240329e-07,0.00039431195923794504,2209,1827,228,0.7318984032514995,0.053088280808346204,0.7962839368196223,0.03583696079761696,0.09727497868813678,0.6543778801843319,,ok,
MSL_id_6,MSL,TimeXer,3922,3054,0,0,151,3771,0.1117240672325331,0.03293634356037375,6.574619482008221e-08,0.0002563330920132977,0.10560664494700031,0.0307258017913018,6.552345959674683e-08,0.00025589665162510715,2504,2188,260,0.7322157068320277,0.6927270753549402,0.9042206113210755,0.5789005836614997,0.584264748880562,1.0,,ok,
LTDB_id_1,LTDB,TimeXer,100000,98340,0,0,14781,85219,1.0859435537390938,0.5081026104989724,1.0859435537391025,0.5081026104989776,0.9283398817661979,0.43780343070440286,0.9283398817661981,0.43780343070441163,81409,66535,100,0.8788025655527609,0.6562962908561695,0.9400037180100973,0.4667869305280078,0.5807297461151915,0.8162485360290945,,ok,
MSL_id_7,MSL,TimeXer,2625,2051,0,0,222,2403,0.4034466865999357,0.08611269864152403,0.000714457457464285,0.0025404630657959227,0.31009044434714095,0.07732652770480605,3.9757732811862626e-07,0.0006084712068084126,1460,929,181,0.8839232490917884,0.46993702062747356,0.9092777734001467,0.27754686047688915,0.47916255659449936,0.9115646258503401,,ok,
MSL_id_8,MSL,TimeXer,2856,2282,0,0,21,2835,0.17781045890004285,0.030385665991219436,3.572851891790853e-07,0.000597299247510521,0.14477053661853787,0.026797640279708875,3.272319674003068e-07,0.0005716818429564302,1834,1452,125,0.4736541530192324,0.1898480912083252,0.8669133805467721,0.008169222993084795,0.02648877226618259,0.18584070796460178,,ok,
MSL_id_9,MSL,TimeXer,2217,1643,0,0,69,2148,0.18541099861714858,0.05775867176479793,1.28431118498152e-07,0.0003583380060123284,0.17654768642934027,0.05683256593845659,1.2842649757651322e-07,0.0003583300822238262,1307,925,70,0.7741613364639841,0.08225078130151374,0.8163330654236618,0.06063926335289606,0.15330863020271998,0.641860465116279,,ok,
OPPORTUNITY_id_2,OPPORTUNITY,TimeXer,5162,4274,0,0,469,4693,6652591.227385854,52.853631395821864,1.2049133640965664,0.7980324546071011,5546714.864617259,48.622707581105644,1.1717765895026608,0.7927327220083578,3548,3261,35,0.427861529465697,0.08694612671056455,0.43532088080087994,0.08276736821285542,0.19790040446833926,0.16660746003552399,,ok,
OPPORTUNITY_id_5,OPPORTUNITY,TimeXer,6980,5882,0,0,480,6500,14.708814385029031,0.45335996852529836,0.19661293218218995,0.20409000266687044,5.288114554428147,0.39690509264330404,0.10903672584197854,0.17636101272624793,4468,4373,125,0.976311858974359,0.7872708322165128,0.9812133408213062,0.7462931561052916,0.6824336605474256,1.0,,ok,
OPPORTUNITY_id_4,OPPORTUNITY,TimeXer,9323,8749,0,0,438,8885,10177710.044688482,79.47714924899164,0.8408346849993886,0.5644257065037941,10522889.81699724,81.1830489946716,0.8473248216166578,0.55961746034298,7890,7603,125,0.39075258953189274,0.04729160324131873,0.4329069977330051,0.04126322880101686,0.11142998708507348,0.4620253164556962,,ok,
OPPORTUNITY_id_3,OPPORTUNITY,TimeXer,28066,25387,0,0,330,27736,3.152358525916478,0.4036875867772743,0.15052764405846064,0.1685722344949292,3.1807904178279087,0.4034852382916907,0.14264270045261226,0.1669568655629471,20433,20051,36,0.3241626679252869,0.00904875369346721,0.3327367822840539,0.008309364211652726,0.0260072913025408,0.02324352879027998,,ok,
OPPORTUNITY_id_6,OPPORTUNITY,TimeXer,16515,15497,0,0,355,16160,34315823.65945767,168.15089953687269,2.146608141377662,0.8461690175655572,34683160.86324887,169.44627576354333,2.0778982044775365,0.837933537964739,14583,14296,125,0.17631458304281133,0.016602707189646144,0.2109797202515486,0.015067051659688488,0.04350181082659662,0.04208903906574189,,ok,
OPPORTUNITY_id_1,OPPORTUNITY,TimeXer,24693,23578,0,0,721,23972,13010556.098405467,99.883513331905,6.683086934888517,1.4396114680199739,13099815.930315306,100.82600230352178,6.249729112199707,1.4007392243464776,22071,21497,34,0.23088662385358047,0.019418787672495327,0.21201434267013947,0.01827869459821564,0.058919098020211134,0.19871142760257715,,ok,
SMAP_id_10,SMAP,TimeXer,7361,6235,0,0,41,7320,0.5859823649938259,0.162775969231435,0.7613120369505373,0.08634880704711738,0.5662802324385818,0.1607921570672017,0.6856387062607072,0.07738037828037005,5193,4811,125,0.8073937091829935,0.12966336760185376,0.9456986555512051,0.045203063774111686,0.18530123776643875,0.3942307692307692,,ok,
SMAP_id_1,SMAP,TimeXer,8209,7019,0,0,1121,7088,0.49669156133663933,0.12011973827606483,0.3102719326154859,0.03355509984182345,0.31483360553680134,0.11325913294026892,0.33741269962351134,0.035097745622790014,4749,4367,37,0.9809879571810882,0.9171491733411845,0.9832379752630273,0.9137154543496281,0.8909423841289368,1.0,,ok,
SMAP_id_12,SMAP,TimeXer,7628,6481,0,0,51,7577,1.6643772997207893,0.19877078537015416,0.9544910400608778,0.09710682929630937,0.6435307816529235,0.17050117763718967,0.8096324312778409,0.1044452923371835,5383,5001,6,0.737950505528858,0.05951622982143423,0.7499235536184733,0.05544903112041836,0.16560070927273723,0.7285714285714285,,ok,
SMAP_id_11,SMAP,TimeXer,8469,7259,0,0,121,8348,0.6124621860375754,0.16681785637387733,0.8732572392591449,0.0799856106590562,0.595735642119957,0.16590037039921926,0.7037839123246288,0.07826955694181471,5944,5562,95,0.8811216226383713,0.2367412386345065,0.9338494344291829,0.13735677934027243,0.27927431994846835,0.9166666666666666,,ok,
SMAP_id_13,SMAP,TimeXer,4693,3767,0,0,51,4642,25617.46710501685,6.168918594569179,5.843854142138056e-07,0.0007644390487150154,0.04487052711038957,0.031517483585091606,5.844977568695236e-07,0.0007645122582783058,3182,2800,125,0.8706946802848671,0.15281629836175406,0.9527796154116244,0.07478806249128651,0.23795786791644294,0.34576271186440677,,ok,
OPPORTUNITY_id_8,OPPORTUNITY,TimeXer,26969,25946,0,0,625,26344,6957237.69459092,52.1333189968604,2.9394996631605887,0.9032020481159494,7109283.321645863,52.92955323850267,2.7146956653438528,0.8961757852538101,24749,24175,35,0.1352655936835712,0.015078964470579572,0.12611717021327007,0.013743918302579722,0.04619489962083721,0.045301344543906066,,ok,
OPPORTUNITY_id_7,OPPORTUNITY,TimeXer,21706,20506,0,0,818,20888,8221677.668939292,58.40477723025724,3.604366033955284,0.9485334531221494,8170679.55286602,58.764184813030745,3.434687445519088,0.9260040974640115,18703,18129,125,0.18070098974715776,0.025186136072316012,0.2290767043026498,0.0223501277737504,0.07319185034300944,0.07263686009856592,,ok,
SMAP_id_14,SMAP,TimeXer,8505,7293,0,0,322,8183,0.30429956355326343,0.1144105072196749,0.3565956353522636,0.046106935490888165,0.3192604713379213,0.11462746572690616,0.3643528717837995,0.052149032924987085,5770,5101,98,0.6637283172278842,0.06757131532334491,0.5971879226659373,0.05927796397906041,0.15297021782149892,0.8988391376451078,,ok,
SMAP_id_15,SMAP,TimeXer,8300,7103,0,0,66,8234,3.2577825642976905,0.1513473029371955,0.31455061680862106,0.044781136147404185,0.3187872364090908,0.10280799321853773,0.3271200293891906,0.04300147117109435,5872,5490,97,0.9642391856382626,0.3400555616192773,0.9865148841277094,0.3343062385652085,0.3468177219694113,1.0,,ok,
SMAP_id_16,SMAP,TimeXer,7029,5927,0,0,268,6761,0.05284595064042389,0.014902377546761991,1.6167198661401378e-07,0.0004012065176859057,0.030339038722012737,0.007775701178990649,1.6190558899654536e-07,0.0004016846288167987,4717,3761,16,0.6405997854243057,0.08455998818255311,0.6625225329574216,0.0727577780495917,0.23287317630627238,0.45694799658994034,,ok,
SMAP_id_18,SMAP,TimeXer,8302,7105,0,0,351,7951,0.30272453941828376,0.11626593780261761,0.2805765338739646,0.04654564517793838,0.31127173264893476,0.11887324590942798,0.28680491212996345,0.04697282201362207,5589,5207,98,0.9245374356681111,0.8547376098319619,0.9400907423160524,0.8352610372680253,0.8965467744792281,1.0,,ok,
SMAP_id_17,SMAP,TimeXer,7331,6207,0,0,448,6883,0.29931588140498194,0.12932634760305156,0.21318215474756141,0.013476318986779359,0.3124579469647768,0.13407677868763337,0.2313837667435369,0.008503057937251741,4764,4382,125,0.9240283384529171,0.7770219058314712,0.9402782878880545,0.7440922893914343,0.7349032911363061,1.0,,ok,
SMAP_id_19,SMAP,TimeXer,7632,6485,0,0,31,7601,0.059323041950132056,0.018157117444156746,1.9033052862106488e-07,0.00043599593641837324,0.009657356572841485,0.012495490771171767,1.9014013022347871e-07,0.00043576712135864524,5406,5024,87,0.636130220556718,0.08138803621219344,0.8883666900693395,0.054664737008727364,0.17777349146137256,0.9117647058823529,,ok,
SMAP_id_2,SMAP,TimeXer,8532,7318,0,0,623,7909,0.26370130721635815,0.09121012764434903,0.2838853423527192,0.035642556556950956,0.25445997621378025,0.09259470175949586,0.28898946518050206,0.03458946831634036,5489,5107,98,0.8790345314387757,0.7445049288655647,0.8933537373763605,0.7202172979005429,0.7309328162587644,1.0,,ok,
SMAP_id_20,SMAP,TimeXer,8205,7015,0,0,186,8019,0.6654272979704238,0.17034786399169316,0.9470636500103117,0.07826484625947634,0.6322126673888748,0.16903794912941394,0.9373530083641081,0.07455002210828261,5681,5299,93,0.9004648905086977,0.3003749231285501,0.9205971523115493,0.24128431753896767,0.3591110259844681,0.9662337662337662,,ok,
SMAP_id_23,SMAP,TimeXer,4453,3545,0,0,41,4412,1110.842199120022,1.2790918664461324,3.5261232243201056e-07,0.0005937943907056046,0.03144782305504723,0.02679926746379174,3.526108774942926e-07,0.0005937930917147788,3012,2630,6,0.7666563474338279,0.06293872424595022,0.7800661485031936,0.04843972267684048,0.18384198790255907,0.24260355029585798,,ok,
SMAP_id_21,SMAP,TimeXer,7907,6740,0,0,51,7856,0.5298353712884091,0.15136172876606258,0.6382847279493649,0.06503411951263613,0.5130961602703369,0.15056932347328936,0.6455213281826525,0.05469637853501949,5593,5211,125,0.3621785272153668,0.007401867133359299,0.4722658405361376,0.004743957205110731,0.014144915715439575,0.0863674851820491,,ok,
SMAP_id_22,SMAP,TimeXer,8516,7303,0,0,508,8008,0.27843694897974475,0.11360156561054764,0.28620467583366144,0.041490906065500766,0.2958442241900725,0.11531640414356079,0.3122343743480944,0.04709846991902061,5592,4923,98,0.849864702226907,0.5546949810099826,0.8677375107927818,0.6408147445920265,0.7236134724165328,0.9685279187817258,,ok,
SMAP_id_24,SMAP,TimeXer,8376,7173,0,0,41,8335,0.25319294975525186,0.08720729749611239,0.28147368706104764,0.0427476589282908,0.2599330166609431,0.08509015327931249,0.2814209265333324,0.03675576568148439,5954,5572,125,0.8998610034090744,0.17716458036246446,0.9654686240716576,0.0413580275729374,0.16027629670242607,0.33884297520661155,,ok,
SMAP_id_25,SMAP,TimeXer,8579,7405,0,0,184,8395,0.010159616492971712,0.00897607989475843,1.6176033182529122e-07,0.00040179590145522675,0.0020564260931577815,0.006422085655167346,1.6216283953429445e-07,0.00040229034584355136,6193,5723,99,0.6249724862107362,0.07329780444471107,0.710871040843232,0.045140972250031705,0.1618844214537588,0.4156378600823045,,ok,
SMAP_id_26,SMAP,TimeXer,7244,6126,0,0,81,7163,1.4452915074266197e-06,0.00044818552160969877,1.8520134565628748e-07,0.00043034884307661296,2.1703400366385643e-07,0.00041372724943405047,1.8520361728816485e-07,0.00043035289854742587,5065,4683,125,0.37700080833777144,0.0159936405214813,0.5231760969925617,0.00897205129253109,0.02583263868650332,0.0221160409556314,,ok,
SMAP_id_3,SMAP,TimeXer,8514,7301,0,0,295,8219,0.28818996457782653,0.09942548721966765,0.2673175295545044,0.041170719407302374,0.3047305766625302,0.10045487238077491,0.28747631252011924,0.04648732480155775,5804,5135,98,0.6140860057617632,0.05049803849248723,0.6583202675562694,0.04136265317941451,0.10344708516623932,0.7124087591240876,,ok,
SMAP_id_27,SMAP,TimeXer,8640,7418,0,0,85,8555,0.7123280288915862,0.1842112228268632,0.9373978642530156,0.08609039899283581,0.6966796355890257,0.18293724352979032,0.8730787327522352,0.08192170020969376,6108,5726,125,0.5305036614295047,0.051621212698656146,0.6994517049192157,0.01331277343408351,0.055747349450653426,0.4336734693877551,,ok,
SMAP_id_4,SMAP,TimeXer,8640,7418,0,0,121,8519,0.5613306576748254,0.17106860224299045,0.8464602753082158,0.07655013009391842,0.5792198831773138,0.17309675179429493,0.8577852293525178,0.08092348997264785,6072,5690,98,0.35641672139767305,0.012386309927070889,0.43185023384675403,0.009944935058392942,0.027713881534317576,0.027625570776255708,,ok,
SMAP_id_5,SMAP,TimeXer,8044,6866,0,0,71,7973,0.0004264006057340677,0.0008180990885683218,2.8204050839860238e-08,0.00016793796693154902,8.847256813227602e-08,0.00023453391626054342,2.8174443655778483e-08,0.00016785244608219507,5675,5293,125,0.722964653593201,0.028433289188766017,0.7532114721238556,0.02203461841591908,0.0971646579581255,0.017500616218880948,,ok,
SMAP_id_7,SMAP,TimeXer,8310,7112,0,0,281,8029,0.2919718526845822,0.11679258554087574,0.2616488975984244,0.03003645717820124,0.2833139660788659,0.11659121628746964,0.2801772481926221,0.032192665934509236,5665,5283,102,0.9486886726009675,0.533253790847246,0.9670677169789695,0.47271579298251326,0.6144879257258123,1.0,,ok,
SMAP_id_6,SMAP,TimeXer,8512,7299,0,0,583,7929,0.3010794345666507,0.09891045341701901,0.2941469183720443,0.047417672794345174,0.3241105928060077,0.10143012248533709,0.31209092820107087,0.05268211692148683,5514,4845,98,0.7058700858628043,0.44272577161069526,0.7307676605358813,0.5654646960396089,0.6567461302134752,0.9542600896860987,,ok,
SMAP_id_8,SMAP,TimeXer,7884,6718,0,0,81,7803,2.559081591783441,0.2234977980511722,0.9515592339622668,0.08501368483500024,0.6451861464814744,0.18449251087474708,0.8103533479123831,0.08301878900600516,5545,5163,125,0.49317847045216856,0.050697864994706354,0.6920176925952871,0.02100805543278755,0.09984178587002385,0.7330316742081447,,ok,
SMAP_id_9,SMAP,TimeXer,8294,7098,0,0,321,7973,0.27529098651846307,0.10127202502331284,0.31674884726245445,0.03331028616722076,0.28543727869928764,0.10383993558341147,0.32841238695245834,0.035717998544525204,5613,5231,98,0.9911398790231674,0.9604682514941314,0.992999292930973,0.9588737532151327,0.9694974123809089,1.0,,ok,
SMD_id_10,SMD,TimeXer,23687,22322,0,0,977,22710,1.4227010667364834,0.38695310786289594,0.29910563754395575,0.39539742984672865,1.1450714670949067,0.367168501098635,0.2802625006914473,0.3903243165089691,19976,17823,21,0.8303479815591273,0.35413315300603254,0.806002492963862,0.6744940240690426,0.7435848398030971,0.8916619398752127,,ok,
SMD_id_12,SMD,TimeXer,28713,27809,0,0,303,28410,144.11132917929532,0.47670030051139656,0.29628191539975796,0.35570066231293906,0.558659961682739,0.3225791816182006,0.23702117944799417,0.3390254442193775,27055,26063,10,0.8255247013613717,0.1381740358391019,0.6515059755209006,0.19892364035265414,0.3353391495619253,0.4938875305623472,,ok,
SMD_id_11,SMD,TimeXer,22703,21535,0,0,1083,21620,2.0607888614624286,0.3621975490450064,0.5557431211744636,0.3590367643080733,0.6518922664983862,0.346152794453895,0.5559521287708651,0.33964173814815046,19540,17585,12,0.3911300751757675,0.039128981459981664,0.4049463935281865,0.03662402472711124,0.09335264585000366,0.09106579777170486,,ok,
LTDB_id_2,LTDB,TimeXer,100000,99426,0,0,14857,85143,0.9060824164069889,0.7031458349393268,0.821376360576657,0.6620118948710546,0.9623858992311068,0.730460822595207,0.8862020080278991,0.6947718413104208,84507,47290,95,0.4188257287151096,0.1692370056995125,0.47756159561207245,0.1253042633747882,0.25871331191118785,0.3892833761393967,,ok,
SMD_id_1,SMD,TimeXer,23694,21761,0,0,542,23152,0.6954544220215838,0.2664187404826844,0.5034329531561283,0.25470467517607104,0.6880714624188745,0.2579407571307808,0.5124178403261949,0.21344927416169884,18395,15818,30,0.814383429770718,0.09719134083445236,0.7891960819021732,0.10218334595668752,0.2383673182828387,0.3460104399701715,,ok,
MITDB_id_4,MITDB,TimeXer,300000,284426,0,0,13293,286707,0.16133734369711397,0.19254971676108615,0.16133734369711425,0.1925497167610914,0.16300900510135236,0.19334985226013096,0.16300900510135244,0.19334985226013698,236420,230974,125,0.5600843673291168,0.07843705153213162,0.6046390667339777,0.08445311710541636,0.13179365619396127,0.7478584441257413,,ok,
SMD_id_15,SMD,TimeXer,28700,27793,0,0,308,28392,80.27568398015256,0.47760472833770895,0.23038961993300427,0.31514489562680625,0.8236650643582761,0.33738193101169817,0.16537305689630738,0.2946369823910815,27027,26035,10,0.8566630256190697,0.1736106340477518,0.6729198562541036,0.24734422245101031,0.4015705781956074,0.5330490405117271,,ok,
SMD_id_17,SMD,TimeXer,23706,21354,0,0,100,23606,17.384671125793275,0.4636918538346632,0.14439678216757582,0.2073906026369789,12.580113913822746,0.35242158121642825,0.11657640617716508,0.1951059564388393,17393,15289,10,0.8613144963144962,0.032363482205240046,0.859476487182972,0.02807789335822735,0.07881402138384491,0.24516129032258063,,ok,
LTDB_id_4,LTDB,TimeXer,100000,98089,0,0,16159,83841,0.18994442422640473,0.22508795785249514,0.1899444242264039,0.2250879578524953,0.13873433141391586,0.19159374863705136,0.1387343314139161,0.1915937486370518,79285,59454,115,0.7903490962698166,0.5691123851774441,0.882718920524342,0.4216445279168487,0.47664796643155183,0.9116357810090995,,ok,
SMD_id_14,SMD,TimeXer,28743,27848,0,0,424,28319,12.524402318856893,0.41218897278550803,0.11583534678668672,0.24624859980242048,9.485477446246923,0.36099659128770084,0.11108214790113698,0.24230362509115477,26997,25136,125,0.7778703144165495,0.13068011810282168,0.7962294867387605,0.08911546080542371,0.19537816411836573,0.37856525496974935,,ok,
SMD_id_18,SMD,TimeXer,28696,25969,0,0,198,28498,6.052526194062272,0.2342897122148749,0.029077074887502267,0.07978038380055277,0.7992213604625713,0.18092720356376593,0.0072965393791872574,0.06395996363020469,21037,20324,125,0.7770961775804222,0.4557267537405702,0.947855142572911,0.2078656652963567,0.3003369148794843,0.6923076923076923,,ok,
SMD_id_13,SMD,TimeXer,23700,21348,0,0,2833,20867,8.303156890316668,0.4009200626586555,0.25534619544178744,0.2466986966960379,5.55760724090873,0.30869021657061096,0.22911930169939637,0.23505580405578488,14655,11700,125,0.7786223139368657,0.2685107472828946,0.8190135266741635,0.21249770492631223,0.43267366892074777,0.5788021425093329,,ok,
SMD_id_20,SMD,TimeXer,23703,21351,0,0,161,23542,16.56973063176953,0.23898225860378672,0.05223069697881824,0.10103861851106957,0.30836410918566604,0.12963921740252765,0.033972117040075,0.09514290320030086,17330,16948,9,0.9839897611299694,0.5008045757339648,0.9864165687184897,0.4470183950488623,0.6336585723576101,0.930635838150289,,ok,
SMD_id_3,SMD,TimeXer,23689,23115,0,0,269,23420,8127.833394859323,2.152145139177831,0.9253809232076644,0.5514648175867584,27.716878334071186,0.46415763909851254,0.6262308063072572,0.49253268877217404,22379,19875,19,0.6935983130105174,0.033866133347117064,0.6606009000902111,0.026036428746357847,0.10826976911063385,0.024752475247524754,,ok,
SMD_id_2,SMD,TimeXer,28726,27825,0,0,1194,27532,1.7109480345045833,0.27494321267103494,0.05211289279010628,0.16177242936767314,1.0301572176238722,0.24294428257692594,0.049816874669458056,0.15961886863226155,26192,23188,125,0.9198632819772259,0.4076192272047362,0.8810369769941223,0.342828403794182,0.4293266443367421,0.6914942528735633,,ok,
SMD_id_16,SMD,TimeXer,28479,25769,0,0,2694,25785,490.0090492989415,0.4853571666810654,0.11128696455077677,0.1766340151460511,1.5541777920914004,0.21892738658560787,0.10110331486834875,0.16293235632947214,18379,15988,279,0.9617203190278125,0.6235195765022308,0.921291537701945,0.6418262903750476,0.7138247972508172,0.3411330049261084,,ok,
SMD_id_4,SMD,TimeXer,28705,25978,0,0,434,28271,33.463074589475994,0.32333066105071606,0.01209054515697588,0.06298116151748734,5.0024147708460145,0.17487694158691824,0.011191365914986314,0.06263443529970009,20808,19278,125,0.9523075461053624,0.6399688999949585,0.9853485786167041,0.5953250385708694,0.6388091603888403,0.8348993288590604,,ok,
SMD_id_21,SMD,TimeXer,21207,19725,0,0,688,20519,18.609462474567405,0.33592139335762655,0.2699441275063949,0.20415237894758984,0.2010491472866642,0.16617793549314838,0.05674043468739283,0.11813846339721679,17259,14321,125,0.8779673646206523,0.27610817249812075,0.9037203133964236,0.14500703504421564,0.2812688585415505,0.11386138613861387,,ok,
SMD_id_19,SMD,TimeXer,23696,23122,0,0,417,23279,385.54859950566595,0.8380762584300278,1.5733006408874601,0.6113236258390825,35.508180936624065,0.6472415928680928,0.949703642615252,0.6157772904001755,22431,17130,104,0.7535329183279091,0.08062311119464917,0.7045629415869686,0.038006779151785595,0.08475444037518083,0.609297725024728,,ok,
SMD_id_22,SMD,TimeXer,23693,23119,0,0,1047,22646,9824.071697082622,2.6069018832149857,0.7921048697045437,0.4500624844339421,9590.395518530597,2.398840768133105,0.7100538971206984,0.44661265677422457,21862,18426,125,0.6235180213612934,0.08086297209715362,0.5143501971987718,0.05438176867402349,0.16245805850842318,0.08464368001940256,,ok,
SMD_id_5,SMD,TimeXer,28704,25977,0,0,1371,27333,4.65701283006356,0.32880488165907695,0.08201042594173308,0.13874668820643826,4.123321020894942,0.3171533462202438,0.059359759247872956,0.1266165661668445,19870,18053,125,0.7727730468400067,0.11005607504110067,0.7737263704026299,0.09069425825357398,0.2141210249382905,0.36200716845878134,,ok,
SMD_id_6,SMD,TimeXer,28722,25994,0,0,1755,26967,419.07008729377867,0.5149631434018839,0.17235153358038427,0.20557778803555604,13.533519030055189,0.23996252398720214,0.11692930774052868,0.18642916082938066,19500,16721,125,0.9643533084701921,0.6392198821344579,0.9591213406433546,0.6186299580373908,0.710722587270753,0.8735632183908046,,ok,
SMD_id_8,SMD,TimeXer,21203,19947,0,0,782,20421,28.5615080536217,0.34004979789923406,0.12040580154577216,0.13954828916939313,0.5222780195378112,0.17400827932800517,0.05696108541871224,0.1089553888006971,17865,15179,125,0.8294023027546364,0.2930571636969461,0.8883259554366282,0.19436677628133445,0.34081255110898545,0.21248630887185105,,ok,
SMD_id_7,SMD,TimeXer,23694,21343,0,0,1170,22524,0.43615083391579573,0.30862106290276303,0.4252274496967733,0.4201878289328106,0.4020730517447947,0.3042095527854023,0.37776401125773357,0.4139818096640061,16314,12488,125,0.8701406059557365,0.5110579405242307,0.9062313228227455,0.5279426338395816,0.6497177687861979,0.8179162609542356,,ok,
SMD_id_9,SMD,TimeXer,23697,23123,0,0,2398,21299,16.557911494808955,0.47484257938804963,0.1759219162124872,0.2604548515232704,8.194183598603388,0.35967731013829746,0.15158781709402222,0.2501601614318224,20296,17101,64,0.6205855753074665,0.16935395742569165,0.61113321774423,0.139567214340722,0.307688759509112,0.70568093385214,,ok,
MITDB_id_11,MITDB,TimeXer,600000,584426,0,0,1750,598250,0.05190992078571517,0.10190828173394435,0.051909920785715935,0.10190828173393866,0.02483185048664839,0.09928425824252811,0.02483185048664899,0.09928425824252247,547963,546433,59,0.880868838875291,0.23500812654913958,0.9045993775777238,0.32150527285352737,0.5086485677069816,0.9954493742889647,,ok,
MITDB_id_8,MITDB,TimeXer,400000,390277,0,0,26233,373767,0.1416778671306624,0.22282393106402507,0.1416778671306625,0.22282393106395865,0.14240640433922683,0.22329906738583916,0.14240640433922647,0.22329906738577454,343172,329501,13,0.7529902087616428,0.32699861159759663,0.7566042253410978,0.33680013334299436,0.34766236349094637,0.9856938483547926,,ok,
SVDB_id_11,SVDB,TimeXer,80400,73796,0,0,945,79455,0.10846192366320984,0.20735741715351677,0.10846192366321017,0.20735741715351558,0.1022267573609489,0.2029646002370848,0.10222675736094933,0.2029646002370833,59068,57771,97,0.9290022937345321,0.6004138076803993,0.9786311385833151,0.46034819221833356,0.4941366269346154,0.9334085778781038,,ok,
LTDB_id_3,LTDB,TimeXer,100000,99426,0,0,31565,68435,0.6092410578005335,0.4638412005570367,0.6092410578005352,0.4638412005570089,0.6582448197288405,0.48567717294943197,0.6582448197288413,0.485677172949433,67840,38665,73,0.6943480151287125,0.6193208085295568,0.7644678602666939,0.5165969581965274,0.5356833660037907,0.9190566839198905,,ok,
PSM,PSM,TimeXer,217624,202050,0,0,24381,193243,0.13278780415462024,0.19234726466066282,0.05321673862537121,0.14273026793198235,0.13520368600927804,0.1933176432267758,0.05311249222039948,0.1464576447801174,142956,129505,125,0.4655844830090237,0.11560597573836788,0.4988091838210806,0.09717028438140154,0.20183471864253907,0.5088491979652533,,ok,
MITDB_id_2,MITDB,TimeXer,650000,634426,0,0,1047,648953,0.02378675607956297,0.1019514856547084,0.02378675607956322,0.10195148565472784,0.023776337652426555,0.10192961808844474,0.02377633765242686,0.1019296180884641,598666,598041,125,0.7914272436519529,0.04970726711110665,0.8105421990015018,0.09733038607764395,0.2618775752584863,0.8306227687425625,,ok,
SVDB_id_17,SVDB,TimeXer,130400,124485,0,0,3941,126459,0.04994069173377951,0.11803484037333589,0.049940691733779644,0.11803484037333739,0.03410295902660888,0.10603997812084982,0.03410295902660881,0.10603997812085163,108508,102763,114,0.8383473185977082,0.36378651226752523,0.9111304521233253,0.24533502042714472,0.36242773287427865,0.9142719730672118,,ok,
SVDB_id_1,SVDB,TimeXer,230400,225934,0,0,3537,226863,0.1718602634107945,0.24661012466050025,0.1718602634107962,0.24661012466051407,0.16961463607323649,0.24460883504770148,0.16961463607323757,0.24460883504771452,213741,207544,109,0.6136521976385043,0.04318085357396405,0.7074450610038717,0.0313616039398118,0.05892678771969617,0.534577224937065,,ok,
MITDB_id_13,MITDB,TimeXer,450000,434426,0,0,9807,440193,0.06565356288459298,0.1264363379066139,0.06565356288459304,0.12643633790661735,0.06385234439711816,0.12507658869524232,0.0638523443971179,0.12507658869524785,389906,381775,278,0.6343656478641506,0.04839559937880905,0.7310978780966498,0.05813039248116883,0.06894614919862116,0.5051950905609442,,ok,
SVDB_id_19,SVDB,TimeXer,230400,214826,0,0,13376,217024,0.0962639691568123,0.18281468138882914,0.0962639691568118,0.18281468138881568,0.09530398958821086,0.18182061820167955,0.09530398958821015,0.18182061820166676,166737,165232,95,0.8914316218245745,0.249755894754463,0.895012841930856,0.2651309336758624,0.3783738064415413,0.9842219397293053,,ok,
SVDB_id_12,SVDB,TimeXer,230400,227946,0,0,7464,222936,0.37646554830917756,0.3597117885153984,0.37646554830917717,0.3597117885154169,0.371276283197005,0.3548769651116838,0.3712762831970055,0.3548769651117048,216538,203879,110,0.6166337048350857,0.06866627088908947,0.7078971339488042,0.054250874242494425,0.08531824376163345,0.6677893447642376,,ok,
MITDB_id_3,MITDB,TimeXer,500000,484426,0,0,8810,491190,0.01212187297352611,0.07075832868305094,0.012121872973525964,0.07075832868304033,0.011903202987405843,0.07031696742661014,0.011903202987405728,0.07031696742659935,440903,435642,299,0.6879634337503543,0.06170247665099152,0.7610540114528866,0.06437825082792437,0.10391616448628604,0.7971591195285347,,ok,
SVDB_id_13,SVDB,TimeXer,230400,229826,0,0,7733,222667,0.6489177443456038,0.44858970587397323,0.6489177443456009,0.44858970587398755,0.6365015017938394,0.4394455392432279,0.6365015017938427,0.43944553924323915,222050,210117,123,0.6269066216392564,0.08205057416423903,0.7263752591006017,0.05893853639581913,0.10656647304056487,0.6205062205062205,,ok,
SVDB_id_23,SVDB,TimeXer,150000,138176,0,0,676,149324,0.14511255777098048,0.21603880602478812,0.14511255777098142,0.21603880602477227,0.14410433247666612,0.2154312164780227,0.1441043324766669,0.21543121647800684,111537,111155,104,0.947972184784161,0.10169506160637289,0.9542685351299492,0.15574490513060382,0.21985316460203042,1.0,,ok,
SVDB_id_21,SVDB,TimeXer,230400,214826,0,0,3503,226897,0.04803280255749071,0.12525784668597306,0.04803280255749079,0.12525784668597614,0.046109237412284995,0.12333417004041498,0.046109237412285106,0.12333417004041683,176610,173032,124,0.7757547782275702,0.1394185234341031,0.8399076486380425,0.07940740807106181,0.1682133762736222,0.9179339635566516,,ok,
SVDB_id_20,SVDB,TimeXer,230400,226175,0,0,6151,224249,0.3010139817842921,0.24914257711747978,0.30101398178429173,0.2491425771174312,0.29054312622637174,0.2421062664709318,0.2905431262263733,0.2421062664708919,211889,195332,77,0.6676523332109953,0.060122263556890695,0.7497065976437806,0.04202813801487776,0.10155835819573152,0.45849150024756563,,ok,
SVDB_id_18,SVDB,TimeXer,230400,229270,0,0,16102,214298,0.864236616730193,0.5284634148020099,0.8642366167301869,0.5284634148020291,0.8185105401523826,0.5120415909920146,0.8185105401523778,0.512041590992006,212292,189776,125,0.7060213405960394,0.23974759419776623,0.7868244661534644,0.17385556310753128,0.2532926627308814,0.7443788772885459,,ok,
SVDB_id_15,SVDB,TimeXer,230400,229826,0,0,14599,215801,1.0281684793567887,0.6574551730005589,1.0281684793567885,0.6574551730005688,0.9766474413823241,0.6414990743842554,0.9766474413823296,0.6414990743842401,215121,182300,102,0.6079847087395048,0.1496791735698376,0.7001081956815733,0.10343028099715117,0.16653929066432474,0.48522301376133664,,ok,
SVDB_id_2,SVDB,TimeXer,230400,214826,0,0,8578,221822,0.1242304504894428,0.1763025796032583,0.12423045048944345,0.1763025796032564,0.11853075115794665,0.17159302825727654,0.1185307511579472,0.17159302825727463,171535,155542,131,0.698332995404836,0.08367971905120665,0.7752717122174596,0.06085814672389274,0.1295850293894117,0.5915245001467074,,ok,
SVDB_id_25,SVDB,TimeXer,230400,229454,0,0,7048,223352,0.48239019730344235,0.3558567753588545,0.4823901973034391,0.35585677535888693,0.45713118720259127,0.3437256298270017,0.45713118720258894,0.3437256298270267,221977,213735,81,0.840082582014559,0.21752465817417085,0.8760643542087679,0.20749741120133489,0.2646177476103106,0.7522165927802407,,ok,
SVDB_id_31,SVDB,TimeXer,100000,91926,0,0,497,99503,0.051472751156846415,0.14113524358377522,0.05147275115684684,0.1411352435837759,0.05128093962298788,0.14083940662869748,0.0512809396229883,0.14083940662869804,74216,73834,119,0.7423966934578334,0.017928689528421374,0.783248585317233,0.015469457502014776,0.04449516950970789,0.8022598870056498,,ok,
SVDB_id_24,SVDB,TimeXer,230400,219984,0,0,6319,224081,0.07744118121084813,0.16512347454970444,0.07744118121084861,0.16512347454971862,0.07379479080535452,0.15990902090382964,0.07379479080535492,0.15990902090383824,191130,177137,105,0.7898379170037068,0.2781921113352415,0.8810274039420742,0.1867804896756094,0.2568409345209184,0.7944217026295706,,ok,
SVDB_id_16,SVDB,TimeXer,230400,229491,0,0,16389,214011,1.4957500623966735,0.6638722699202206,1.4957500623966768,0.6638722699201902,1.4128956545074758,0.6374416105323685,1.412895654507484,0.637441610532355,212693,174236,81,0.734030677826258,0.23324114557912454,0.7847196647307503,0.16404282532187375,0.2609653174739824,0.46875231487197216,,ok,
SVDB_id_22,SVDB,TimeXer,150000,149426,0,0,12827,137173,0.5993177591164254,0.4719011017859832,0.5993177591164268,0.471901101786017,0.5820647652420902,0.4641679773455566,0.5820647652420963,0.46416797734561105,136590,119687,145,0.6820753925635583,0.2226529169656369,0.7820776714090706,0.14657385713221494,0.25311363631440537,0.75602388961351,,ok,
SVDB_id_29,SVDB,TimeXer,230400,227358,0,0,2559,227841,0.3660039183579629,0.33093576724929086,0.36600391835796214,0.3309357672492975,0.3649523595373718,0.33037338753282786,0.3649523595373718,0.33037338753282885,219453,214698,114,0.5402274030528331,0.020145365762160063,0.638993794037954,0.014634268385574245,0.03567714556341225,0.6455768137904906,,ok,
MITDB_id_1,MITDB,TimeXer,150000,138176,0,0,18610,131390,0.04943936827484479,0.11460304030058002,0.04943936827484479,0.11460304030057865,0.04916592058987229,0.11434510515411031,0.04916592058987228,0.11434510515410866,93603,93221,140,0.8263945052607635,0.5162572736140811,0.8277835551376851,0.518581931717125,0.46505215348506684,0.9998656816655473,,ok,
SWaT_id_1,SWaT,TimeXer,14996,13297,0,0,1986,13010,558.3960530495315,0.5149755485171241,0.0017272748788481982,0.013474522702984161,99.3020694853301,0.20502315189239545,0.001182244510950602,0.012218812354598985,8974,7176,125,0.7069140400946518,0.32852696615425614,0.7695050838291093,0.2472301425691858,0.3871470536558863,0.32518597236981933,,ok,
SVDB_id_30,SVDB,TimeXer,230400,228460,0,0,10058,220342,0.4615895959478948,0.3573741432798336,0.46158959594789506,0.3573741432798287,0.4358468320884348,0.34463143255736634,0.4358468320884331,0.34463143255736606,215669,199903,8,0.7979737062844905,0.2820462669941029,0.7922806901058586,0.28742965706416007,0.3534752177006223,0.804341029878076,,ok,
SVDB_id_7,SVDB,TimeXer,50000,45778,0,0,2562,47438,0.08723436014919389,0.15221976147312943,0.0872343601491932,0.15221976147313215,0.04132847261611073,0.1191172599225759,0.041328472616110584,0.11911725992257835,35130,30397,112,0.7540915643242821,0.27612016635921527,0.8188937467278523,0.1726083261946667,0.31214101117023113,0.9069158878504673,,ok,
SVDB_id_27,SVDB,TimeXer,230400,220578,0,0,7847,222553,0.04886135225318613,0.1292637002673895,0.048861352253186316,0.1292637002673927,0.04482090838904479,0.12503281662608673,0.0448209083890448,0.1250328166260897,191595,181198,138,0.7644874070919694,0.10854221140775369,0.8312446347600436,0.07922645094077138,0.18303270555189868,0.7789321962644886,,ok,
SVDB_id_6,SVDB,TimeXer,230400,214826,0,0,3108,227292,0.11864534930882394,0.19204601907480626,0.1186453493088247,0.19204601907479252,0.1159842415893736,0.1906744511486099,0.11598424158937437,0.19067445114859627,177005,174614,96,0.8173471289892018,0.0414327748366261,0.8395614859697168,0.03664093013149088,0.07965340263953968,0.7745512914052239,,ok,
MITDB_id_12,MITDB,TimeXer,620000,604426,0,0,26771,593229,0.045723394275552894,0.1451113899583733,0.045723394275552345,0.14511138995839237,0.04450878609612308,0.14344357612204817,0.04450878609612324,0.1434435761220656,542942,525914,303,0.5676123045026964,0.06599347727387013,0.6602062237234156,0.04641316960998029,0.09901155446844737,0.5575826899246974,,ok,
SVDB_id_10,SVDB,TimeXer,230400,229826,0,0,18107,212293,0.5342636134911518,0.44524159832906024,0.5342636134911511,0.44524159832906895,0.5094055885490075,0.43223853219539216,0.509405588549012,0.43223853219539765,211776,174972,87,0.5976669288644967,0.1765104103702445,0.7047897676608456,0.11965513750342874,0.17484646115372027,0.7545841209829868,,ok,
SVDB_id_9,SVDB,TimeXer,230400,229023,0,0,12102,218298,0.5973220864631734,0.42848647674478346,0.5973220864631751,0.4284864767448031,0.585932913180778,0.4226192058946428,0.5859329131807822,0.42261920589466173,215502,208600,128,0.93071388199495,0.6101373425577746,0.9548228745959497,0.5464830349369382,0.6606636955331743,0.8762821230092126,,ok,
SVDB_id_3,SVDB,TimeXer,230400,229826,0,0,16121,214279,0.5712358467631059,0.44228501145830107,0.571235846763102,0.44228501145818944,0.5212651288366658,0.4183174457500681,0.5212651288366701,0.41831744574999247,213586,182228,104,0.6348477748032979,0.1644812209799301,0.7396603788518106,0.10271336036720169,0.18261443367930186,0.636353729635482,,ok,
TAO_id_1,TAO,TimeXer,10000,9426,0,0,492,9508,0.10763152178502086,0.2567575727269568,0.12217302460842529,0.26918881798844213,nan,nan,nan,nan,8760,0,125,0.4968606881325439,0.8229526707089538,0.9358542878673575,0.05326837598394881,0.0953229843646859,0.09544905356423682,,ok,
SVDB_id_26,SVDB,TimeXer,230400,229514,0,0,20820,209580,0.7748243917887069,0.5709740143100827,0.7748243917886992,0.570974014310089,0.7298479803041682,0.5523674087060549,0.7298479803041622,0.5523674087060635,208400,166445,106,0.5928252819852229,0.21649361687187005,0.7019291789123193,0.15168988908797493,0.23283317868561704,0.5891167007210127,,ok,
TAO_id_12,TAO,TimeXer,10000,9426,0,0,485,9515,0.0754629732459433,0.2019479700448973,0.07545443067111685,0.21616564142828282,nan,nan,nan,nan,8766,0,125,0.49245640361664433,0.8299759773708387,0.9353225566196153,0.049855670190198514,0.0926536201607186,0.09275974649510274,,ok,
SVDB_id_8,SVDB,TimeXer,230400,229826,0,0,17822,212578,0.6323247287831049,0.44406384268214655,0.6323247287831035,0.4440638426821658,0.6289814405291103,0.4416274614574386,0.6289814405291101,0.4416274614574649,211935,190359,101,0.8212917040436583,0.39444303765897937,0.8721163390249699,0.3608856111375905,0.3945790093607134,0.6537368050668543,,ok,
TAO_id_3,TAO,TimeXer,10000,9426,0,0,488,9512,0.15162515083867148,0.2972819544664218,0.1858199518794848,0.3248822004438362,nan,nan,nan,nan,8762,0,18,0.4998198996263564,0.32369509707607463,0.6916543713303193,0.04949497018101673,0.09461315112167093,0.09426316911921519,,ok,
SVDB_id_14,SVDB,TimeXer,230400,229516,0,0,27789,202611,0.9090709564419982,0.590410455638587,0.9090709564420114,0.5904104556385634,0.8706069975668738,0.5521295199517128,0.8706069975668727,0.5521295199516877,201428,142213,99,0.5953765310912353,0.2288455289633922,0.7113588752160418,0.15375825570470963,0.270199213469142,0.8110961733941043,,ok,
SVDB_id_4,SVDB,TimeXer,230400,228199,0,0,12809,217591,0.16508838297614709,0.22585269744643863,0.1650883829761479,0.2258526974464511,0.12129721664828207,0.20024401128470062,0.12129721664828236,0.20024401128472982,212022,188352,118,0.7143464978017715,0.31272801525399746,0.8261330142895648,0.1804705395834576,0.2523387345779975,0.9053456040728411,,ok,
SVDB_id_28,SVDB,TimeXer,230400,229288,0,0,21980,208420,0.821657598090958,0.5031307477277881,0.821657598090952,0.5031307477278483,0.7178923532895538,0.4561797952128667,0.7178923532895529,0.4561797952128842,206495,165824,125,0.6493395993854364,0.20920072420367303,0.7590211234889002,0.13684982425249065,0.24404695817273864,0.7229629629629629,,ok,
TAO_id_9,TAO,TimeXer,10000,9426,0,0,483,9517,0.04291100558218883,0.149387214615632,0.04401535507552053,0.15324786255746917,nan,nan,nan,nan,8776,0,125,0.5014112264181934,0.8150312804139236,0.9282138173568963,0.05405519683179315,0.0929879984076811,0.09367616400277971,,ok,
TAO_id_8,TAO,TimeXer,10000,9426,0,0,487,9513,0.16009103199079758,0.30398100889618795,0.16966072229698664,0.30698439199660715,nan,nan,nan,nan,8759,0,136,0.485895341315062,0.8305108972176403,0.9375180909197606,0.04710764326498181,0.0936890068213925,0.09315361003603363,,ok,
TAO_id_11,TAO,TimeXer,10000,9426,0,0,959,9041,0.06216097876225516,0.18874288596080793,0.060017098015792525,0.17162159272044572,nan,nan,nan,nan,8322,0,287,0.5163897083832786,0.9600783966704651,0.9836343069039396,0.10197802512779522,0.17790634331418995,0.18175422138836772,,ok,
TAO_id_10,TAO,TimeXer,10000,9426,0,0,943,9057,0.08645775763782769,0.22829086806699136,0.08039436007459191,0.21477633756799802,nan,nan,nan,nan,8355,0,297,0.5069310064185222,0.9602233528719109,0.9837985778413774,0.09583682846207796,0.17305492879702833,0.17521613832853025,,ok,
TAO_id_7,TAO,TimeXer,10000,9426,0,0,948,9052,0.14595734907572505,0.3072918034057057,0.16614272908557848,0.33024238653028476,nan,nan,nan,nan,8334,0,40,0.49825125482211546,0.7222786599666385,0.8822346645070329,0.0952484150981634,0.17395344225457307,0.17529263809615941,,ok,
TAO_id_4,TAO,TimeXer,10000,9426,0,0,945,9055,0.048036283151428355,0.16644305102014179,0.05047116499618874,0.16319028146584644,nan,nan,nan,nan,8351,0,142,0.48963412888316254,0.9078346093179217,0.9647369784590415,0.09545498557089348,0.17268001206019132,0.17276051188299818,,ok,
TAO_id_13,TAO,TimeXer,10000,9426,0,0,1409,8591,0.12384496251047643,0.28102452530911026,0.10078621925652441,0.2471583364937632,nan,nan,nan,nan,7901,0,42,0.5138740106234602,0.8294102831190113,0.9179405074788856,0.1447650757871793,0.2492752420704337,0.2545896925458969,,ok,
SVDB_id_5,SVDB,TimeXer,230400,229826,0,0,22858,207542,1.0074396811204487,0.6138332005524274,1.007439681120441,0.6138332005524618,1.035582613015434,0.6134012339662552,1.035582613015438,0.613401233966282,206876,153251,100,0.555917998435275,0.14974572013632562,0.6393473420126142,0.11554512178760502,0.19368729569046908,0.8000379254764388,,ok,
TAO_id_2,TAO,TimeXer,10000,9426,0,0,1395,8605,0.11015844069093124,0.2684683632761726,0.08999027679202531,0.23686885338469335,nan,nan,nan,nan,7943,0,21,0.4933774437217672,0.6614564941963254,0.8420926913858232,0.1361605317445912,0.2448850624411004,0.24536532170119957,,ok,
TAO_id_5,TAO,TimeXer,10000,9426,0,0,954,9046,0.06972549357749436,0.20049169121756366,0.07177401777156509,0.19776209787739318,nan,nan,nan,nan,8336,0,294,0.5143865780814667,0.961017360797757,0.9852200491854886,0.10042219566151707,0.17567530971637824,0.17773464577845557,,ok,
TAO_id_6,TAO,TimeXer,10000,9426,0,0,1409,8591,0.09996428307701531,0.2487043855624948,0.08502578101552291,0.22274068977888348,nan,nan,nan,nan,7901,0,42,0.5061399194809891,0.8296408084355424,0.9178884565392958,0.14293863386955413,0.2483637280640481,0.2512889486662183,,ok,
SWaT_id_2,SWaT,TimeXer,399919,392235,0,0,50118,349801,2.15226843083507,0.08087543234160707,0.00550646358811161,0.01968679881450414,0.42092522807599403,0.0680342515858097,0.005244763295043885,0.01934847362272447,326001,318724,125,0.37788848634460187,0.10404427123327582,0.3883045167293321,0.09850113410655979,0.22272637422014518,0.8593080514165121,,ok,
