pred_len,backbone,dataset_key,family,vus_pr,vus_roc,auc_pr,auc_roc,standard_f1,pa_f1,normal_mse,normal_mae,n_eval_rows,status,error
24,iTransformer,CATSv2_id_1,CATSv2,0.2995432075007615,0.781117260240171,0.2835338425522542,0.7609985765306122,0.4553856206025331,0.2608695652173913,0.09589090115166521,0.07205197998400674,94599,ok,
24,iTransformer,CATSv2_id_2,CATSv2,0.20904788058869714,0.7659336094918496,0.25223650333631314,0.7469534955446182,0.27165664536415707,0.731690481121005,0.08570305824283309,0.09963479904649769,192892,ok,
24,iTransformer,CATSv2_id_3,CATSv2,0.3563734814459377,0.743910566097016,0.361663876639905,0.728458057219662,0.3977858828176389,0.2804194099000244,0.08165308034616704,0.0652686735183462,391077,ok,
24,iTransformer,CATSv2_id_4,CATSv2,0.40850767989606124,0.8075962138116848,0.44491486567668576,0.7892329948283124,0.5236582076363183,0.5100801554529998,0.08901503529133123,0.06500188333549009,182051,ok,
24,iTransformer,CATSv2_id_5,CATSv2,0.42581875252996176,0.74786138277055,0.41835996225689887,0.7147837298136701,0.46639628003315625,0.48642433890510306,0.0906201654626312,0.06661178774676771,340358,ok,
24,iTransformer,CATSv2_id_6,CATSv2,0.3851138295088593,0.7785537584837837,0.35961393739318726,0.7347458290816327,0.45604425802707227,0.6106870229007634,0.08490814474495222,0.06660391394721743,184570,ok,
24,iTransformer,CreditCard,CreditCard,0.0425197273382749,0.7790978093611566,0.00418301556767905,0.6250188764923367,0.022896838043860886,0.03407755581668625,1.3874831933798617,0.7666271648655271,284377,ok,
24,iTransformer,Daphnet,Daphnet,0.22257102803997939,0.8898312104971384,0.20906405282553378,0.884174232615014,0.3373508791660342,0.6854009595613434,0.28553309120888803,0.1222305236733927,35436,ok,
24,iTransformer,Exathlon_id_1,Exathlon,0.8641294306805095,0.9913820978570351,0.859044138988678,0.9909726566605606,0.9545685286971767,0.9998161088635528,1.350817692502093,0.3311204107119614,39406,ok,
24,iTransformer,Exathlon_id_10,Exathlon,0.8317106452816031,0.9895561239362042,0.8297180575548704,0.9891655033465137,0.7925366192045195,1.0,0.7991555601004516,0.29815362234116205,42730,ok,
24,iTransformer,Exathlon_id_11,Exathlon,0.8337536847065051,0.9908112218209626,0.8297279827381152,0.9904171892860588,0.8052338525025062,1.0,0.5188551494493846,0.27903542510980534,42730,ok,
24,iTransformer,Exathlon_id_12,Exathlon,0.8546507120064543,0.992109555091271,0.8518100784716269,0.9917714310812155,0.8346824524241393,1.0,0.5839361769647726,0.27986597600811547,42730,ok,
24,iTransformer,Exathlon_id_13,Exathlon,0.8933116627275199,0.9927597133809586,0.8763663957109461,0.9918345559291488,0.938611281354102,0.9979809104258444,0.688081736746978,0.30445090897218285,39406,ok,
24,iTransformer,Exathlon_id_14,Exathlon,0.8866259640104937,0.9873503671798275,0.832774183303304,0.9722421376571444,0.9147499103186493,0.9872708757637475,532.3676033772207,0.9135346600609908,44372,ok,
24,iTransformer,Exathlon_id_15,Exathlon,0.41856858932377683,0.6683147378060871,0.5313095857338785,0.7707435950166674,0.6360323806326935,0.7888748419721872,19068508031291.227,494639.9947961859,125005,ok,
24,iTransformer,Exathlon_id_16,Exathlon,0.6843341982437607,0.9811669176814258,0.6809375087268787,0.9809998640571223,0.7678981093857681,0.997968855788761,0.3034790645742889,0.21240168987667188,42726,ok,
24,iTransformer,Exathlon_id_17,Exathlon,0.40484866591007673,0.6667140113270408,0.5076882595452145,0.768422460829066,0.6241671641472855,0.7821566820276498,21417875408676.508,505321.6287846411,125005,ok,
24,iTransformer,Exathlon_id_18,Exathlon,0.8496312121534688,0.9915711109095839,0.845395292463188,0.9911860614377987,0.8173804456826689,1.0,0.7286126136460314,0.2878207099965034,42730,ok,
24,iTransformer,Exathlon_id_19,Exathlon,0.8492149795684604,0.9917832611733861,0.8460505118179362,0.9914013568861305,0.8225923110706692,1.0,0.5324733912037346,0.2854028931468253,42730,ok,
24,iTransformer,Exathlon_id_2,Exathlon,0.5707158630840987,0.8654099850116463,0.5740846442752792,0.8642527169454776,0.5873512371715843,1.0,0.09310860376807119,0.15912015077749542,43020,ok,
24,iTransformer,Exathlon_id_20,Exathlon,0.6262349167034125,0.9039275476596351,0.6276050744414788,0.9027608874970474,0.6418288300288232,1.0,0.063801671137936,0.123905814116892,43550,ok,
24,iTransformer,Exathlon_id_21,Exathlon,0.8400233467534769,0.9889028049894814,0.7951544035707425,0.9840821122941732,0.911600434331664,0.979229683403912,1353.21039648384,1.2608295041131792,44123,ok,
24,iTransformer,Exathlon_id_22,Exathlon,0.8970269559486264,0.9932064567770819,0.882361752210072,0.9924436164228736,0.9394259782799878,0.997431663914878,0.6064705884596094,0.2980603541926909,39406,ok,
24,iTransformer,Exathlon_id_23,Exathlon,0.837607355710434,0.9912307423408072,0.834501869469259,0.9908398534241597,0.8253568937782746,1.0,0.5017458014827207,0.2750826931704302,42730,ok,
24,iTransformer,Exathlon_id_24,Exathlon,0.8926726755439287,0.9927260876337963,0.8827846928995429,0.9920122146623291,0.9289814032416449,0.99972418865496,0.6566555833197562,0.3092747758422411,39406,ok,
24,iTransformer,Exathlon_id_25,Exathlon,0.4139787537344803,0.6676012726253362,0.5196117871218017,0.7702345194955913,0.6338274376690995,0.7718557863717393,21481802533696.707,511714.4122117289,125005,ok,
24,iTransformer,Exathlon_id_26,Exathlon,0.4168362369505811,0.6674842756788854,0.5231610095025153,0.7700648840237805,0.6347917888995778,0.7847604956537821,19598688380074.086,499086.6584779344,125005,ok,
24,iTransformer,Exathlon_id_27,Exathlon,0.8891271005483221,0.9924249683581681,0.8745254225600494,0.9915985313629447,0.9372298886416454,0.9963349825911673,0.6307727302000231,0.3017115296698635,39406,ok,
24,iTransformer,Exathlon_id_3,Exathlon,0.8948428451251434,0.992930369941461,0.8815668256668174,0.9921482142384156,0.9358049535702124,0.99972418865496,0.7127728484019122,0.3035132364889521,39406,ok,
24,iTransformer,Exathlon_id_4,Exathlon,0.8432367688871111,0.9913233284966194,0.8391125777519595,0.9909463921830883,0.824614140234396,1.0,0.5000088168148431,0.2762678714169211,42730,ok,
24,iTransformer,Exathlon_id_5,Exathlon,0.40543588369444356,0.6665826846148943,0.5087792889509614,0.7684418519756144,0.6321513195530003,0.7811199882184013,22029746804722.812,497367.0201514405,125005,ok,
24,iTransformer,Exathlon_id_6,Exathlon,0.8442689480914134,0.9903938426418722,0.8130811328780918,0.9879419788763052,0.7765506572839819,1.0,0.6035700565285084,0.3215119605836637,42730,ok,
24,iTransformer,Exathlon_id_7,Exathlon,0.8924309339395158,0.9923886255131913,0.8765898784667029,0.9914912088107548,0.9385405656417883,0.9986224630360915,0.7490214563436237,0.3055566497058263,39406,ok,
24,iTransformer,Exathlon_id_8,Exathlon,0.7183409136786284,0.9824989848301865,0.7237734158591298,0.9824473576805505,0.7810971395617636,1.0,0.3190255052049971,0.21872728063323693,42726,ok,
24,iTransformer,Exathlon_id_9,Exathlon,0.8803935358912052,0.9916102552033922,0.8649208872414257,0.9906986681528862,0.9348245397916785,0.9973401816013941,0.85697032153806,0.3104860614357561,39406,ok,
24,iTransformer,GECCO,GECCO,0.40708508588585,0.9672275575000673,0.5074737334608566,0.940621652355359,0.4947004594266428,0.5682289506428868,0.1768039644288527,0.17193021670631642,133241,ok,
24,iTransformer,GHL_id_1,GHL,0.010096220906444063,0.5359517665866407,0.008897300505403515,0.508514020225089,0.03161078918665658,0.28064573354621253,0.012636901576642727,0.01950866147655308,184571,ok,
24,iTransformer,GHL_id_10,GHL,0.00692140770115078,0.332989523806346,0.0062859575559606,0.31258587320090664,0.02246697324580827,0.17691256830601093,0.01402985192600303,0.02180003083625706,184571,ok,
24,iTransformer,GHL_id_11,GHL,0.006769995918590643,0.4633732137964256,0.006122876439040442,0.4333584931956413,0.018741872646442906,0.11612783351913787,0.011837847419077101,0.019640867655435774,184571,ok,
24,iTransformer,GHL_id_12,GHL,0.004194322785839527,0.400139334574108,0.003950513681236372,0.3807949178477205,0.013260941904809307,0.010455058666706457,0.013442398033470653,0.0211012754584506,187589,ok,
24,iTransformer,GHL_id_13,GHL,0.009653642473568834,0.5359718723003586,0.008650350259004638,0.5064243883903712,0.026874987704060584,0.1261916461916462,0.012696243706955048,0.020777242537681363,184571,ok,
24,iTransformer,GHL_id_14,GHL,0.008831172671652199,0.43106549904826286,0.006887932500701429,0.39149791008984003,0.02051285684585249,0.9415204678362573,0.01216213863808487,0.01867233115736757,184571,ok,
24,iTransformer,GHL_id_15,GHL,0.0046083686794557025,0.21668857891748547,0.0036953329676394646,0.18145914006733155,0.012546393132812098,0.4723598932520015,0.012219343461568529,0.018902031445138173,184571,ok,
24,iTransformer,GHL_id_16,GHL,0.010640921271148112,0.3647130428382708,0.009435014513927607,0.3357528768393408,0.032133962678799116,0.5405405405405406,0.012167040230349431,0.01833126827200961,184571,ok,
24,iTransformer,GHL_id_17,GHL,0.018550056321728597,0.527183254666571,0.016301814225076924,0.49190254931636385,0.052526021143674974,0.4594092827004219,0.013211106955281222,0.020619577485426442,184571,ok,
24,iTransformer,GHL_id_18,GHL,0.022570997900091296,0.4158577197338554,0.02076997829908754,0.3940809662117609,0.0664814691935961,0.5542185933247386,0.011602042299798948,0.021620319114655367,184571,ok,
24,iTransformer,GHL_id_19,GHL,0.0048607253776725935,0.17818829020596896,0.00356883158492326,0.14314285279386166,0.013261719161975888,0.012820148868159133,0.013419972617002323,0.02360871918448081,161445,ok,
24,iTransformer,GHL_id_2,GHL,0.009414227556422624,0.5313532643165895,0.008335585754739375,0.49683694468542366,0.02539811524384555,0.04459551325628824,0.01179609641881213,0.018197057668669237,184571,ok,
24,iTransformer,GHL_id_20,GHL,0.005128600833599383,0.4595677785079541,0.004729298513581717,0.4311809295535134,0.014727896392118835,0.08276293387999027,0.010316560452813818,0.015504066694451913,184571,ok,
24,iTransformer,GHL_id_21,GHL,0.004592478318679398,0.4506833248686397,0.004053563885801648,0.43282428532243383,0.01441244935662815,0.009663085718835056,0.013565218679688228,0.019975066701645307,184571,ok,
24,iTransformer,GHL_id_22,GHL,0.02753704589191545,0.4511794009255268,0.02549277763514854,0.4263462726854276,0.07696360628977682,0.5408422543424835,0.012246017190652754,0.017109145078640718,184571,ok,
24,iTransformer,GHL_id_23,GHL,0.016865618498095456,0.47629669567077537,0.015425685845711906,0.4542915436821088,0.04777245528327101,0.37204829575809384,0.011416830258642704,0.018897013615711916,184571,ok,
24,iTransformer,GHL_id_24,GHL,0.0038482104342472023,0.36223847875048687,0.003470149315305461,0.32572561149222806,0.01193339586311809,0.07713182738982532,0.012579643574283607,0.017721977495911662,184571,ok,
24,iTransformer,GHL_id_25,GHL,0.027625810992860596,0.6741524973249835,0.022155528815249518,0.6513277013405618,0.08248802504714071,0.31892953596857354,0.01103221404013717,0.0166905118016671,184571,ok,
24,iTransformer,GHL_id_3,GHL,0.009883160255039762,0.5334278541252048,0.009003256303974246,0.5050939670902002,0.028594012629736067,0.3482868244436595,0.012723913459516489,0.021672919393272795,184571,ok,
24,iTransformer,GHL_id_4,GHL,0.011397133863202695,0.4186441048247061,0.01026208154443627,0.38649255672492167,0.03542077949615099,0.3488636363636364,0.013012585200237,0.019153368364646754,184571,ok,
24,iTransformer,GHL_id_5,GHL,0.009860474694628123,0.4388254198936726,0.008973464871882103,0.40754530547023804,0.028846662621802,0.15373961218836565,0.012573412040562103,0.019110257168625983,184571,ok,
24,iTransformer,GHL_id_6,GHL,0.00860539193446689,0.45209535001491263,0.007596992629938865,0.4233256548179945,0.025130081455599706,0.4110169491525424,0.013268732949340806,0.020556362096679517,184571,ok,
24,iTransformer,GHL_id_7,GHL,0.009189971606315756,0.5672654428644864,0.008372719958265001,0.5425535435581856,0.026765347547312388,0.01680755596321178,0.014502805429744005,0.02720742877008539,184571,ok,
24,iTransformer,GHL_id_8,GHL,0.006646323885361371,0.5670201126081146,0.006038245861599955,0.5386842930554581,0.020023303407819975,0.011612184840531297,0.014701179213487334,0.02149444942496603,184571,ok,
24,iTransformer,GHL_id_9,GHL,0.009108026448514925,0.37513084431062377,0.008361714185913622,0.3463793309736052,0.027880667092470623,0.1738592082741542,0.012421352670784123,0.019290373307888166,184571,ok,
24,iTransformer,Genesis,Genesis,0.1776566846290346,0.9882211913292358,0.0686093847343451,0.9592430426716141,0.1968062047576642,0.32653061224489793,0.25710988453772726,0.17348344587575856,14573,ok,
24,iTransformer,LTDB_id_1,LTDB,0.3664349046893891,0.8401342532887585,0.265218113360057,0.7741953977513727,0.44690756605286835,0.7659938330785375,0.9895761087848516,0.42617635647495733,98484,ok,
24,iTransformer,LTDB_id_2,LTDB,0.19385669946247597,0.5770024409714422,0.14746455868784214,0.4761298036967532,0.2588481510579645,0.6653619031550532,0.3712453703019575,0.41762166802053463,99570,ok,
24,iTransformer,LTDB_id_3,LTDB,0.5829867807497953,0.7320897950879383,0.5564248348073926,0.6955145406458954,0.5266048369416129,0.9608718613471602,0.46876373567110746,0.4568950044827958,99570,ok,
24,iTransformer,LTDB_id_4,LTDB,0.39253799780851184,0.8420985058642978,0.2985609814996253,0.7516047453960906,0.46196947923590015,0.8539050209316588,0.09434084749838217,0.1601909372775618,98233,ok,
24,iTransformer,LTDB_id_5,LTDB,0.008905229245434739,0.6494281510396542,0.008516001749679777,0.6513483786189566,0.025110998326338646,0.14358974358974358,0.17081318661896994,0.26736065664876335,94919,ok,
24,iTransformer,MITDB_id_1,MITDB,0.32454945684677594,0.7245742329912921,0.3301532617350239,0.7231723457517988,0.4003669657250097,1.0,0.030896925563848855,0.10033952356064925,138320,ok,
24,iTransformer,MITDB_id_10,MITDB,0.028361169697601624,0.8290167454649845,0.06778558896774814,0.76541531913691,0.11123824661860393,0.6666666666666666,0.025339109239176674,0.10140950562976264,138320,ok,
24,iTransformer,MITDB_id_11,MITDB,0.21074923453329647,0.8607346545687349,0.3354948061689559,0.8327394376455137,0.5128508734080678,0.9795689896445564,0.049647750913992705,0.08958658723891472,584570,ok,
24,iTransformer,MITDB_id_12,MITDB,0.07616604525421053,0.7135102494506158,0.056285049451146464,0.6346022943576157,0.13395937505100425,0.7198665027226419,0.03473016886051192,0.11969044944641236,604570,ok,
24,iTransformer,MITDB_id_13,MITDB,0.043561361689850475,0.6956523435408798,0.04011937121359603,0.5928860411285001,0.05745339240599549,0.8374857595720442,0.02534851141836687,0.09695884982123905,434570,ok,
24,iTransformer,MITDB_id_2,MITDB,0.0070749506188032135,0.7253747856648644,0.009884280040321733,0.7021490163412746,0.0407402924392434,0.9735006973500697,0.016835787545883746,0.08738707226772455,634570,ok,
24,iTransformer,MITDB_id_3,MITDB,0.05795500113874199,0.7189534714550189,0.07268805445895646,0.6551788301010224,0.10714109502109176,0.9906668165973237,0.013379203109846508,0.0793979982467821,484570,ok,
24,iTransformer,MITDB_id_4,MITDB,0.07575715106245891,0.5689241423828872,0.0886778924326003,0.5399955878576348,0.12457187219196669,0.7923506811037373,0.20049612717111542,0.23981780480136328,284570,ok,
24,iTransformer,MITDB_id_5,MITDB,0.04187485963940482,0.846965469985551,0.0658762158977003,0.7761267312357301,0.11710398606101191,1.0,0.016304736198659926,0.09278758388583683,92070,ok,
24,iTransformer,MITDB_id_6,MITDB,0.09263306647487113,0.892685121546903,0.18838638333944713,0.8474824921510546,0.326013865652135,1.0,0.04410694579210266,0.1386804222365768,184570,ok,
24,iTransformer,MITDB_id_7,MITDB,0.49877329406183213,0.9446611105078422,0.47210815249484683,0.9015032474485908,0.49066384649850797,0.9971671388101983,0.040829949039870715,0.11846041190742201,138320,ok,
24,iTransformer,MITDB_id_8,MITDB,0.1454585959155978,0.6826368639475083,0.14979376811933715,0.6796236885977143,0.23602781835537537,0.9224699302842259,0.08852818111712317,0.15395291007522768,390421,ok,
24,iTransformer,MITDB_id_9,MITDB,0.03573255120422958,0.847888737776296,0.057224749545382224,0.818954085045058,0.08991592421097061,1.0,0.019460797848667406,0.08610123475352545,92070,ok,
24,iTransformer,MSL_id_1,MSL,0.4357732049361723,0.9370145444487086,0.011742749173331821,0.5238786543852623,0.04444351448859461,0.2558139534883721,0.19341401196477556,0.08428629948408438,1397,ok,
24,iTransformer,MSL_id_10,MSL,0.405421220330892,0.977409176157667,0.27514521933675984,0.9595991503173521,0.48514413260011763,1.0,250.04195504440673,0.5121647564790608,5212,ok,
24,iTransformer,MSL_id_11,MSL,0.06097368017620542,0.6021940525125377,0.0473974673728883,0.5416395654163957,0.1238551186452868,0.08953900709219859,0.14462694914095903,0.05437748291836692,1726,ok,
24,iTransformer,MSL_id_12,MSL,0.3148569754519327,0.902955806417134,0.14725091472204865,0.6601628298708591,0.24242089995425825,1.0,0.16349907121987756,0.04912849429611012,1788,ok,
24,iTransformer,MSL_id_13,MSL,0.5877198738387882,0.973246384793858,0.44746504498699124,0.9501250304525459,0.5818917933838869,1.0,112.30318359952729,0.3897550289069647,5212,ok,
24,iTransformer,MSL_id_14,MSL,0.535168461443891,0.9353202182061977,0.5326932092594217,0.9332677289487921,0.695145580170291,1.0,0.2209389874064443,0.07191327070479483,1873,ok,
24,iTransformer,MSL_id_15,MSL,0.3950526667772382,0.8747484382172453,0.46293811735578283,0.8838469076655052,0.4837976282296434,0.8393782383419689,1999.8672818613234,4.792885010742861,666,ok,
24,iTransformer,MSL_id_16,MSL,0.9702032939852324,0.993961481206844,0.9148129587917891,0.9822127840808262,0.9125633066355284,1.0,0.2018351268554318,0.0770484265866986,1619,ok,
24,iTransformer,MSL_id_2,MSL,0.1356240223579548,0.7986683455333907,0.12508225613881307,0.7860903771372793,0.2827605624459945,0.7319422150882825,0.12814376945673234,0.038399747063779466,2840,ok,
24,iTransformer,MSL_id_3,MSL,0.11762273746360828,0.6141466645329384,0.08932388830605514,0.5314078220688717,0.17030104580324035,0.711764705882353,0.14983240860923108,0.0248601158196181,2000,ok,
24,iTransformer,MSL_id_4,MSL,0.3237855208709441,0.9621841734969714,0.2600042513012655,0.885625901034377,0.3602435169071042,0.993006993006993,0.0958199227399491,0.035983003291391744,2735,ok,
24,iTransformer,MSL_id_5,MSL,0.07230025831009598,0.41131259551660504,0.06875462457905251,0.4206817760666247,0.1577835730631268,0.6201232032854209,0.2315889674409202,0.04792907143665604,4279,ok,
24,iTransformer,MSL_id_6,MSL,0.10256101181930244,0.7938888548116023,0.06545069288592563,0.6876142608017619,0.18433838650930026,0.07416502946954813,0.106152952897188,0.028230675602568644,3198,ok,
24,iTransformer,MSL_id_7,MSL,0.5062736415221795,0.9384286455790501,0.33922246558384606,0.9216613617362681,0.6193502416574301,0.8023952095808383,0.41312611568415236,0.07796031659379404,2195,ok,
24,iTransformer,MSL_id_8,MSL,0.7492461085203806,0.950674771689033,0.07701062826172078,0.6650373729738809,0.21817709762279688,0.7777777777777778,0.19477956359981974,0.03503872365937718,2426,ok,
24,iTransformer,MSL_id_9,MSL,0.03474845866803011,0.5330961780539052,0.028526966115960853,0.48640460961325677,0.08495225958782648,0.06039387308533917,0.1899660874755144,0.06323644152368425,1787,ok,
24,iTransformer,OPPORTUNITY_id_1,OPPORTUNITY,0.017781379025513987,0.16654141692483038,0.01690188492880783,0.18205694438240821,0.056868859895020864,0.09139114160948222,9184394.629812857,70.94068898441682,23722,ok,
24,iTransformer,OPPORTUNITY_id_2,OPPORTUNITY,0.0778437828688851,0.4186522681073819,0.0747119220137093,0.41118651059941835,0.1694768519584293,0.16660746003552399,13107057.766899271,95.07498289830508,4418,ok,
24,iTransformer,OPPORTUNITY_id_3,OPPORTUNITY,0.008115476337246925,0.2910439155369725,0.007628849441393906,0.27826662209053327,0.023252306820668138,0.02324352879027998,3.066790025061199,0.40968270679074614,25531,ok,
24,iTransformer,OPPORTUNITY_id_4,OPPORTUNITY,0.03683988426013313,0.32624815067029395,0.03345334905946099,0.31041337434442634,0.09785429721683812,0.08975409836065573,17548480.50194242,112.75309784723885,8624,ok,
24,iTransformer,OPPORTUNITY_id_5,OPPORTUNITY,0.5925787431052438,0.9684339090415004,0.5019135298799395,0.961498076923077,0.6186883469472194,0.9795918367346939,14.408741821711867,0.4578426245553572,6026,ok,
24,iTransformer,OPPORTUNITY_id_6,OPPORTUNITY,0.014659313206835804,0.12989166251628564,0.012998655902622848,0.12149691465625434,0.04286103544981307,0.04208903906574189,9769723.67407683,88.68004492150058,15641,ok,
24,iTransformer,OPPORTUNITY_id_7,OPPORTUNITY,0.03226056320387092,0.3471225714380791,0.024402710404315332,0.2795105447706197,0.0727201064589999,0.8047220855878012,12943713.401255634,100.35603556765275,20650,ok,
24,iTransformer,OPPORTUNITY_id_8,OPPORTUNITY,0.015013750299387328,0.23617887364975199,0.014232076575497445,0.23456440935317335,0.04587784580704205,0.09759314210352786,9738342.017522773,76.77165104603631,26090,ok,
24,iTransformer,PSM,PSM,0.12721559456077772,0.5179405509455376,0.10878786171471183,0.47969824861734295,0.20306268861819582,0.8563571592258494,0.1357450573696274,0.19292525105574165,202194,ok,
24,iTransformer,SMAP_id_1,SMAP,0.9184717026683986,0.9840819278747243,0.903719725639483,0.9806024631345359,0.9159723646701331,1.0,0.5434463322283778,0.131229949937722,7163,ok,
24,iTransformer,SMAP_id_10,SMAP,0.24978792262460373,0.9698626185633317,0.17294747851340558,0.8724243635878982,0.2310729639535381,1.0,0.6006827718424933,0.20493173638592352,6379,ok,
24,iTransformer,SMAP_id_11,SMAP,0.060699789855772505,0.8695303432971363,0.040577947883580254,0.7967058967951942,0.10220841316090451,0.028175573407847248,0.6106218714446809,0.1906157896264826,7403,ok,
24,iTransformer,SMAP_id_12,SMAP,0.18863880847533504,0.8016359841754925,0.27472475351250547,0.7891296415623131,0.2968702063762318,1.0,6.213367680213801,0.2498662746716218,6625,ok,
24,iTransformer,SMAP_id_13,SMAP,0.22952728219696672,0.9694003108769228,0.10271660293763975,0.8885453362732426,0.30175144748937227,0.4657534246575342,32508.56835576239,6.951318446378293,3911,ok,
24,iTransformer,SMAP_id_14,SMAP,0.48027684243939134,0.8398845582379733,0.7075394785957019,0.815677935547336,0.7918167554637261,0.9139966273187183,0.28570959565415643,0.10568540085589367,7437,ok,
24,iTransformer,SMAP_id_15,SMAP,0.5713677507809406,0.9943264676036889,0.5535465511132117,0.9876233797778613,0.5555505669382197,1.0,11.227435241280542,0.19285583805632855,7247,ok,
24,iTransformer,SMAP_id_16,SMAP,0.12090681892049802,0.7433776865890863,0.10763506399111934,0.7229172691490042,0.30872101371732585,0.6261682242990654,0.05722146121251691,0.016932521488732397,6071,ok,
24,iTransformer,SMAP_id_17,SMAP,0.06642873961228088,0.5621474852791899,0.06057888398021074,0.5288858678732281,0.1469943263819506,0.1151967086654667,0.3030458691730558,0.1426007276142771,6351,ok,
24,iTransformer,SMAP_id_18,SMAP,0.6859866785664399,0.8607678725740653,0.6874706965230555,0.8470672040034385,0.7620641867719403,1.0,0.29686862504410727,0.102932764878095,7249,ok,
24,iTransformer,SMAP_id_19,SMAP,0.30596957947718245,0.9235054611401097,0.4054341520499683,0.7223328000135806,0.5106338071920501,1.0,0.088481260574754,0.019440525224638475,6629,ok,
24,iTransformer,SMAP_id_2,SMAP,0.6736670342460411,0.8868958399523502,0.6730527911486105,0.872179062518329,0.6452140099294538,1.0,0.2588481504466465,0.09673346344987173,7462,ok,
24,iTransformer,SMAP_id_20,SMAP,0.08341310435267571,0.8085491530560576,0.07255085813065038,0.768921794608772,0.17557918956897545,0.04433849821215733,0.6746077960598669,0.2014323050912579,7159,ok,
24,iTransformer,SMAP_id_21,SMAP,0.28887588846088985,0.9741888717885799,0.14273547751352053,0.8751497544027794,0.2611909481873949,0.9902912621359223,0.5433193656526248,0.17548477465266346,6884,ok,
24,iTransformer,SMAP_id_22,SMAP,0.40229449452544136,0.657749062699459,0.4690640539676571,0.6146169283472434,0.5848233917637335,0.9685279187817258,0.26791014650283346,0.10058591327372808,7447,ok,
24,iTransformer,SMAP_id_23,SMAP,0.07627868336117759,0.8103700841535301,0.06779391371855939,0.7978572850098402,0.23076677468504797,0.8913043478260869,2231.392935580372,1.8775149318692472,3689,ok,
24,iTransformer,SMAP_id_24,SMAP,0.262559006804188,0.985162605140433,0.25871863531763994,0.9428182656151697,0.31110615069637504,1.0,0.25867645974146575,0.09944670161103455,7317,ok,
24,iTransformer,SMAP_id_25,SMAP,0.08487751222482083,0.46513103825272184,0.0726908554493553,0.468907152290442,0.1797707641864803,0.7087719298245614,0.008301996420163354,0.007670667716100628,7549,ok,
24,iTransformer,SMAP_id_26,SMAP,0.22402763903087644,0.751414389251168,0.1206997304265995,0.6171167677519763,0.2330049369437974,1.0,3.4607837529446873e-06,0.0011105985988379833,6270,ok,
24,iTransformer,SMAP_id_27,SMAP,0.20346172047591407,0.7726517205619021,0.1259979905123629,0.6253570323512222,0.22726814173623114,1.0,0.7172622584774521,0.19044968843665291,7562,ok,
24,iTransformer,SMAP_id_3,SMAP,0.6277522324512542,0.9064247069452245,0.7550021336191737,0.8713910100820547,0.8339872326831296,0.9053803339517625,0.2918024611710568,0.10122395701482603,7445,ok,
24,iTransformer,SMAP_id_4,SMAP,0.010292444723272993,0.31551874313970735,0.008414045818520547,0.2368774125702489,0.027953981038255582,0.027625570776255708,0.5640180148412525,0.20153534763862294,7562,ok,
24,iTransformer,SMAP_id_5,SMAP,0.5306786298832514,0.9504083015981203,0.4121645942981167,0.8533660258301344,0.4403624308186608,1.0,0.0006890172094930261,0.001435053473845203,7010,ok,
24,iTransformer,SMAP_id_6,SMAP,0.3219259577072317,0.5904479554969566,0.4132564366186996,0.5565236240069726,0.5189677606394862,0.9542600896860987,0.29627053710932755,0.10389239686771418,7443,ok,
24,iTransformer,SMAP_id_7,SMAP,0.9012129989199317,0.9840821092582097,0.8640548624024167,0.9616377287138393,0.8867512689960548,1.0,0.2903001232160896,0.11462372121715263,7256,ok,
24,iTransformer,SMAP_id_8,SMAP,0.30936715309731233,0.8036383758425273,0.25362508543511697,0.6112574619131925,0.3442578326297339,1.0,4.687953291169751,0.2441126097147571,6862,ok,
24,iTransformer,SMAP_id_9,SMAP,0.7377484545725894,0.8591558325791957,0.7368500810163436,0.8348108667375445,0.819667274656264,1.0,0.2728215548153504,0.10603614377541143,7242,ok,
24,iTransformer,SMD_id_1,SMD,0.17922059372099272,0.8596187363011665,0.2370294229200501,0.8679203632914007,0.2644590257733984,0.5347343841214244,0.6817545152204784,0.2730368391830003,21905,ok,
24,iTransformer,SMD_id_10,SMD,0.7988098846254786,0.9134405000061253,0.8124110569502024,0.8909236526413093,0.8107748890399732,0.9295010845986985,1.195405817615862,0.37075937137082066,22466,ok,
24,iTransformer,SMD_id_11,SMD,0.047979411289222854,0.4909103866818434,0.04597436082563428,0.48952734763048134,0.096014551994505,0.09106579777170486,3.85572473077502,0.35974877274888956,21679,ok,
24,iTransformer,SMD_id_12,SMD,0.19114722004067194,0.6451305292897032,0.37816842817718843,0.8156174381957731,0.38852510512412974,0.5,67.49507797038164,0.37970808207256534,27953,ok,
24,iTransformer,SMD_id_13,SMD,0.3077796390603044,0.8505728448374094,0.2451447075571615,0.8158705739784304,0.4531660856181781,0.21355344489672848,4.813738924126811,0.33636807475608443,21492,ok,
24,iTransformer,SMD_id_14,SMD,0.22864883001800232,0.8060133630853195,0.20903199691057903,0.8093155505304458,0.2992277722711863,0.5847255369928401,15.210230777678468,0.3648690111786418,27992,ok,
24,iTransformer,SMD_id_15,SMD,0.2614530522260258,0.7277950898890158,0.49108766727701014,0.8962522139033128,0.44795130419282647,0.5773672055427251,23.940827881357073,0.33821773869813654,27937,ok,
24,iTransformer,SMD_id_16,SMD,0.8061165553843423,0.9827978568976614,0.7158497632243286,0.9740130935399071,0.7639288056864882,0.3411330049261084,890.2919392417477,0.6440902895973284,25913,ok,
24,iTransformer,SMD_id_17,SMD,0.12578314359202955,0.9227790692787381,0.14443405309404803,0.893344065068203,0.30555058307131927,0.5504587155963303,20.765271308908073,0.4836356345127559,21498,ok,
24,iTransformer,SMD_id_18,SMD,0.5388941308666125,0.9675929648233421,0.32182541279935734,0.8519818154880264,0.41378877150789556,0.9846153846153847,3.324481926392187,0.21408633485902906,26113,ok,
24,iTransformer,SMD_id_19,SMD,0.10821627344297617,0.8232506995957651,0.05667675500289915,0.7763214403776605,0.15058950367799218,0.034588586595885866,806.6301577455893,0.9198478881895952,23266,ok,
24,iTransformer,SMD_id_2,SMD,0.38521428082829534,0.8765051987640764,0.28928739140088144,0.9113810553566906,0.3958752945485441,0.8463810930576071,2.13776323231093,0.27233280467591753,27969,ok,
24,iTransformer,SMD_id_20,SMD,0.8366167920174934,0.9848315281173734,0.8926847409537184,0.9819600861365257,0.8297163623071573,1.0,17.503707836090292,0.24252510455503165,21495,ok,
24,iTransformer,SMD_id_21,SMD,0.3563332849827817,0.9261960561684262,0.19030622507543546,0.8880025192192829,0.29999632870987586,0.12365591397849462,20.063951662926925,0.33059473387635646,19869,ok,
24,iTransformer,SMD_id_22,SMD,0.11123133448068709,0.6854281806872087,0.07445649597977075,0.728434470970962,0.20158162220611825,0.14845024469820556,10730.781994638559,3.3473370745630895,23263,ok,
24,iTransformer,SMD_id_3,SMD,0.08159378641654755,0.816880773195018,0.062164696167181656,0.8558435899796507,0.17618201459284158,0.06514657980456026,22524.43544430706,3.233265222139726,23031,ok,
24,iTransformer,SMD_id_4,SMD,0.5934359852994692,0.9858976129108001,0.5131124276765474,0.938875175698274,0.5291114509406,0.9257425742574258,25.1398376131672,0.2528272392232674,26122,ok,
24,iTransformer,SMD_id_5,SMD,0.1592830121190602,0.8384064597078555,0.12341318676290415,0.8120819267075975,0.2323865804444252,0.5260700389105059,4.32634761178887,0.3368438834091787,26121,ok,
24,iTransformer,SMD_id_6,SMD,0.7194690625596191,0.978529994910943,0.6304611981253645,0.9693273524029632,0.7216086252252663,0.9228149829738933,480.8605557204512,0.5746966225619136,26138,ok,
24,iTransformer,SMD_id_7,SMD,0.4506354869232137,0.921817175812774,0.36512306926680155,0.8466325757748241,0.49886299299997894,0.8451113262342691,0.4474957211861645,0.3272802049534177,21487,ok,
24,iTransformer,SMD_id_8,SMD,0.38253794943155006,0.8771609668210855,0.2817751078133644,0.8693840877157322,0.4066544620323651,0.2192090395480226,12.13271607725055,0.2931249056639523,20091,ok,
24,iTransformer,SMD_id_9,SMD,0.19348124053463997,0.6630440756863136,0.16886985205370075,0.6648016871345399,0.29442948748076525,0.45669633166919904,20.73016469464342,0.4164913342183528,23045,ok,
24,iTransformer,SVDB_id_1,SVDB,0.03999730459878057,0.733976782356367,0.0273401598900729,0.6419011680262265,0.0632563003536932,0.5572319089348632,0.13428448691016862,0.20158407280844193,226078,ok,
24,iTransformer,SVDB_id_10,SVDB,0.21961483861215758,0.7719529613577759,0.1561788157480374,0.6796610974794555,0.23219246186420867,0.8889945078158006,0.39405525844815503,0.3875100635298707,229970,ok,
24,iTransformer,SVDB_id_11,SVDB,0.44371465773504204,0.9730340380634784,0.39398109654450575,0.9307101454052558,0.393127101660592,0.9978880675818373,0.06001723511324661,0.15450681950355352,73940,ok,
24,iTransformer,SVDB_id_12,SVDB,0.0705708884814877,0.7586291668231177,0.05214764907227249,0.6761160803228325,0.12483011388682042,0.4716622904463745,0.31292737449865865,0.29649170932325636,228090,ok,
24,iTransformer,SVDB_id_13,SVDB,0.10542115403381261,0.797604973565482,0.08219055378342613,0.7213568473258125,0.1334689091689939,0.7818315377081293,0.4417454356977519,0.3540778156917828,229970,ok,
24,iTransformer,SVDB_id_14,SVDB,0.38437623797384163,0.8202760371739096,0.3037976945411408,0.7252435337947063,0.35931755676028165,0.9565854168846114,1.3092670351399687,0.7165046134422648,229660,ok,
24,iTransformer,SVDB_id_15,SVDB,0.17001382687523403,0.6977047780509421,0.11922408200716567,0.5978693989617925,0.18934411852497976,0.6376874323697634,1.0475854720926632,0.7165359213737058,229970,ok,
24,iTransformer,SVDB_id_16,SVDB,0.30054477208119923,0.8252056116624952,0.21933920776318125,0.7532126744380818,0.31381315118769565,0.618268134036191,1.713145858709767,0.8211448444781655,229635,ok,
24,iTransformer,SVDB_id_17,SVDB,0.3267497596862899,0.900352017346357,0.2520369954536135,0.8016895408815707,0.3736195720915493,0.902962962962963,0.025517546810734065,0.09029453118628974,124629,ok,
24,iTransformer,SVDB_id_18,SVDB,0.32812479926057614,0.8299707440004691,0.25963646406668434,0.7469564933160617,0.3017048872600971,0.9441512057903221,0.7719773340417236,0.5121253370850947,229414,ok,
24,iTransformer,SVDB_id_19,SVDB,0.30570554394423494,0.8922167716606504,0.3177587474800737,0.8874262913500228,0.3584923737423559,0.988269684818049,0.06063940505877529,0.13866115311502766,214970,ok,
24,iTransformer,SVDB_id_2,SVDB,0.08273782388193861,0.7599455026734211,0.06171419073454557,0.6699163918278372,0.13747447480083186,0.5928092207121968,0.07271541461047049,0.137678331050364,214970,ok,
24,iTransformer,SVDB_id_20,SVDB,0.06286821325397653,0.7620815343658935,0.04720578219252361,0.6791502478977505,0.11100052544682996,0.517866619494074,0.19350230616696848,0.22173109905176344,226319,ok,
24,iTransformer,SVDB_id_21,SVDB,0.373247176969043,0.909206610369914,0.3048539865474392,0.8528133037828174,0.45163814233606775,0.9426061493411421,0.035328544930289606,0.10860101283929666,214970,ok,
24,iTransformer,SVDB_id_22,SVDB,0.19310823749337402,0.7294286787561697,0.14030622558426445,0.6356997421255811,0.21037861639153138,0.8328459391200319,0.328480010489467,0.3460417556449662,149570,ok,
24,iTransformer,SVDB_id_23,SVDB,0.052537697322205985,0.9265698947274129,0.05894002278429248,0.9060375980018193,0.11541842157806294,1.0,0.06667813577531803,0.1658202031623137,138320,ok,
24,iTransformer,SVDB_id_24,SVDB,0.20456395974251879,0.888817047545891,0.14819964660635973,0.7906913248048708,0.23119040282415704,0.8941031182463723,0.04444662658896391,0.13080562695230047,220128,ok,
24,iTransformer,SVDB_id_25,SVDB,0.33147929021703926,0.8929823405001485,0.30596340840611286,0.8513762207384309,0.34845903719206484,0.8559043108292527,0.45656427257119614,0.33930177671994494,229598,ok,
24,iTransformer,SVDB_id_26,SVDB,0.25308347245210505,0.7565830313344872,0.17906909029268728,0.6407795588661427,0.284760744113323,0.7908684687873291,1.0515680342462843,0.7081746774035123,229658,ok,
24,iTransformer,SVDB_id_27,SVDB,0.17055283924002707,0.8976276974391422,0.1287479414034523,0.8396510964132068,0.24950107453424394,0.9061469265367317,0.030027091689821945,0.09618871344455562,220722,ok,
24,iTransformer,SVDB_id_28,SVDB,0.43211049992472306,0.8568449187471289,0.32981819282644365,0.7493855460586994,0.4618600840112607,0.93008391669203,0.8552692773768034,0.5543931845940128,229432,ok,
24,iTransformer,SVDB_id_29,SVDB,0.015423836656589427,0.5983551061517531,0.01083940312636948,0.5042447898444717,0.023806098671147153,0.6642680458736226,0.25697105321225244,0.2434066813123649,227502,ok,
24,iTransformer,SVDB_id_3,SVDB,0.15811166074215172,0.7676725650735374,0.10540860396239453,0.6599181759164219,0.21957712310449515,0.6706425452276981,0.3290479146393967,0.3227128488263649,229970,ok,
24,iTransformer,SVDB_id_30,SVDB,0.14129744262416855,0.7890087722909209,0.1361059920347143,0.7813138523759009,0.2335070494738909,0.8519869274854355,0.4013985919306119,0.30395676683138023,228604,ok,
24,iTransformer,SVDB_id_31,SVDB,0.028879421475414897,0.7590969521990182,0.04263902515605955,0.7174112481892146,0.08574563674352326,1.0,0.032671594409698794,0.11350252092621076,92070,ok,
24,iTransformer,SVDB_id_4,SVDB,0.19830013517248216,0.8339230381024053,0.13637694698157682,0.7305218302414003,0.2885167772923113,0.8338322813345356,0.07303935383705003,0.14476780978601972,228343,ok,
24,iTransformer,SVDB_id_5,SVDB,0.14234388905630432,0.6310380615035562,0.10920409712085961,0.5449354726095459,0.18946645754423921,0.7518990088982132,0.8456192920170946,0.5531815726019941,229970,ok,
24,iTransformer,SVDB_id_6,SVDB,0.04201075956347165,0.8474244766192558,0.03822727527175561,0.8310399768447125,0.08537041600941138,0.8168024277272001,0.09187809065368259,0.15581899433694016,214970,ok,
24,iTransformer,SVDB_id_7,SVDB,0.29717141020956744,0.8415725478232198,0.20676771556592333,0.7307557143735893,0.31678488357553114,0.9198104265402843,0.04047160552818286,0.10390072954703383,45922,ok,
24,iTransformer,SVDB_id_8,SVDB,0.3097445085812291,0.8149222355511064,0.2913237680460023,0.7744805331729185,0.3007141352746793,0.8651108399430547,0.423775390595348,0.37835309305195375,229970,ok,
24,iTransformer,SVDB_id_9,SVDB,0.27413506520315417,0.8728611471341872,0.27172133225097633,0.8511616735368646,0.29772937503505,0.9257245636267015,0.34768751591604063,0.35307484692369673,229167,ok,
24,iTransformer,SWaT_id_1,SWaT,0.3555318932976681,0.7822947536707962,0.27702187538685635,0.7124942235928208,0.39511811985648343,0.34177215189873417,245.37161946816371,0.28636481779951656,13441,ok,
24,iTransformer,SWaT_id_2,SWaT,0.10818351103589251,0.39998712100172257,0.10171338742187147,0.3851014938640366,0.22272637422014518,0.8789022828630724,1.951548006195536,0.08121072055735087,392379,ok,
24,iTransformer,TAO_id_1,TAO,0.8241676225185146,0.9494884397089823,0.050467566010654524,0.49587959305129437,0.0943789369386081,0.09450953810399923,0.256810972846515,0.38332135808433154,9570,ok,
24,iTransformer,TAO_id_10,TAO,0.963105102533997,0.9864077675778159,0.09647831345453495,0.4978198053075192,0.17425483357325935,0.17577639751552795,0.26721740958313767,0.39531932822791965,9570,ok,
24,iTransformer,TAO_id_11,TAO,0.964766145894994,0.9866803768648867,0.10445055129738406,0.5128199435337961,0.1771033642700715,0.17910941897036914,0.3125087836752333,0.42653803893510067,9570,ok,
24,iTransformer,TAO_id_12,TAO,0.8470413960111688,0.9583963667204233,0.053902474042489164,0.49965632127243476,0.09448206027492158,0.09328621908127209,0.24411430084173932,0.36967527430912733,9570,ok,
24,iTransformer,TAO_id_13,TAO,0.8347901878820958,0.9241034475486776,0.1479772212966103,0.5160933103858091,0.2506399507282394,0.2545710267229255,0.3337500294721098,0.44388782745495825,9570,ok,
24,iTransformer,TAO_id_2,TAO,0.6815584184977447,0.8547019049377694,0.13946671658693646,0.49901186898506533,0.2458497388190197,0.2466952150437535,0.24642834171588446,0.3798178078528102,9570,ok,
24,iTransformer,TAO_id_3,TAO,0.3288853850271162,0.7619024967014978,0.05409681759775249,0.50802211443009,0.09548771210157264,0.09524852200569302,0.302298890370001,0.40713318691924727,9570,ok,
24,iTransformer,TAO_id_4,TAO,0.9190287476721286,0.9711987732720261,0.0933156696354134,0.4981870929855469,0.1741267671447774,0.17564376475879906,0.2086522658630595,0.34987608758287086,9570,ok,
24,iTransformer,TAO_id_5,TAO,0.9626308755548525,0.9860115271833184,0.09690602703740218,0.5005972849692997,0.17632458356937095,0.17860192753446383,0.27985688651354707,0.405140118700168,9570,ok,
24,iTransformer,TAO_id_6,TAO,0.8366126154729713,0.9242895111319263,0.14139650007110172,0.5012196069978989,0.24990482246052423,0.2506712696586114,0.34958472283131287,0.4539526641465649,9570,ok,
24,iTransformer,TAO_id_7,TAO,0.7275943590219591,0.897418099954645,0.09267889301835622,0.4964061955210495,0.1747927671499833,0.17484060814124572,0.34640392575777385,0.44801903316748914,9570,ok,
24,iTransformer,TAO_id_8,TAO,0.8451438064590561,0.9528859371070103,0.05096690986711722,0.503686838565879,0.09513971819420584,0.09519945909398242,0.38859032046526526,0.4667691998746723,9570,ok,
24,iTransformer,TAO_id_9,TAO,0.8445790105637551,0.9528396303391372,0.04839446780949057,0.5078896628480668,0.09627333488578411,0.09812078611390045,0.16611079459587855,0.30629357437843524,9570,ok,
24,TTM,CATSv2_id_1,CATSv2,0.10944909892472521,0.5144564872125248,0.16215248513097508,0.5148637295918368,0.2870591659483813,0.77128448531593,0.11827604806967208,0.09638586400012318,94599,ok,
24,TTM,CATSv2_id_2,CATSv2,0.0317334429287814,0.28138572749319296,0.027285114888300068,0.4125973416489738,0.0685669288584083,0.06941091260260744,0.16288031568905112,0.16342755969063852,192892,ok,
24,TTM,CATSv2_id_3,CATSv2,0.09402606838117386,0.5075639600278683,0.12197052609685463,0.5594724927995391,0.15989545480385345,0.24407034232430064,0.10208764677020735,0.07863939118454709,391077,ok,
24,TTM,CATSv2_id_4,CATSv2,0.2770462213273719,0.7631359882479775,0.39132645480035844,0.7957080949905441,0.4550391418013158,0.521674326170662,0.10867790514745693,0.06663667530732009,182051,ok,
24,TTM,CATSv2_id_5,CATSv2,0.1615618551845757,0.6276737282713334,0.27258286240011587,0.6525615348198271,0.3375977883246268,0.4866825944606672,0.11078479078936584,0.09086406918415833,340358,ok,
24,TTM,CATSv2_id_6,CATSv2,0.3369644960196514,0.7365792156559345,0.32164456330853847,0.6857216396683674,0.4603530612606782,0.6171781244642551,0.10636664268721278,0.06898087575443565,184570,ok,
24,TTM,CreditCard,CreditCard,0.044288231307443596,0.8170362259078165,0.0026709914684121703,0.5768056914429476,0.01109624993183175,0.012285806660200453,1.695858003244633,0.8253194736702485,284377,ok,
24,TTM,Daphnet,Daphnet,0.30675364686472295,0.9139434696364465,0.29130114424909725,0.908369808657825,0.377795670955525,0.7589172780166962,0.29630848474718446,0.11926164388356185,35436,ok,
24,TTM,Exathlon_id_1,Exathlon,0.8674336326780485,0.9894878379579135,0.8605774020954275,0.9888276182058056,0.9427851884612916,1.0,0.8239692002831663,0.4205535931304734,39406,ok,
24,TTM,Exathlon_id_10,Exathlon,0.797585621757887,0.9892339807727798,0.8005082745703525,0.9890242274229673,0.8475578681205653,1.0,0.607025875184808,0.3189229998649919,42730,ok,
24,TTM,Exathlon_id_11,Exathlon,0.797585621757887,0.9892339807727798,0.8005082745703525,0.9890242274229673,0.8475578681205653,1.0,0.607025875184808,0.3189229998649919,42730,ok,
24,TTM,Exathlon_id_12,Exathlon,0.797585621757887,0.9892339807727798,0.8005082745703525,0.9890242274229673,0.8475578681205653,1.0,0.607025875184808,0.3189229998649919,42730,ok,
24,TTM,Exathlon_id_13,Exathlon,0.891231941751261,0.9944733383246643,0.8781370707378038,0.9937111413678886,0.9703347473328164,0.9907069970845481,0.7816423516019196,0.3833205928567213,39406,ok,
24,TTM,Exathlon_id_14,Exathlon,0.9736430504062003,0.9938674891964752,0.9491168117275515,0.9821102249631731,0.932520662715139,0.9992270033496522,165.5114553566102,0.6926779068502747,44372,ok,
24,TTM,Exathlon_id_15,Exathlon,0.8114396061492214,0.9754729968419784,0.7819155380606726,0.969360070366835,0.788530650090101,0.45233411696972603,9581712872772.893,347312.2171711473,125005,ok,
24,TTM,Exathlon_id_16,Exathlon,0.7493360267759219,0.9866746578933046,0.7544065251451579,0.9866007013087864,0.7994002804704564,1.0,0.4632713459950208,0.3005272622481209,42726,ok,
24,TTM,Exathlon_id_17,Exathlon,0.8114396061492214,0.9754729968419784,0.7819155380606726,0.969360070366835,0.788530650090101,0.45233411696972603,9581712872772.893,347312.2171711473,125005,ok,
24,TTM,Exathlon_id_18,Exathlon,0.797585621757887,0.9892339807727798,0.8005082745703525,0.9890242274229673,0.8475578681205653,1.0,0.607025875184808,0.3189229998649919,42730,ok,
24,TTM,Exathlon_id_19,Exathlon,0.797585621757887,0.9892339807727798,0.8005082745703525,0.9890242274229673,0.8475578681205653,1.0,0.607025875184808,0.3189229998649919,42730,ok,
24,TTM,Exathlon_id_2,Exathlon,0.4480171351058861,0.7621276897958641,0.4508609776454895,0.7605418539071719,0.5512978242872412,1.0,0.2091648744987898,0.2955493876779754,43020,ok,
24,TTM,Exathlon_id_20,Exathlon,0.44916926993397727,0.7452520365721472,0.4498054351588203,0.7434659624802771,0.5565692607570465,1.0,0.19059041324826992,0.28361195206086776,43550,ok,
24,TTM,Exathlon_id_21,Exathlon,0.9727379538858623,0.9936196719618575,0.9505456119158804,0.9848589118977422,0.9319705607130605,1.0,80.64985727713153,0.4635180305807354,44123,ok,
24,TTM,Exathlon_id_22,Exathlon,0.891231941751261,0.9944733383246643,0.8781370707378038,0.9937111413678886,0.9703347473328164,0.9907069970845481,0.7816423516019196,0.3833205928567213,39406,ok,
24,TTM,Exathlon_id_23,Exathlon,0.797585621757887,0.9892339807727798,0.8005082745703525,0.9890242274229673,0.8475578681205653,1.0,0.607025875184808,0.3189229998649919,42730,ok,
24,TTM,Exathlon_id_24,Exathlon,0.891231941751261,0.9944733383246643,0.8781370707378038,0.9937111413678886,0.9703347473328164,0.9907069970845481,0.7816423516019196,0.3833205928567213,39406,ok,
24,TTM,Exathlon_id_25,Exathlon,0.8114396061492214,0.9754729968419784,0.7819155380606726,0.969360070366835,0.788530650090101,0.45233411696972603,9581712872772.893,347312.2171711473,125005,ok,
24,TTM,Exathlon_id_26,Exathlon,0.8114396061492214,0.9754729968419784,0.7819155380606726,0.969360070366835,0.788530650090101,0.45233411696972603,9581712872772.893,347312.2171711473,125005,ok,
24,TTM,Exathlon_id_27,Exathlon,0.891231941751261,0.9944733383246643,0.8781370707378038,0.9937111413678886,0.9703347473328164,0.9907069970845481,0.7816423516019196,0.3833205928567213,39406,ok,
24,TTM,Exathlon_id_3,Exathlon,0.891231941751261,0.9944733383246643,0.8781370707378038,0.9937111413678886,0.9703347473328164,0.9907069970845481,0.7816423516019196,0.3833205928567213,39406,ok,
24,TTM,Exathlon_id_4,Exathlon,0.797585621757887,0.9892339807727798,0.8005082745703525,0.9890242274229673,0.8475578681205653,1.0,0.607025875184808,0.3189229998649919,42730,ok,
24,TTM,Exathlon_id_5,Exathlon,0.8114396061492214,0.9754729968419784,0.7819155380606726,0.969360070366835,0.788530650090101,0.45233411696972603,9581712872772.893,347312.2171711473,125005,ok,
24,TTM,Exathlon_id_6,Exathlon,0.9136978577037075,0.9941541327408705,0.9157549833325853,0.9936323294167804,0.823470238553854,1.0,0.7493454709468587,0.4159469997582233,42730,ok,
24,TTM,Exathlon_id_7,Exathlon,0.891231941751261,0.9944733383246643,0.8781370707378038,0.9937111413678886,0.9703347473328164,0.9907069970845481,0.7816423516019196,0.3833205928567213,39406,ok,
24,TTM,Exathlon_id_8,Exathlon,0.7493360267759219,0.9866746578933046,0.7544065251451579,0.9866007013087864,0.7994002804704564,1.0,0.4632713459950208,0.3005272622481209,42726,ok,
24,TTM,Exathlon_id_9,Exathlon,0.891231941751261,0.9944733383246643,0.8781370707378038,0.9937111413678886,0.9703347473328164,0.9907069970845481,0.7816423516019196,0.3833205928567213,39406,ok,
24,TTM,GECCO,GECCO,0.45606611914334083,0.9699392637341183,0.4815980090875571,0.9510412833236563,0.46459989181450095,0.5757790368271954,0.18945693238028186,0.1955421348094718,133241,ok,
24,TTM,GHL_id_1,GHL,0.013930433719314676,0.32449489951405236,0.013267130877465437,0.3231977060355419,0.026284496871604827,0.026229973061108747,0.021169866859070782,0.041494029736454004,184571,ok,
24,TTM,GHL_id_10,GHL,0.013113057588582552,0.28901241608956946,0.012569493377042298,0.2853986563258114,0.024998910845969845,0.024974755974419387,0.020346979550607668,0.038085885715058804,184571,ok,
24,TTM,GHL_id_11,GHL,0.02581939748332723,0.7474538246635141,0.02140067565528667,0.7535872392368171,0.052997324391341374,0.05293886006814252,0.01981550664788546,0.03753833132240531,184571,ok,
24,TTM,GHL_id_12,GHL,0.005797789311379359,0.1794524817456228,0.005734598324322923,0.1770751368566994,0.011755772263272237,0.010475796524348003,0.023194080249261777,0.045149684605176474,187589,ok,
24,TTM,GHL_id_13,GHL,0.03378236472591769,0.7331756401709455,0.031943196738304196,0.7326597763333199,0.061908227697277544,0.06182189009813264,0.02158024137769888,0.040333345482518115,184571,ok,
24,TTM,GHL_id_14,GHL,0.01599373512695547,0.42484636082827854,0.015144777574441156,0.42315239872874943,0.029837376346939552,0.02980954545071999,0.019838227866866117,0.040153216406910996,184571,ok,
24,TTM,GHL_id_15,GHL,0.028703044836315354,0.8134891555759761,0.02583616897699275,0.8136799598229749,0.055020891754553575,0.07229759299781181,0.020844277332699432,0.042353242057528113,184571,ok,
24,TTM,GHL_id_16,GHL,0.02299153117018224,0.39248876995184045,0.021683120858590088,0.3907099028389927,0.042597959108418945,0.04259771084149217,0.01991025139381048,0.03662129966358264,184571,ok,
24,TTM,GHL_id_17,GHL,0.07713396731671214,0.7777324974919776,0.07280744533853532,0.7761559531203861,0.1357312852338273,0.1351081279812968,0.021655793484665512,0.04430680562781669,184571,ok,
24,TTM,GHL_id_18,GHL,0.062259310992939014,0.5578460685312011,0.0599684433493278,0.5571529220578857,0.11315030739651472,0.11308680721848029,0.019091464252703323,0.03659992722194498,184571,ok,
24,TTM,GHL_id_19,GHL,0.009305930879488201,0.3413179764293008,0.009267568982604,0.33464680104717287,0.01842840866323709,0.018389568928306742,0.020220851429783582,0.0424948038667529,161445,ok,
24,TTM,GHL_id_2,GHL,0.012094699800084457,0.2432124589504561,0.011825922138407018,0.2395118953900101,0.02375310098115798,0.018648465817877085,0.02123594973926753,0.04153415914872285,184571,ok,
24,TTM,GHL_id_20,GHL,0.00948908393483603,0.3603581433983749,0.009087024857705277,0.3597580604597354,0.018010210383856112,0.017994878032197386,0.018636774650063907,0.03624770020080118,184571,ok,
24,TTM,GHL_id_21,GHL,0.009740833871281525,0.4922129969558042,0.009234602655304904,0.49140581821835905,0.01830002881562869,0.01828694112772609,0.020910279125960572,0.03871266878873922,184571,ok,
24,TTM,GHL_id_22,GHL,0.08802685972135263,0.6530761700472187,0.07613658774886593,0.6546476492213444,0.1597288684635038,0.15960467603348452,0.020107783956732267,0.03792099558617664,184571,ok,
24,TTM,GHL_id_23,GHL,0.05298248365996111,0.6859314984515865,0.04244209481479239,0.6913498538054239,0.10466320816279717,0.10457040439117285,0.019332968276357408,0.03707830049958154,184571,ok,
24,TTM,GHL_id_24,GHL,0.011941062996284791,0.5765143171964114,0.011342686271864742,0.5753296614939294,0.02243072357611889,0.022409772348695168,0.020662018329961694,0.04031063875270969,184571,ok,
24,TTM,GHL_id_25,GHL,0.03448309708883085,0.5401260084345417,0.03281631630586811,0.5385279670014275,0.06354663080863958,0.0633845409459296,0.020695733952135142,0.04099836639446512,184571,ok,
24,TTM,GHL_id_3,GHL,0.02433070741041742,0.6039863145562376,0.023051881749492475,0.6026998919639341,0.045064491524349395,0.04503479107752602,0.02075299711082252,0.039287256520575575,184571,ok,
24,TTM,GHL_id_4,GHL,0.02516832633624379,0.4487060926879569,0.023769263792393486,0.4469658570212076,0.046434352859120856,0.046383600755678274,0.021665300474386126,0.040742931308949924,184571,ok,
24,TTM,GHL_id_5,GHL,0.013251632522044516,0.3314275965113056,0.012491991390963499,0.33620617155010685,0.03198522662149754,0.03195353231393681,0.019505320458015857,0.03812727158483294,184571,ok,
24,TTM,GHL_id_6,GHL,0.01602700307590828,0.3975938566650114,0.015207080338369762,0.3963837787367199,0.02995828307636683,0.027934131736526945,0.021750884706743065,0.042603085089949845,184571,ok,
24,TTM,GHL_id_7,GHL,0.014692749856508792,0.49302923602470006,0.012118966538144663,0.4995048146294691,0.030919914120473017,0.030876566598659283,0.021595707806727288,0.04384984954093298,184571,ok,
24,TTM,GHL_id_8,GHL,0.008433668362382572,0.29712251951234675,0.00809958045837523,0.2953307549551634,0.016068849290555198,0.011854137276593154,0.021957821701713294,0.04380898400320103,184571,ok,
24,TTM,GHL_id_9,GHL,0.019453902765082617,0.4625096393165111,0.016233152910749983,0.4690924183404963,0.041484499649824466,0.04145428653300105,0.020442218556581696,0.03896055178691851,184571,ok,
24,TTM,Genesis,Genesis,0.27421598885249665,0.9845506338679236,0.0772850696166753,0.8996666666666666,0.1929790320706032,0.8135593220338984,0.25804551800175446,0.14392506351600584,14573,ok,
24,TTM,LTDB_id_1,LTDB,0.5439526441400673,0.8176254274065748,0.4703000037739085,0.7361320354763974,0.40618585604179497,0.9825383020004014,0.5787015303790858,0.28553891195367137,98484,ok,
24,TTM,LTDB_id_2,LTDB,0.19656854825386086,0.584488977835781,0.15283272419168117,0.48027592088657317,0.2591332262416304,0.651105216622458,0.1424494623938042,0.25048350022293736,99570,ok,
24,TTM,LTDB_id_3,LTDB,0.5550289597829149,0.6945555589122259,0.532875025891946,0.6540060514988821,0.5112762045157453,0.9685955266978808,0.19320388713869105,0.21131500717247348,99570,ok,
24,TTM,LTDB_id_4,LTDB,0.3352474120384449,0.7111578635594819,0.28987908914377164,0.6468419498877594,0.3374257401844428,0.877873100459696,0.15458710542813048,0.1994042561961929,98233,ok,
24,TTM,LTDB_id_5,LTDB,0.08168410862772404,0.47912445635989526,0.2502441879008843,0.5555826229389108,0.3770702761463247,0.9204665959703076,0.4894586925942175,0.3600839633463453,94919,ok,
24,TTM,MITDB_id_1,MITDB,0.218189815594338,0.6234297099327328,0.22240289290074924,0.6225687749295252,0.26472094055288536,1.0,0.06556908887720891,0.13354006199716417,138320,ok,
24,TTM,MITDB_id_10,MITDB,0.011014414418317495,0.6803048148911865,0.06885280986018025,0.603739403527487,0.1165035318171523,0.6666666666666666,0.04588364669319865,0.11431202829174386,138320,ok,
24,TTM,MITDB_id_11,MITDB,0.12990172711470377,0.7868038436539688,0.3546838364197621,0.7593608204883291,0.4487687936845053,1.0,0.057059918376554004,0.12321445433280828,584570,ok,
24,TTM,MITDB_id_12,MITDB,0.07074428666832693,0.6844957807670573,0.058617554199366914,0.6321687745365994,0.12561086481215933,0.568445238703089,0.0879931062555261,0.13458735579706163,604570,ok,
24,TTM,MITDB_id_13,MITDB,0.031055373422090155,0.6175356241174882,0.02829443359635133,0.5513091166602084,0.05707351439045165,0.5051346499102334,0.11516365961329768,0.173127019349119,434570,ok,
24,TTM,MITDB_id_2,MITDB,0.00455695451886214,0.6718546729235735,0.04508270991279705,0.646787566455715,0.07754628434594292,0.6821900566393958,0.035628405766992166,0.093396718018607,634570,ok,
24,TTM,MITDB_id_3,MITDB,0.019607670696806804,0.5327488827779556,0.02056380004713721,0.4705434135390668,0.035914422792184084,0.6925838367918746,0.029301963819538708,0.08488125898092377,484570,ok,
24,TTM,MITDB_id_4,MITDB,0.049407327626111226,0.5147739258878314,0.04896539079628665,0.4840915851355245,0.09656555688496311,0.7084787449729119,0.05809363748096615,0.14121774297128992,284570,ok,
24,TTM,MITDB_id_5,MITDB,0.012261074942584995,0.7955394021695957,0.009835613786009618,0.7266729431642083,0.028208050170126148,0.6848306332842415,0.0462161145678841,0.15243488989301746,92070,ok,
24,TTM,MITDB_id_6,MITDB,0.04138387988251767,0.805123566585146,0.23190213793730705,0.7580914733768558,0.3556551861964373,1.0,0.07200400139545254,0.17884680292320243,184570,ok,
24,TTM,MITDB_id_7,MITDB,0.2655228224062092,0.8465024863657469,0.2706779214601174,0.8084878764858465,0.3045521354513319,1.0,0.07943191533535524,0.1695784678759183,138320,ok,
24,TTM,MITDB_id_8,MITDB,0.12209867986963736,0.5949521447684188,0.13495758905152103,0.5922870274921088,0.15272968567187675,0.9840197629984174,0.06807714487888858,0.1486415329634004,390421,ok,
24,TTM,MITDB_id_9,MITDB,0.010123264085406864,0.7704162313895591,0.009662796811714131,0.7507176049198341,0.02762398223321239,0.4616204690831556,0.061014910695266274,0.1123601807107067,92070,ok,
24,TTM,MSL_id_1,MSL,0.018082866231108424,0.719753487479467,0.005566711158323337,0.4343712454945935,0.013966327997435107,0.07971014492753623,0.22943423085254105,0.09610175308913443,1397,ok,
24,TTM,MSL_id_10,MSL,0.6918560747240622,0.9717489514998169,0.6346036699856776,0.9393021706296782,0.7029657381924899,1.0,15.440178425176637,0.31039528297260316,5212,ok,
24,TTM,MSL_id_11,MSL,0.17762397149958165,0.7424187149584663,0.16055010468726041,0.6747127267471272,0.3229116803070335,0.9483568075117371,0.1783143571838101,0.057519734434963686,1726,ok,
24,TTM,MSL_id_12,MSL,0.19419715852514985,0.9493553666458677,0.037943513711712604,0.8501368613138687,0.09651344839986377,0.02328705776981639,0.22954301863514176,0.05355130062991808,1788,ok,
24,TTM,MSL_id_13,MSL,0.6504081921160572,0.9638592384046009,0.5877423157973141,0.9308547527906667,0.5634880162170264,1.0,14.928779751231097,0.30355906273980626,5212,ok,
24,TTM,MSL_id_14,MSL,0.12191229014531707,0.3492655246647651,0.1228554464477914,0.3463596204459992,0.2329909653345896,1.0,0.29071882591061937,0.06607973583789088,1873,ok,
24,TTM,MSL_id_15,MSL,0.4973742634771021,0.9317841663733292,0.4626789416412015,0.9240254790940766,0.6528875896833843,0.9333333333333333,595.8326224241628,1.0434318126504287,666,ok,
24,TTM,MSL_id_16,MSL,0.0826661149524903,0.492694851792386,0.0730885572102526,0.446660534503768,0.1723738906265308,0.86810551558753,0.23188720539339955,0.0790275424209067,1619,ok,
24,TTM,MSL_id_2,MSL,0.48831149133295004,0.8096743976650023,0.4813680461521649,0.7761712263725538,0.5325035877213226,1.0,0.16888339297320246,0.03331197719606361,2840,ok,
24,TTM,MSL_id_3,MSL,0.0852220696433671,0.4393448159163996,0.06478488037679313,0.3271692872661415,0.12656785207623916,0.4735812133072407,0.2081170508284532,0.027957706113196118,2000,ok,
24,TTM,MSL_id_4,MSL,0.03085793663449839,0.6022150380094586,0.020111524245666437,0.5055165370017779,0.059349329959657235,0.39226519337016574,0.13172978052041587,0.030768791694635516,2735,ok,
24,TTM,MSL_id_5,MSL,0.09252410738158515,0.5066854306020111,0.09214158858950801,0.5002503939684918,0.17287008909473536,0.6666666666666666,0.3289013096064288,0.06180349427139416,4279,ok,
24,TTM,MSL_id_6,MSL,0.4030229302231359,0.8033489917711296,0.3418060038681705,0.6254862395310324,0.4512785567660476,1.0,0.15787839362602393,0.03148509117497599,3198,ok,
24,TTM,MSL_id_7,MSL,0.39583842229816385,0.8597782209826008,0.13660134060108747,0.6682740793227685,0.2883556400193664,0.16311535635562086,0.4494010269524553,0.08024493885888428,2195,ok,
24,TTM,MSL_id_8,MSL,0.8474488657361972,0.9415203958235292,0.3230955061450418,0.6329889980683632,0.5777728000428851,0.9545454545454546,0.19923076694885078,0.04127401332739584,2426,ok,
24,TTM,MSL_id_9,MSL,0.22175956356449822,0.9112044988420586,0.1325446029627187,0.8381102744717027,0.2886552105095902,0.8214285714285714,0.23827917486130862,0.060259548334446716,1787,ok,
24,TTM,OPPORTUNITY_id_1,OPPORTUNITY,0.018484122734121422,0.20966188302648045,0.01740824163506881,0.1925018624363653,0.05895523141613175,0.23374551256481851,3501997.9146963255,43.092490654466026,23722,ok,
24,TTM,OPPORTUNITY_id_2,OPPORTUNITY,0.06064809845770479,0.2217749025680434,0.058059605891590205,0.21568915642178138,0.16803858978626016,0.16660746003552399,3659675.609896746,39.39821243273804,4418,ok,
24,TTM,OPPORTUNITY_id_3,OPPORTUNITY,0.017086592495999572,0.6585423490544379,0.01622350309453752,0.6562746370541295,0.05565808599560182,0.02324352879027998,3.1196572379080325,0.42254878734297385,25531,ok,
24,TTM,OPPORTUNITY_id_4,OPPORTUNITY,0.042116538697779864,0.43971879809124464,0.03772064514368857,0.40660494445772083,0.09673052824238913,0.3922973578145992,5330156.597636964,57.04195877798558,8624,ok,
24,TTM,OPPORTUNITY_id_5,OPPORTUNITY,0.6429869809632868,0.9733571425394013,0.5460773812760535,0.9679679487179488,0.710580170870993,0.9927611168562565,11.668301612228593,0.40796552789467405,6026,ok,
24,TTM,OPPORTUNITY_id_6,OPPORTUNITY,0.015615862436037275,0.28082457010706957,0.013882717969930158,0.23679795356296193,0.04216361124474864,0.37927350427350426,4605405.410510197,55.37762816525533,15641,ok,
24,TTM,OPPORTUNITY_id_7,OPPORTUNITY,0.030641389953848526,0.3492013266006683,0.02477271327316018,0.2870763936945348,0.07319185034300944,0.7753554502369668,3371695.3925160426,40.59468269254058,20650,ok,
24,TTM,OPPORTUNITY_id_8,OPPORTUNITY,0.014797059797616023,0.14962344192827645,0.013863731833333219,0.20252019435165503,0.047073427518678115,0.19589675711449372,3478676.2718771966,39.843537485345,26090,ok,
24,TTM,PSM,PSM,0.12310781961180821,0.5258760676778401,0.10683613549526241,0.488020724265109,0.20624812593163508,0.8164262113407351,0.15591091022844022,0.20616466731186966,202194,ok,
24,TTM,SMAP_id_1,SMAP,0.9789946082218218,0.9895530808048723,0.9753691703123245,0.9860667122429789,0.9757830340211003,1.0,0.409420418203883,0.12758720389536596,7163,ok,
24,TTM,SMAP_id_10,SMAP,0.018473618784655872,0.7311389628055305,0.005338372640701659,0.5197854191656671,0.01660291396726733,0.0656,0.7519244330483922,0.18823834720555468,6379,ok,
24,TTM,SMAP_id_11,SMAP,0.01601265601475451,0.5232178988410291,0.012854764978179455,0.4507275459653819,0.03346915302655444,0.19901315789473684,0.8129640490148287,0.19849863042793017,7403,ok,
24,TTM,SMAP_id_12,SMAP,0.6087474446927584,0.8483953176829377,0.6563847306181387,0.8382514679357291,0.7249953781544642,1.0,1.200668693210702,0.20149614476058367,6625,ok,
24,TTM,SMAP_id_13,SMAP,0.9526504832080762,0.982973715927747,0.8452821814515447,0.8731657247129787,0.9148886532636896,1.0,792.3635880430775,3.3129290032448324,3911,ok,
24,TTM,SMAP_id_14,SMAP,0.053620876555444785,0.6045655889502797,0.0484515068400552,0.5764715973048199,0.10861309894994944,0.8575949367088608,0.35443180476869857,0.0945996296307227,7437,ok,
24,TTM,SMAP_id_15,SMAP,0.9343046015370593,0.998361503171531,0.851843836422401,0.9814148283907818,0.8085056586997504,1.0,0.3834975254246159,0.10529428055293799,7247,ok,
24,TTM,SMAP_id_16,SMAP,0.6640502330331935,0.8235583092206687,0.6321795124560767,0.8013361862481705,0.6997791416076127,0.988929889298893,0.03592581071198275,0.006180406148785551,6071,ok,
24,TTM,SMAP_id_17,SMAP,0.3914840669106129,0.7368440652698401,0.3859381835527471,0.7040670855731512,0.412262143637179,1.0,0.38352883583937514,0.1355307819988611,6351,ok,
24,TTM,SMAP_id_18,SMAP,0.08203390389782872,0.6357595446605225,0.09629412499598827,0.62063937916032,0.12265642963425462,1.0,0.37254385696113823,0.09885436650703833,7249,ok,
24,TTM,SMAP_id_19,SMAP,0.11178891669232303,0.8265203766118824,0.44981572273162934,0.5833082234510739,0.5957401901651318,1.0,0.011924567567186718,0.009088946406686182,6629,ok,
24,TTM,SMAP_id_2,SMAP,0.0911032524559172,0.6060150598371224,0.08503256328798507,0.5867288155578697,0.18414023308070404,1.0,0.3599217677592522,0.09059328015860076,7462,ok,
24,TTM,SMAP_id_20,SMAP,0.02129675272280629,0.4460102888353227,0.01897164064365755,0.4072119710311666,0.04433278065729318,0.49732620320855614,0.8920351481202766,0.1935008360643818,7159,ok,
24,TTM,SMAP_id_21,SMAP,0.011738107991126264,0.6257322001430666,0.005933448333636198,0.4386630925282537,0.01403889886984729,0.09883720930232558,0.7178546181865748,0.17394267574374214,6884,ok,
24,TTM,SMAP_id_22,SMAP,0.06451971281507818,0.4989911442804776,0.05680642243527893,0.46524292636497366,0.11882829683581764,0.9530469530469531,0.3736740564144375,0.09723211774482861,7447,ok,
24,TTM,SMAP_id_23,SMAP,0.7007300656174709,0.8303024361560837,0.7367332810074217,0.8165756362912676,0.7272680211507468,1.0,99.1784876037279,0.8490853319515561,3689,ok,
24,TTM,SMAP_id_24,SMAP,0.2544922653454425,0.8658561284625332,0.4461744981453718,0.8286859701230486,0.6101652513940158,1.0,0.35088100880460377,0.09451282908389962,7317,ok,
24,TTM,SMAP_id_25,SMAP,0.10875948237288391,0.7620330487406146,0.16764224131450686,0.6772532174948857,0.23076718936717097,0.7087719298245614,0.00108655854078335,0.004898112680904127,7549,ok,
24,TTM,SMAP_id_26,SMAP,0.018591301924862847,0.4014266469739156,0.011218836565096953,0.3985760156359068,0.022188521844777813,0.022164454781775894,2.2295745631843592e-06,0.0007088892214505911,6270,ok,
24,TTM,SMAP_id_27,SMAP,0.016542553972733975,0.695164948306414,0.012592974193697717,0.6340000687592395,0.030074819101137906,0.3695652173913043,1.001313900662065,0.19275790185328262,7562,ok,
24,TTM,SMAP_id_3,SMAP,0.054133806389294215,0.6266986189905496,0.04635144423022259,0.5881690007238293,0.10468733341591159,0.8501440922190202,0.35448352881972867,0.09383745567843257,7445,ok,
24,TTM,SMAP_id_4,SMAP,0.019810560715638553,0.5262456193499565,0.013628794887057902,0.4278326812501759,0.03365977655250544,0.3384615384615385,0.7968113384810636,0.17921430887836234,7562,ok,
24,TTM,SMAP_id_5,SMAP,0.015474489274727176,0.40466502560267675,0.008844045839561535,0.4022325348049668,0.017532854977454302,0.017507089138207373,4.676570090222706e-05,0.0017668308398187647,7010,ok,
24,TTM,SMAP_id_6,SMAP,0.07318077365217361,0.510194542962035,0.06781751511154843,0.4981343860726209,0.13789211273443733,0.9196197061365601,0.3696234512138102,0.09782141594395127,7443,ok,
24,TTM,SMAP_id_7,SMAP,0.8184400845081685,0.9362789996319696,0.7618034740521227,0.8900256587663314,0.7961115465291374,1.0,0.3488074158247108,0.11513381752432397,7256,ok,
24,TTM,SMAP_id_8,SMAP,0.5227359189204166,0.8814328712466882,0.3838524391039412,0.7170920332952031,0.49999625002812476,1.0,1.1308165575803497,0.19621768041683801,6862,ok,
24,TTM,SMAP_id_9,SMAP,0.05949509858180813,0.5918618022281112,0.057124170748490403,0.57777319324996,0.11042335874677542,0.9984447900466563,0.3444563457842411,0.10060421982749396,7242,ok,
24,TTM,SMD_id_1,SMD,0.32279801035579975,0.8334660751156955,0.33846369173611873,0.8408362383554727,0.43635863747875436,0.8257804632426989,0.798405730157849,0.2610466283749788,21905,ok,
24,TTM,SMD_id_10,SMD,0.44411810244000877,0.8400848483835024,0.42491608480222437,0.815970852279667,0.5612241692982939,0.9160530191458026,6.852804995512786,0.7180227779912328,22466,ok,
24,TTM,SMD_id_11,SMD,0.05480478180357077,0.45650687865376127,0.05582730288586846,0.4601594057689138,0.09483490927836968,0.09106579777170486,2.1197492418247506,0.3841826028296533,21679,ok,
24,TTM,SMD_id_12,SMD,0.3048795650605628,0.6507532832607574,0.4999194307254679,0.8274937472627939,0.5011830412969146,0.6121593291404612,3.9040825585943892,0.3094395153416961,27953,ok,
24,TTM,SMD_id_13,SMD,0.25267311729055614,0.6875379333533159,0.15853935005124356,0.5972248035314712,0.24531449960793078,0.2144262791401756,3.709807457694796,0.49574167240436184,21492,ok,
24,TTM,SMD_id_14,SMD,0.25979635362736286,0.8878846445832077,0.19059389666251278,0.8886457488705164,0.2615645244610531,0.8303341902313625,13.88388847856556,0.27228267984216153,27992,ok,
24,TTM,SMD_id_15,SMD,0.32829223489531006,0.7477651642647487,0.5789811132715951,0.9058545621045623,0.5685024947584886,0.5773672055427251,3.000450522427113,0.3187266335777329,27937,ok,
24,TTM,SMD_id_16,SMD,0.6191282438481376,0.9494601446360856,0.5006559054702522,0.919734429485787,0.5440622235491848,0.3411330049261084,157.28045087885607,0.4215083707112207,25913,ok,
24,TTM,SMD_id_17,SMD,0.22744844096226977,0.9685921598074686,0.3473983475793012,0.9471464881809709,0.43930148022390386,0.6818181818181818,23.56773228594937,0.6276570926608724,21498,ok,
24,TTM,SMD_id_18,SMD,0.35312949433286317,0.9122613298208234,0.24772665301665872,0.8394967997045336,0.32824058275815315,0.9846153846153847,5.823770324273033,0.46840623852947216,26113,ok,
24,TTM,SMD_id_19,SMD,0.40023098821998127,0.9263617591106464,0.1372798346232826,0.8318144831186041,0.25388721567449835,0.034588586595885866,411.2834936510134,0.6160670059256059,23266,ok,
24,TTM,SMD_id_2,SMD,0.33157237839047893,0.9254332522722751,0.2576970329911966,0.9205980748821352,0.37085993588926924,0.7661651077673851,1.6002102671873737,0.2292497180333521,27969,ok,
24,TTM,SMD_id_20,SMD,0.9017563352502653,0.9885652430913419,0.9613766282372503,0.9862268096506258,0.9657270873018251,1.0,4.890229653161121,0.2451959306108628,21495,ok,
24,TTM,SMD_id_21,SMD,0.30273182236920165,0.9209353185430202,0.19550269354133498,0.8577016891321372,0.23576506341652056,0.3117178612059158,2.494523955194374,0.29801862482677544,19869,ok,
24,TTM,SMD_id_22,SMD,0.09746556860369758,0.6010039389456414,0.09604005795127454,0.6975706233418116,0.22635839391034687,0.13861386138613863,14231.615203022515,3.1800615988128778,23263,ok,
24,TTM,SMD_id_3,SMD,0.2123958800526573,0.8834553949154753,0.21346267046201636,0.9410733843599504,0.29395910367459904,0.0684931506849315,3048.7097072766423,1.4080709026717662,23031,ok,
24,TTM,SMD_id_4,SMD,0.6567890834518566,0.9846763498358798,0.44273083751338804,0.9387829152571547,0.5047707296789836,0.9467849223946785,14.39327968937465,0.2960540151374542,26122,ok,
24,TTM,SMD_id_5,SMD,0.24563267443448886,0.8596200125824301,0.23029111961674653,0.818070151519967,0.23578662857430932,0.6892935982339956,1.9740573712363307,0.3041235538565499,26121,ok,
24,TTM,SMD_id_6,SMD,0.8203530474237024,0.9869905593004233,0.7251862575954497,0.9729296237027909,0.7387055545839207,0.8896530165676774,537.6786413349007,0.5311142217892831,26138,ok,
24,TTM,SMD_id_7,SMD,0.5958072587166876,0.9417832898964151,0.46680349170767627,0.8549153837046752,0.4922095336560963,0.9254367277375373,0.5467610713225038,0.33696018257897625,21487,ok,
24,TTM,SMD_id_8,SMD,0.392312363597592,0.8634128210583896,0.32932260531604,0.8651927752021983,0.4319714165025286,0.3224446786090622,1.978779668419083,0.2723631314254649,20091,ok,
24,TTM,SMD_id_9,SMD,0.25941426634276404,0.7594794319746616,0.23650837913698577,0.8098110206632982,0.4208552086601178,0.183797041465471,5.635272215088702,0.22604488364215833,23045,ok,
24,TTM,SVDB_id_1,SVDB,0.04567075897348325,0.680781939658389,0.09733402168765173,0.6207248564551303,0.13061618887305912,0.6093924711144242,0.21014396455267673,0.23360108859281314,226078,ok,
24,TTM,SVDB_id_10,SVDB,0.39548730389162295,0.7541953664046187,0.38228525004409075,0.6798695618967131,0.40628004030975096,0.9089861751152074,0.13462267536352807,0.21443305187569148,229970,ok,
24,TTM,SVDB_id_11,SVDB,0.09474016654271794,0.704666110856455,0.20413324474654088,0.6460478011746025,0.29436931919575277,0.7759067357512953,0.2618856922527972,0.3242458816722265,73940,ok,
24,TTM,SVDB_id_12,SVDB,0.04804981213818424,0.613068196241145,0.04816648767789772,0.5659344970329898,0.07449549322133033,0.6388874581509142,0.16345674615653671,0.21160437811995503,228090,ok,
24,TTM,SVDB_id_13,SVDB,0.059940448779451004,0.6153222955765669,0.06806801705282711,0.5715363330902277,0.08641701678545362,0.7463783184307202,0.17803604481595459,0.21964910146723327,229970,ok,
24,TTM,SVDB_id_14,SVDB,0.6015903157946582,0.8701184812211564,0.5672399600264773,0.8268460280900775,0.5081767879335235,0.9955541097375841,0.23676088025744502,0.2449277891452377,229660,ok,
24,TTM,SVDB_id_15,SVDB,0.20684948037683573,0.7098739973122467,0.21515007972211098,0.6166992993625919,0.21709103370148963,0.650231124807396,0.5678340129997712,0.3994527981148743,229970,ok,
24,TTM,SVDB_id_16,SVDB,0.4857768483845613,0.8412502433977035,0.44297397479350725,0.7801784814077912,0.4495178875292891,0.9307595209507097,0.8524794452745599,0.4652650487034324,229635,ok,
24,TTM,SVDB_id_17,SVDB,0.0710423880774669,0.6709010732696604,0.06933020842590787,0.6180604786815126,0.1356178407904162,0.6663923182441701,0.11101009858881564,0.19420361581127651,124629,ok,
24,TTM,SVDB_id_18,SVDB,0.2976453758752009,0.7574221118675539,0.28976557285498206,0.7067421168304308,0.30794019271006434,0.9695741649517176,0.40653326410277485,0.34706176794173726,229414,ok,
24,TTM,SVDB_id_19,SVDB,0.10479679802391983,0.6800143739867378,0.12066184322306056,0.6746393339409952,0.16749831953660435,0.9771354286151258,0.4248596645311041,0.3122460546375853,214970,ok,
24,TTM,SVDB_id_2,SVDB,0.09342348230990927,0.6051732657338622,0.11444932421319384,0.5306940966336702,0.1327351957562556,0.8244538365378892,0.1618388375482886,0.1928998325506874,214970,ok,
24,TTM,SVDB_id_20,SVDB,0.03863195404328884,0.6202015200915901,0.03823917812908463,0.5374974433985678,0.06494329227474638,0.6637334196053057,0.6707416967568883,0.3345184017857419,226319,ok,
24,TTM,SVDB_id_21,SVDB,0.10105171551036345,0.6773192949053771,0.1726144616858722,0.645444935608084,0.23371952526900916,0.799713535449988,0.14745104732691255,0.21616457011477105,214970,ok,
24,TTM,SVDB_id_22,SVDB,0.18157853325573403,0.6822809838455666,0.16811966643005838,0.6218478218744024,0.22779013659017525,0.8927080962136733,0.14492369775636518,0.2102234957382249,149570,ok,
24,TTM,SVDB_id_23,SVDB,0.021617985426844157,0.7213490989892128,0.08233196724022619,0.7014615096135816,0.1249971574079736,1.0,0.31830038931469984,0.32411852062475927,138320,ok,
24,TTM,SVDB_id_24,SVDB,0.03765867019210072,0.6320528762725609,0.029903725831666908,0.5683624538170037,0.06927737492210102,0.36852264291017073,0.0593610489701608,0.14993435270569314,220128,ok,
24,TTM,SVDB_id_25,SVDB,0.2380188410134415,0.7718882032451118,0.27045332373777503,0.7370673562224295,0.30630722008169026,0.8908263251292339,0.3655107101366332,0.2840515180788597,229598,ok,
24,TTM,SVDB_id_26,SVDB,0.223040986412523,0.7037933349597059,0.2213828647551901,0.6378661207186341,0.22821658748178072,0.7782673939451683,0.20534204549530247,0.24823505364997586,229658,ok,
24,TTM,SVDB_id_27,SVDB,0.05792491972766318,0.6594554173227052,0.059767357963970404,0.629428215159973,0.09178397781016816,0.8975629624601181,0.17201444637232166,0.19632990183693258,220722,ok,
24,TTM,SVDB_id_28,SVDB,0.3523608857334461,0.7160225257273687,0.3238965741263645,0.6515199073727641,0.3010427269234861,0.9927534575380044,0.4015003155073597,0.31161315472032175,229432,ok,
24,TTM,SVDB_id_29,SVDB,0.017277412247821,0.6416796764977922,0.013004639833682139,0.563369654930599,0.02982100387950845,0.335412147505423,0.23544428016312433,0.24016476859653965,227502,ok,
24,TTM,SVDB_id_3,SVDB,0.22645350302782663,0.695424776602771,0.24766097740776793,0.640286655599331,0.24924356090242053,0.7503392130257802,0.1928358501517439,0.23729567432983273,229970,ok,
24,TTM,SVDB_id_30,SVDB,0.3149423729525887,0.7572977752780142,0.328506018107535,0.7528375367590272,0.3688376724284282,0.9739165531506988,0.29967295105042197,0.2556718945733577,228604,ok,
24,TTM,SVDB_id_31,SVDB,0.008256255504014109,0.5264168048263955,0.008643140625306075,0.503780691444932,0.020925355084966107,1.0,0.23729137663607477,0.2546745561701248,92070,ok,
24,TTM,SVDB_id_4,SVDB,0.26304595660064156,0.7164146890155549,0.259153934180698,0.6632336804207033,0.2670141097494724,0.9487032173342088,0.3052020648195066,0.26526528814099115,228343,ok,
24,TTM,SVDB_id_5,SVDB,0.14580460293085945,0.6382344603123355,0.11737929606550636,0.5610892492089025,0.20866527187794146,0.679967718794835,0.3502018986568804,0.3792206303194649,229970,ok,
24,TTM,SVDB_id_6,SVDB,0.024205558365104046,0.6358925253754252,0.03384742931688875,0.6103667531258471,0.058295318833379364,0.8785170473353194,0.644010517420398,0.35139738957378724,214970,ok,
24,TTM,SVDB_id_7,SVDB,0.4185953718890306,0.7557104409976416,0.42157376757519094,0.7004538098111315,0.46698253721399474,0.9727345629510826,0.12189568464534167,0.20420857724437444,45922,ok,
24,TTM,SVDB_id_8,SVDB,0.18650130754806782,0.6984036820655015,0.20028701058178672,0.6638938719510714,0.2180479280410316,0.832,0.11240316625901715,0.1639030990456449,229970,ok,
24,TTM,SVDB_id_9,SVDB,0.334740155358572,0.7450801158816348,0.34883064406279995,0.7203461765476187,0.3712584603938307,0.9860344539220606,0.26440793413975167,0.22950086792693675,229167,ok,
24,TTM,SWaT_id_1,SWaT,0.2753180976329653,0.6815459393456612,0.22103343836893483,0.6087747592099346,0.32677628611252246,0.23397737983034872,71.35748998740833,0.19844099664915274,13441,ok,
24,TTM,SWaT_id_2,SWaT,0.5469415185739942,0.7225460592936414,0.662341780301534,0.8375124153853832,0.7823541951419638,0.8574447297266592,1.3113240959043988,0.20221916174891097,392379,ok,
24,TTM,TAO_id_1,TAO,0.9255454466270185,0.979108601108005,0.05062398223400279,0.49756815826467055,0.09386536505879776,0.10416666666666667,0.20079489235349005,0.2542587660264567,9570,ok,
24,TTM,TAO_id_10,TAO,0.9794893352080025,0.9925620999212755,0.09463686454519273,0.5010250269560604,0.1738607611999838,0.17859742780878426,0.19070505595803572,0.302278605589406,9570,ok,
24,TTM,TAO_id_11,TAO,0.9794474558441818,0.9929986473717809,0.09491783080236604,0.49682479964116655,0.17507827468513576,0.17684700407213497,0.2738744245761991,0.3613880456240523,9570,ok,
24,TTM,TAO_id_12,TAO,0.9432177779270242,0.9815573395079518,0.05228511689311279,0.517404098791382,0.09865709342131593,0.10474205315268369,0.20533932905683688,0.2575034432706942,9570,ok,
24,TTM,TAO_id_13,TAO,0.895464958329047,0.9512138904913361,0.1374705512177163,0.4914004612581259,0.24723224813200767,0.2488350419384902,0.29468685561180813,0.4086351472070074,9570,ok,
24,TTM,TAO_id_2,TAO,0.8114280536177477,0.9069991850658254,0.13626570795115545,0.4902031202164283,0.24523867894166929,0.24486571879936808,0.19728007666498915,0.33245425867924117,9570,ok,
24,TTM,TAO_id_3,TAO,0.6143726940659064,0.8848414051445384,0.0499151645276711,0.5138911030415421,0.0983039607557849,0.10116731517509728,0.31122261951808283,0.3217006449679885,9570,ok,
24,TTM,TAO_id_4,TAO,0.9577212602991708,0.9845915677699276,0.09307703794229277,0.4996827149781319,0.17301918304302194,0.17772162560539062,0.1775712099395458,0.2889640379642875,9570,ok,
24,TTM,TAO_id_5,TAO,0.9812009696309034,0.9919296067218992,0.09829165086054126,0.5019652060213092,0.17459135264023887,0.17853658536585365,0.20537513830410659,0.310591768060178,9570,ok,
24,TTM,TAO_id_6,TAO,0.895464958329047,0.9512138904913361,0.1374705512177163,0.4914004612581259,0.24723224813200767,0.2488350419384902,0.29468685561180813,0.4086351472070074,9570,ok,
24,TTM,TAO_id_7,TAO,0.8838853355013974,0.9488517702206785,0.09683972991711488,0.5102649413328709,0.1740847409864605,0.18370643895684283,0.24936160736932036,0.34390151001895963,9570,ok,
24,TTM,TAO_id_8,TAO,0.8700129396475746,0.9783367671023133,0.04839467526608444,0.4937600788804945,0.0941580444247995,0.10030498136225008,0.28863897447940245,0.3120109067302447,9570,ok,
24,TTM,TAO_id_9,TAO,0.9452765119403789,0.9801473065693314,0.0505014472781116,0.5114293676500437,0.09579577838355857,0.10416666666666667,0.1581934456245959,0.2237015624469227,9570,ok,
