dataset_id,family,backbone,test_length,n_eval_rows,n_anomaly_events,n_eval_anomalies,n_label_pos,n_label_neg,normal_mse,normal_mae,normal_mse_median,normal_mae_median,normal_mse_strict,normal_mae_strict,normal_mse_strict_median,normal_mae_strict_median,n_normal_target,n_normal_strict,sliding_window,auroc_D_w_z,vus_pr_D_w_z,vus_roc_D_w_z,auc_pr_D_w_z,standard_f1_D_w_z,pa_f1_D_w_z,vus_error_D_w_z,status,error
Exathlon_id_16,Exathlon,DLinear,46655,42582,0,0,2948,43707,0.3584495631337664,0.2621976844118799,0.1987122634295459,0.2829871942461518,0.3203636269836776,0.2521984111363961,0.1783080934441293,0.2789699997245699,31757,30801,10,0.9747918085584036,0.5656564894075327,0.9749008305510516,0.5712245585691359,0.7638367678412334,0.9794019933554816,,ok,
Daphnet,Daphnet,DLinear,38774,35292,0,0,2306,36468,0.3209837268109193,0.1478775114350589,0.2188323286506271,0.1085384143147619,0.3085103655611003,0.1333453346805833,0.1873847615243829,0.0976724948401281,26488,25099,58,0.9045793905403028,0.2960318230364859,0.9075989755845691,0.2669362123264084,0.3912468860865455,0.691085003455425,,ok,
Exathlon_id_11,Exathlon,DLinear,46660,42586,0,0,2928,43732,0.6023703729282172,0.3357567673704911,0.4117402595495065,0.306655259761095,0.5070953227201863,0.323527637001097,0.3139284502946121,0.2986961461844343,31780,30824,27,0.9937046464456384,0.8494069822700793,0.994320690890704,0.8412995506815603,0.91775656976562,1.0,,ok,
Exathlon_id_12,Exathlon,DLinear,46660,42586,0,0,2928,43732,0.7688537057485698,0.321387617086972,0.4175961227865897,0.296772299084278,0.4467369790708099,0.3001703271655961,0.3295947745363378,0.286583291442139,31780,30824,27,0.9950397312568008,0.883990470763797,0.9956126662823528,0.8733797576974113,0.9315558150756734,1.0,,ok,
Exathlon_id_10,Exathlon,DLinear,46660,42586,0,0,2928,43732,0.5257496887705759,0.3174286343110949,0.4075606091833808,0.3083451778677273,0.4707907869951437,0.3094807697285096,0.3454106285760634,0.3015363251523567,31780,30824,27,0.997028379263862,0.946505557089233,0.9975195031647368,0.9419077875516922,0.930860014833465,1.0,,ok,
Exathlon_id_1,Exathlon,DLinear,43066,39262,0,0,5437,37629,0.7412639985187062,0.3758270429930902,0.6348702327828429,0.3221533785907008,0.5591999949329325,0.3595532954839259,0.4651189614797951,0.3152700550049717,26576,25907,30,0.9968931790342282,0.951849564061612,0.9972245757144658,0.9455166381642814,0.976043453750742,1.0,,ok,
Exathlon_id_13,Exathlon,DLinear,43066,39262,0,0,5437,37629,1.204202529296294,0.3857223571259279,0.6107200664168271,0.3222940642282919,0.6766189123975823,0.3660667332765716,0.4195039985323276,0.3150169775186639,26576,25907,125,0.9932702718392706,0.918978983038298,0.9948615860496944,0.8926603472037614,0.9652076912847124,1.0,,ok,
Exathlon_id_14,Exathlon,DLinear,46660,44228,0,0,5817,40843,277.29862410734484,0.8490563127707271,0.3253084115138253,0.4155191490458848,0.7879732395391674,0.3908943050313881,0.3132447024075051,0.3692909832872662,34550,32828,125,0.9605788011637886,0.8656474559684634,0.9770431532987311,0.8364710367562463,0.8908996013481518,0.9868521503096108,,ok,
Exathlon_id_2,Exathlon,DLinear,46656,42876,0,0,3787,42869,0.1014361256939351,0.1700918347301389,0.06799838432611,0.1594411085223766,0.098398848800407,0.1666231839620672,0.0638276222717492,0.1547263062092424,32085,31224,10,0.9745902124195424,0.8442749327961667,0.9756713975134548,0.841197777904423,0.9299845512796614,0.9990766389658357,,ok,
Exathlon_id_18,Exathlon,DLinear,46660,42586,0,0,2928,43732,0.7304708990868187,0.327275582325859,0.4121759085978742,0.3168225195020762,0.45593908916409,0.3076592328562863,0.3443883769160322,0.3067873849121859,31780,30824,27,0.9962909095714132,0.9260057154967062,0.9969014567659116,0.9158415851061884,0.9321900493344512,1.0,,ok,
CATSv2_id_1,CATSv2,DLinear,100000,94455,0,0,2000,98000,0.1119988574141072,0.0901250197670684,0.0105925016819447,0.0488665601468113,0.1074118910311934,0.0893905081235998,0.0036435656092806,0.0473622110282234,81332,80471,97,0.4965812295918367,0.0500109091489816,0.4985282792983166,0.0764868586755683,0.1850330572574827,0.2608695652173913,,ok,
Exathlon_id_19,Exathlon,DLinear,46660,42586,0,0,2928,43732,0.7144021374091121,0.3668101167820308,0.4255740413999773,0.3181571831261548,0.6312072487146089,0.3546803556079916,0.3744510335569412,0.3108292935139146,31780,30824,27,0.993866133651116,0.8488902917441988,0.9944964907196574,0.8389656500044349,0.9276448543815934,1.0,,ok,
Exathlon_id_20,Exathlon,DLinear,46650,43406,0,0,3891,42759,0.0674286150092145,0.116718050132988,0.0521213316035426,0.1056575974881154,0.0549441250857092,0.1119203223605527,0.0357971416601231,0.1018009505575343,33761,32613,10,0.9826815576779024,0.8810693981798035,0.9839910516936814,0.8763202825360101,0.9194859934925596,1.0,,ok,
Exathlon_id_21,Exathlon,DLinear,46649,43979,0,0,4856,41793,184.41566249940152,0.5498073204280982,0.1593301414337884,0.2287842889195974,0.1523191936300767,0.1849322962285238,0.1540361683771081,0.2129858994481391,34708,33273,125,0.9724066490368256,0.7917156442560057,0.9795971922401038,0.7385458656868774,0.8759463227464376,0.9714914474342302,,ok,
Exathlon_id_23,Exathlon,DLinear,46660,42586,0,0,2928,43732,0.5684489010551714,0.3136385304160283,0.3923100436755952,0.2886347832098942,0.460238372766824,0.3023842204401284,0.3337141797616613,0.280982298636757,31780,30824,27,0.9926671313699588,0.84390395010745,0.9932660712512426,0.8384743245441192,0.9080996802131942,1.0,,ok,
Exathlon_id_22,Exathlon,DLinear,43066,39262,0,0,5437,37629,1.1798602562490228,0.3801101420335574,0.6066148880958689,0.3498676486154166,0.669985915006477,0.3613353069975325,0.4438055963974517,0.3424018428039129,26576,25907,125,0.9884506157869104,0.8640001863216895,0.9900607477381844,0.8377245644796003,0.9449708770869252,1.0,,ok,
Exathlon_id_24,Exathlon,DLinear,43066,39262,0,0,5437,37629,0.7702757538992993,0.3955909068444472,0.6025256176989463,0.3520318384373634,0.6712459780424439,0.3839519899409735,0.4153355844284658,0.3523005002281109,26576,25907,125,0.9882264295966868,0.8555231131330717,0.9898384546761309,0.8279529703100772,0.949509571232198,1.0,,ok,
Exathlon_id_27,Exathlon,DLinear,43066,39262,0,0,5437,37629,1.0790504477501015,0.440233944414989,0.6119338780021651,0.4047886010636012,0.7534672639059403,0.4226034306470644,0.4742206050966636,0.4042282476625295,26576,25907,125,0.9721537544224118,0.7632251315017015,0.9738673379826612,0.7409163617518867,0.8636131780570646,1.0,,ok,
Exathlon_id_3,Exathlon,DLinear,43066,39262,0,0,5437,37629,0.9875404978175222,0.4686172779630019,0.645236382537864,0.4056845866711164,0.8109801492794835,0.4512713321716721,0.6055969081384331,0.4003353908366629,26576,25907,125,0.9903518897628416,0.8743960326252996,0.991957655605494,0.8399599226551075,0.9582912087195232,0.9999080459770114,,ok,
Exathlon_id_4,Exathlon,DLinear,46660,42586,0,0,2928,43732,1.3332268799894502,0.3353800709795986,0.4335514489819226,0.3137798223740606,0.4425415232579399,0.2995668417757015,0.3763454347938123,0.2984546095295909,31780,30824,27,0.9941737934083356,0.8476834217978031,0.9948120288338734,0.8340572822804512,0.9281338201920252,1.0,,ok,
Exathlon_id_6,Exathlon,DLinear,46660,42586,0,0,2928,43732,1.897173632680216,0.4805516317961135,0.6144886927227549,0.480553987466283,0.7770955069549881,0.4566408608293491,0.6072843113037595,0.4769193773927782,31780,30824,125,0.990414565255638,0.8808851936874719,0.9945053389303632,0.8355532088279509,0.8894430577314404,1.0,,ok,
Exathlon_id_8,Exathlon,DLinear,46655,42582,0,0,2948,43707,0.3318763666156835,0.2476561914936889,0.1817339944093123,0.2583792600846843,0.321062348179893,0.2441138249175577,0.1743176630577048,0.2572661599118165,31757,30801,10,0.9763444258561677,0.6393866570389007,0.976339235386346,0.6420877370677167,0.7681649990036952,1.0,,ok,
CATSv2_id_4,CATSv2,DLinear,195000,181907,0,0,5900,189100,0.1052516543441522,0.0831088455999983,0.0029116951604583,0.0400725438567149,0.103835663834708,0.0826410727748108,0.0023361905519293,0.0369343542325304,147273,144116,73,0.7930556099812673,0.2780579139126876,0.7420538630097897,0.4073425125692082,0.5186616954181751,0.7150660442943688,,ok,
Exathlon_id_15,Exathlon,DLinear,129197,124861,0,0,16105,113092,15314804749756.637,436892.5378734248,0.7751639749381232,0.3303421352038952,13157818460751.818,413236.7596398788,0.3626223263707556,0.3041301834774823,100454,97871,125,0.9684858161488048,0.7502832385065182,0.977420601215144,0.72192775148179,0.8648584018502187,0.5760709010339734,,ok,
Exathlon_id_7,Exathlon,DLinear,43066,39262,0,0,5437,37629,0.8250053538610682,0.3627230181891705,0.6136763421590422,0.3190380745716485,0.6451681616070392,0.3507531156694738,0.4155922644702273,0.3138622323384095,26576,25907,125,0.9894119070688658,0.8670834157435362,0.9910416789091416,0.840098131038108,0.9505653496293032,1.0,,ok,
Exathlon_id_9,Exathlon,DLinear,43066,39262,0,0,5437,37629,1.20115425971545,0.3868288945944493,0.6106046762577709,0.3464270936942452,0.6639091750654316,0.3650927286204533,0.4322330786860866,0.3376419015367514,26576,25907,125,0.9915861284401326,0.888123155805776,0.993285357066773,0.8528502481795547,0.9448953536059064,0.9936038011695908,,ok,
CATSv2_id_6,CATSv2,DLinear,200000,184426,0,0,4000,196000,0.1034853912693812,0.0823005336559015,0.0040015345699257,0.0427506563645481,0.1035507554997792,0.0823055281134045,0.0033118598448258,0.0425228934229777,145713,143609,189,0.695496912627551,0.2480003752998271,0.7200508909255114,0.3124250659650531,0.4640121371334255,0.7025045815516188,,ok,
Exathlon_id_17,Exathlon,DLinear,129197,124861,0,0,16105,113092,17675974982988.605,568548.7582601693,0.5464832525369102,0.3156986807544271,15503595144782.4,550133.9742316725,0.3693789719097589,0.2980679773166182,100454,97871,125,0.9699742055145064,0.7906795512745657,0.9793788962210442,0.7635419286725548,0.8642103271488597,0.4489737606552693,,ok,
Exathlon_id_25,Exathlon,DLinear,129197,124861,0,0,16105,113092,15520417572855.115,501412.2235057375,0.6041604116483255,0.307076781196512,13864501405123.574,488024.27523335855,0.3630302346944872,0.2889125194258415,100454,97871,125,0.9663142196664528,0.7740764831442695,0.9758448629288756,0.738693281754425,0.8428697026811286,0.7688049373480457,,ok,
Exathlon_id_26,Exathlon,DLinear,129197,124861,0,0,16105,113092,31875520517250.133,868781.6193339245,0.3995717695749694,0.309759999951483,29037313527010.52,844851.528471551,0.3709868220223651,0.294160527222605,100454,97871,125,0.9685284609685452,0.7640969064873461,0.9779858426162154,0.7350717889746998,0.8566723154301858,0.6863388853299167,,ok,
Exathlon_id_5,Exathlon,DLinear,129197,124861,0,0,16105,113092,40580823994219.32,944174.7300586948,0.7474458285127618,0.3163621514942834,36057747031692.14,909167.650782104,0.3808438037623806,0.2694233526792747,100454,97871,125,0.9651756868184556,0.7334946409932174,0.9740195102093198,0.7053319471683465,0.8374275838989471,0.5772998389133179,,ok,
GECCO,GECCO,DLinear,138521,133097,0,0,1726,136795,0.2199877707460739,0.2155834979919418,0.2207460179252637,0.1611394578929481,0.1529142951062213,0.2106011519618608,0.0888582405823483,0.1522174599051959,120361,107655,57,0.7115815983834868,0.0620696680415916,0.590836063419657,0.34814542643625,0.4496665823107945,0.5665839536807279,,ok,
GHL_id_1,GHL,DLinear,200001,184427,0,0,1850,198151,0.0161533083401705,0.024609355635588,0.0037836411696307,0.0169762470382444,0.0160766552009882,0.0245301761630697,0.0037973013621028,0.0168668399308366,147864,147332,125,0.3249466316092273,0.0141231981967184,0.3262935031859025,0.0133547008547008,0.0263571463332739,0.0263427692658199,,ok,
GHL_id_15,GHL,DLinear,200001,184427,0,0,1239,198762,0.0133330961697538,0.012905371646162,0.0023206818034408,0.0081491050960736,0.0133335742358727,0.0128925014832744,0.0022658097759767,0.0081069124052993,148475,148093,125,0.8163240872623817,0.0261050452031091,0.8163326461128656,0.0244213987300924,0.0549318532663855,0.071924070472818,,ok,
GHL_id_13,GHL,DLinear,200001,184427,0,0,1849,198152,0.0143249195250505,0.0141987897717547,0.0015749115179916,0.0066583838961393,0.0142628516699896,0.0141667039099925,0.0015691661264548,0.0066490400157271,147865,147332,125,0.734405910614074,0.034006789325502,0.7361559347253265,0.0321554032903203,0.0623066868697901,0.0621867958160965,,ok,
GHL_id_11,GHL,DLinear,200001,184427,0,0,1546,198455,0.0421900562747321,0.0795878705887702,0.0056694188623032,0.0482728550244896,0.0421225833578417,0.0795530609603321,0.0056201066271029,0.0482829427786036,148168,147499,125,0.7526176779007223,0.0257417220662254,0.7467155486725965,0.0213373543134014,0.052839734383815,0.0528086625335177,,ok,
GHL_id_10,GHL,DLinear,200001,184427,0,0,1855,198146,0.0147833564036487,0.0190270849414524,0.0028858244525986,0.0079455882345892,0.0147889459512383,0.0190465560399322,0.0028961397619387,0.0079727918590696,147859,147332,125,0.2946623610573521,0.0134183842274892,0.2954482711368527,0.0125135903760661,0.0253162057387281,0.0253033330832554,,ok,
GHL_id_12,GHL,DLinear,200001,187445,0,0,1051,198950,0.0192252150756103,0.0381112757027704,0.0037021409365778,0.0231558984974826,0.0191988808377267,0.0380966117643561,0.0037088284648712,0.0231455738730795,158912,158625,125,0.1803446926047763,0.0055950002819267,0.1831716410204756,0.0054191318504794,0.0114304465115202,0.0128680746862565,,ok,
GHL_id_14,GHL,DLinear,200001,184427,0,0,1771,198230,0.0247075135861104,0.0582181935725526,0.0052365585177429,0.03994693410503,0.0246180705191567,0.0581020509288566,0.0051715334883169,0.0397599211793243,147943,147407,125,0.4212606568127932,0.0159938314334457,0.4222891529816475,0.0151002276544767,0.029750912251899,0.0297152636789207,,ok,
GHL_id_17,GHL,DLinear,200001,184427,0,0,3583,196418,0.0156150980155305,0.0272720982235677,0.0033875011504837,0.0182101522611432,0.0154551958998087,0.0272163564053177,0.0032714551919407,0.018145795416145,146131,145332,125,0.775305725544502,0.0769291854891279,0.7769584567885759,0.0726141499300812,0.1353953291743703,0.1353454463037812,,ok,
GHL_id_16,GHL,DLinear,200001,184427,0,0,2728,197273,0.0176944185636694,0.0361399125578358,0.003098522361984,0.018704850199505,0.0176640336795861,0.0361428182630102,0.003109241423227,0.0187144309791007,146986,146332,125,0.3875016783089626,0.0229318054373041,0.3887655306046825,0.0215765394994328,0.04240823453344,0.0423842705881439,,ok,
GHL_id_2,GHL,DLinear,200001,184427,0,0,1847,198154,0.0146041570545268,0.0200793477553958,0.0026116615244166,0.0115109314119718,0.0145174296877792,0.0200450553903014,0.0025775844084059,0.0115349406745353,147867,147332,125,0.2511054797010844,0.0127767487931356,0.2520442296911121,0.0119774080185169,0.0241052674875148,0.0236142452582927,,ok,
GHL_id_19,GHL,DLinear,175001,161301,0,0,1129,173872,0.0656306783834619,0.1156761927128511,0.0100974161609281,0.0684032534092398,0.0656379149642733,0.1156341352211416,0.0100359103065788,0.0682559361805957,129835,129453,125,0.3410282987768284,0.0089436709509834,0.3434993170183286,0.0087531694235165,0.0185457128392535,0.0185261154231141,,ok,
GHL_id_18,GHL,DLinear,200001,184427,0,0,5549,194452,0.0134841058925128,0.0195491836020057,0.0022030029473624,0.0099651954556589,0.0133730691461744,0.0194952012428008,0.002200367913384,0.0098241327447152,144165,143337,125,0.5537639108880341,0.0618510144012327,0.5554843211192225,0.0595654694175486,0.1124327075074547,0.1122870209235501,,ok,
CATSv2_id_2,CATSv2,DLinear,195000,192748,0,0,6600,188400,0.1019806672799853,0.1132860949074083,0.0138647940935585,0.0556632346421281,0.1018160186343072,0.1131608775952836,0.0139758686354091,0.055505627116917,182708,179838,125,0.4122464698738982,0.0316785881667469,0.283674951963243,0.0272189610685578,0.0679862380381108,0.0689885855249404,,ok,
GHL_id_20,GHL,DLinear,200001,184427,0,0,1191,198810,0.0126227751425105,0.0143209356925072,0.0020792584445205,0.0069331275959263,0.0125935315675675,0.0143050516123438,0.0020802130530518,0.0069273735804669,148523,148141,125,0.364438408530758,0.0095617263260033,0.3647351119624308,0.0091526674146596,0.0181391319956525,0.0180916430584142,,ok,
CATSv2_id_5,CATSv2,DLinear,350000,340214,0,0,17100,332900,0.1088746963093925,0.1040073702344947,0.012029137796235,0.0750562505830884,0.1085917789599498,0.1039066269533228,0.0120004210513965,0.0750972769024984,302096,298365,296,0.6423674230007782,0.1823055852517242,0.6120789648171897,0.2680340467197463,0.3316752608879712,0.7327886271205071,,ok,
GHL_id_21,GHL,DLinear,200001,184427,0,0,971,199030,0.0199198416640479,0.0435243585158111,0.0036650386256223,0.0271169963396562,0.0198670512836969,0.0435092049909706,0.0036738164102914,0.0271640023393823,148743,148361,125,0.4914661106365874,0.0097452825870362,0.4923335979199563,0.0092388201712654,0.0183083100750074,0.0183012448993054,,ok,
Genesis,Genesis,DLinear,16220,14429,0,0,50,16170,0.2765155975513962,0.2025874482043818,0.1031599724508556,0.1468649890221844,0.2809901704511639,0.2032550105876988,0.1032602457000828,0.1466426391384079,11828,11163,125,0.955917130488559,0.3068245412910074,0.991781288476288,0.0948694115343615,0.2385935980652453,0.6153846153846154,,ok,
GHL_id_24,GHL,DLinear,200001,184427,0,0,1009,198992,0.0137654657441475,0.0106068024380369,0.0012131072011643,0.0057635388438463,0.0137317673007241,0.0105879199282749,0.0012116028835117,0.0057512317258439,148705,148323,125,0.5742793680147946,0.0119178853111502,0.574848362930878,0.0113206700400543,0.0223876727472448,0.0223873973818504,,ok,
GHL_id_3,GHL,DLinear,200001,184427,0,0,1919,198082,0.0149314526409392,0.0208073167949579,0.0028200591223298,0.0092099150592286,0.014881780640066,0.0207817259787962,0.0028299642321215,0.009211834080903,147795,147276,125,0.6010086731757555,0.0242436310510978,0.6015578243923638,0.0229693821367869,0.0449068329975698,0.0448747179253335,,ok,
GHL_id_25,GHL,DLinear,200001,184427,0,0,3144,196857,0.0343268512854738,0.072581158752287,0.0070484197168523,0.0475447427760091,0.0342464547406788,0.0724938658430698,0.0070082287359385,0.0475293006278262,146570,145899,125,0.5377456732552055,0.0344406780335737,0.5382057112489754,0.0327759476252032,0.0634709403251827,0.0634433771894422,,ok,
GHL_id_23,GHL,DLinear,200001,184427,0,0,3734,196267,0.0152734278631812,0.0287444181570716,0.0027918661848113,0.0147230484821916,0.0151721544940486,0.0286773661151897,0.0027493570620872,0.0146858251310436,145980,145165,125,0.6892002223646843,0.0527022397808525,0.6838816385509537,0.0422024596300713,0.1041523138790452,0.1040647687526998,,ok,
GHL_id_7,GHL,DLinear,200001,184427,0,0,1695,198306,0.0298627504937937,0.0693953733598913,0.0047908366813727,0.0457109605391747,0.0298138693889014,0.0694260170927896,0.0047720199380811,0.045647304856025,148019,147350,125,0.4974042618857832,0.0146436566945969,0.4908811865847859,0.0120767151316729,0.0308220813999004,0.0308134197442213,,ok,
GHL_id_6,GHL,DLinear,200001,184427,0,0,1866,198135,0.0144379799299061,0.0125490948092695,0.0016690443798752,0.0084630076757802,0.0143508976410207,0.0125041447983203,0.001674882491058,0.0084905517999676,147848,147332,125,0.3989224518636283,0.0161429481024578,0.4001265825151523,0.0152716737459795,0.0300836194346603,0.0300652541690163,,ok,
GHL_id_4,GHL,DLinear,200001,184427,0,0,2713,197288,0.0277285985846594,0.0606503610803839,0.0047987490679413,0.0339541706680524,0.0276538034566796,0.060614370272943,0.0048134473962592,0.0339986038941402,147001,146332,125,0.4467504359109525,0.025165239631832,0.4471195652027948,0.0237663486723958,0.0464287902396169,0.0464232852217212,,ok,
GHL_id_5,GHL,DLinear,200001,184427,0,0,2283,197718,0.013989583701775,0.0209158716446986,0.002810222415985,0.0131878448537045,0.0139030952443201,0.0208921227000508,0.0027637755106272,0.0131161034496017,147431,146762,125,0.3411906196615338,0.0150970321122986,0.3335944625222189,0.0125887673143509,0.0322639015046326,0.0322462181669232,,ok,
GHL_id_8,GHL,DLinear,200001,184427,0,0,1168,198833,0.0161126818253629,0.025319242704696,0.0037338411807237,0.0192436809629343,0.0160727281336518,0.0252883072514903,0.0036953763475954,0.0192646117269373,148546,148164,125,0.3013735144568557,0.0085400643349476,0.3020757384034506,0.0081678321678321,0.0162031576319612,0.0153013768619076,,ok,
GHL_id_22,GHL,DLinear,200001,184427,0,0,6492,193509,0.0142952283248842,0.01678423592956,0.0025917431816357,0.0085509101599297,0.0141348064356553,0.016707123193113,0.0024870714830485,0.0085505747615287,143222,142099,125,0.6529032863876852,0.0876603388941106,0.6522301885723607,0.0758207247737645,0.1591161824879614,0.1591078978003798,,ok,
LTDB_id_5,LTDB,DLinear,100000,94775,0,0,505,99495,0.3024885212195439,0.3197114906780587,0.302488521219545,0.3197114906780645,0.3023214130114118,0.3190923944343695,0.3023214130114125,0.319092394434375,83777,82171,7,0.6309421588925062,0.0111994745067574,0.5765907985301858,0.0114970113595891,0.0505609955209716,0.3653198653198653,,ok,
CATSv2_id_3,CATSv2,DLinear,400000,390933,0,0,28000,372000,0.1203734727942082,0.1346547487429762,0.0288779120641067,0.0985548359634762,0.120204640230927,0.1345009499396891,0.0287725323370277,0.0984268100110654,343593,336418,125,0.6044185561155914,0.0948280001696282,0.5429733914472086,0.1123405610998377,0.1737897875575141,0.2549626661810235,,ok,
GHL_id_9,GHL,DLinear,200001,184427,0,0,2387,197614,0.0249084029126749,0.0534080469428093,0.0038429171433816,0.0352512186853497,0.0248006932352345,0.0533387358181806,0.0037975201265831,0.0352257934262443,147327,146658,125,0.4684723883708088,0.0194433700525431,0.4618759722731942,0.0162218774706333,0.0414675635205058,0.0414398930583405,,ok,
MITDB_id_10,MITDB,DLinear,150000,138176,0,0,574,149426,0.0101033281720679,0.0765664459452199,0.0101033281720678,0.0765664459452196,0.0100728540200272,0.0764658052037307,0.0100728540200271,0.0764658052037305,111639,110970,255,0.6720073786654259,0.0253711457667555,0.7480216630904348,0.0774259032998006,0.1490826835538388,0.6666666666666666,,ok,
MITDB_id_5,MITDB,DLinear,100000,91926,0,0,465,99535,0.0122329699159288,0.0826633633729345,0.0122329699159289,0.0826633633729282,0.0121930890696029,0.0825459330541939,0.0121930890696029,0.0825459330541876,74248,73866,271,0.7643223354188373,0.0672221185627709,0.8537496923041427,0.1525705549063467,0.2203356435438641,1.0,,ok,
MITDB_id_6,MITDB,DLinear,200000,184426,0,0,353,199647,0.0466898413746121,0.1484673554701615,0.0466898413746121,0.1484673554701575,0.0466917562212277,0.1484597355277656,0.0466917562212277,0.1484597355277617,149360,148978,125,0.8427369916968606,0.1918105355174687,0.8812070543013867,0.5993014142992983,0.6930986842776916,1.0,,ok,
MSL_id_1,MSL,DLinear,1827,1253,0,0,11,1816,0.1956125762387336,0.1016750934784225,4.163707934115579e-06,0.0020405165851116,0.2048799290123023,0.1024242522144509,4.163707934115579e-06,0.0020405165851116,1029,647,125,0.7288245895074088,0.1592181149724194,0.9344278850491944,0.0195546597833549,0.0606016164875181,0.4782608695652174,,ok,
MSL_id_10,MSL,DLinear,6100,5068,0,0,131,5969,23141.522687945115,11.851872584916611,4.070887477716674e-07,0.0006380350678227,20411.41637481521,10.40232036441586,4.07088747771661e-07,0.0006380350678227,4157,3775,125,0.7441539557433507,0.0552033573169507,0.7679918868043404,0.0404365461664101,0.1310456767940744,0.1599511599511599,,ok,
MITDB_id_9,MITDB,DLinear,100000,91926,0,0,433,99567,0.0235442730945926,0.1056340045929715,0.0235442730945927,0.1056340045929682,0.0235266612271124,0.105577182244269,0.0235266612271126,0.1055771822442656,74280,73898,119,0.8148321493034817,0.0136172914466612,0.8347800320767117,0.012495709711292,0.0301177535281734,0.6900398406374502,,ok,
MSL_id_12,MSL,DLinear,2218,1644,0,0,26,2192,0.1680446380726989,0.0643164913759995,1.702768990913985e-05,0.0041264621540904,0.1736653718812194,0.0641900300859817,1.7027689909139967e-05,0.0041264621540904,1351,969,125,0.7870051937113982,0.1060457063315455,0.9169869613389692,0.0345531320936741,0.1045723423376274,0.5977011494252874,,ok,
MSL_id_11,MSL,DLinear,2156,1582,0,0,101,2055,0.1469763432428038,0.0766000881960116,1.711554015607422e-05,0.0041370932012796,0.1125135988465056,0.0689054969709641,1.711554015607422e-05,0.0041370932012796,1229,847,244,0.8832020428320204,0.6851231349189357,0.9645459226020624,0.3928197325940635,0.417716906796639,1.0,,ok,
MSL_id_14,MSL,DLinear,2303,1729,0,0,301,2002,0.229129800706746,0.0803537261393712,6.37490023437659e-06,0.0025248564779758,0.2432086324903529,0.0802851416053452,6.37490023437659e-06,0.0025248564779758,1140,758,15,0.6165869014706225,0.2018308621534253,0.6259843984841981,0.1983000422732513,0.2875270806997596,1.0,,ok,
MSL_id_15,MSL,DLinear,1096,522,0,0,112,984,1591.5066042502297,3.667017808511309,3.048065317047544e-05,0.0055209286510944,,,,,204,0,9,0.8569840664924506,0.3113347056359569,0.8516786978284461,0.2692773404966245,0.4988084463832796,0.7714285714285715,,ok,
MSL_id_13,MSL,DLinear,6100,5068,0,0,181,5919,12418.09787396521,8.634403526070896,8.245880516978193e-06,0.0028715641237795,10893.188293954729,7.538155260683134,8.24588051697838e-06,0.0028715641237795,4107,3725,125,0.7304363978161907,0.069581055881745,0.7621102814154416,0.0529670743233211,0.1693290514921335,0.2126909518213866,,ok,
MSL_id_16,MSL,DLinear,2049,1475,0,0,181,1868,15.560916877490328,0.211258325874391,1.2938400015871654e-05,0.0035969987511634,0.3675565583581699,0.140339045825604,1.2938400015871654e-05,0.0035969987511634,1069,956,125,0.6566230316940149,0.1848333305814397,0.7376559644997983,0.1420767071196053,0.245818116325342,0.9757412398921832,,ok,
MSL_id_2,MSL,DLinear,3535,2961,0,0,228,3307,0.142672746611367,0.0477607879369051,9.783740108210148e-07,0.0009891279041767,0.1335351222251647,0.047223004386431,9.783740108210148e-07,0.0009891279041767,2137,1495,40,0.7245031803882249,0.2158426376686694,0.7587843515934263,0.1956216230815472,0.3091198810630543,0.9620253164556962,,ok,
LTDB_id_1,LTDB,DLinear,100000,98340,0,0,14781,85219,0.8186042363812626,0.4465843066613472,0.8186042363812676,0.4465843066613421,0.5212231360915974,0.3434626154591522,0.521223136091596,0.3434626154591536,81409,66535,100,0.8566612492400191,0.6019979597813104,0.9166165146768424,0.4573364771945624,0.5169228860324527,0.9014084507042254,,ok,
MSL_id_3,MSL,DLinear,2430,1856,0,0,121,2309,0.1611769678327865,0.0468251460351914,4.234867237795023e-05,0.0065075857564806,0.1458526018185768,0.0449212600003056,4.234867237794965e-05,0.0065075857564806,1613,1392,125,0.3748375920311823,0.1057216018795569,0.3835407450432851,0.0734223300970873,0.1367991778120687,0.1044454035390591,,ok,
MSL_id_5,MSL,DLinear,5054,4135,0,0,423,4631,0.2343538976344001,0.0584153339900675,8.535637107343064e-06,0.0029215812683105,0.2246811446903564,0.0577866731153166,8.535637107343064e-06,0.0029215812683105,3381,2520,9,0.3033041794097032,0.0637034719825121,0.312896786313766,0.0623381811339066,0.1612193778605465,0.4910040626813697,,ok,
MSL_id_4,MSL,DLinear,3422,2848,0,0,71,3351,0.1137394520586486,0.0416250623161411,1.405880778074936e-06,0.0011856984347105,0.1188434516467533,0.0418926820996296,1.405880778074936e-06,0.0011856984347105,2209,1827,228,0.5934722029581248,0.069905197977528,0.7544641837162304,0.0290596811108931,0.0677918173454559,0.9281045751633988,,ok,
MSL_id_6,MSL,DLinear,3922,3054,0,0,151,3771,0.1158710996471618,0.0423618198741272,3.980954275625316e-08,0.0001995232887566,0.1078347058888652,0.0399338645178361,3.980954275625316e-08,0.0001995232887566,2504,2188,260,0.8362204765893776,0.5460796817830088,0.9515713036936504,0.4367012987583233,0.5830854504917258,1.0,,ok,
MSL_id_7,MSL,DLinear,2625,2051,0,0,222,2403,0.4633753033464871,0.1189789787389994,0.0017437879569023,0.0320932656501049,0.3616294062689028,0.1096762543725304,0.0009668190974987,0.0310937147587537,1460,929,181,0.8859449336977427,0.4798955994803111,0.9259788759233292,0.3524295081387437,0.4751636014601971,0.950354609929078,,ok,
MSL_id_8,MSL,DLinear,2856,2282,0,0,21,2835,1.8537022033134445,0.1894968112283063,1.4954808103005949e-05,0.0038671446964144,1.9957039833346004,0.2010606485511533,1.4954808103006016e-05,0.0038671446964144,1834,1452,125,0.407827328462249,0.0125368254466359,0.5072891964168261,0.0061696019443193,0.0191429279964332,0.0282447881640887,,ok,
MSL_id_9,MSL,DLinear,2217,1643,0,0,69,2148,0.1935069432912134,0.0877209564273944,6.06224581643445e-05,0.007786042522639,0.1844657712814692,0.0865659008137472,6.062245816434304e-05,0.007786042522639,1307,925,70,0.8001308935848649,0.1071793018715009,0.8467454345218111,0.0830134361606433,0.1739092935591185,0.971830985915493,,ok,
OPPORTUNITY_id_2,OPPORTUNITY,DLinear,5162,4274,0,0,469,4693,17808604.383901425,134.60153146203209,1.7356253504713908,0.928951004642522,17570740.471650247,136.0065521128104,1.7008829138141344,0.9238060620788952,3548,3261,35,0.1887947707809617,0.0656436783557181,0.1915322646661353,0.0636133825650959,0.1755223509141828,0.1666074600355239,,ok,
MITDB_id_7,MITDB,DLinear,150000,138176,0,0,3696,146304,0.025313275978617,0.1193984337408113,0.0253132759786171,0.1193984337408087,0.0252921785701686,0.119355770179767,0.0252921785701686,0.1193557701797643,108517,106806,240,0.8286737003518498,0.2692234349955677,0.8794247220047452,0.1947405930252607,0.2751779326004215,0.9002557544757033,,ok,
OPPORTUNITY_id_5,OPPORTUNITY,DLinear,6980,5882,0,0,480,6500,13.895968769770564,0.4914529412629451,0.2931370294816702,0.2814748986322496,4.70699951813142,0.4298971639971373,0.1491264733331761,0.2256740988571416,4468,4373,125,0.9931403846153848,0.9114441325816284,0.99526269088449,0.874677252313572,0.9134108319925304,1.0,,ok,
OPPORTUNITY_id_4,OPPORTUNITY,DLinear,9323,8749,0,0,438,8885,12976455.735917136,100.315822235922,0.8219409582311029,0.544151265646184,13458101.242235623,103.5327416453936,0.8126685883889038,0.5420498968951933,7890,7603,125,0.5440456826573955,0.1279122473618571,0.5865043516472933,0.1023792814342535,0.270935203655211,0.6827747466874513,,ok,
OPPORTUNITY_id_1,OPPORTUNITY,DLinear,24693,23578,0,0,721,23972,7857574.518525002,66.99570942139815,4.628713220243521,1.241752690171801,7938582.189896661,67.71184280246463,4.376548994204484,1.224509234987123,22071,21497,34,0.4510133528413754,0.03780661977356,0.4466839438835827,0.0322225275795843,0.122412315049583,0.2036843934654153,,ok,
OPPORTUNITY_id_3,OPPORTUNITY,DLinear,28066,25387,0,0,330,27736,5.965266831301128,0.6494078566210537,0.1859065215458607,0.2257421110248991,5.894046623781924,0.6443973385137564,0.1756689718266126,0.2241920270971244,20433,20051,36,0.8986376965501568,0.0530671960775261,0.9015257947865862,0.0498034442164226,0.1308698990831146,0.1273393787381825,,ok,
OPPORTUNITY_id_6,OPPORTUNITY,DLinear,16515,15497,0,0,355,16160,14135855.248335157,120.329425536759,1.6048599722470391,0.8408087448421104,14292984.414482355,121.5977833818938,1.590748615441565,0.8285933812937063,14583,14296,125,0.2366375854134708,0.0179651346481496,0.2622428317252254,0.0160549007923375,0.0437214764012986,0.0755721128259712,,ok,
OPPORTUNITY_id_7,OPPORTUNITY,DLinear,21706,20506,0,0,818,20888,10613126.985611834,89.66295819938752,4.301214326903291,1.0648842476908325,10665636.61375666,90.74038040813248,4.265742697303608,1.0646138126691436,18703,18129,125,0.5933296067792928,0.0669528039245032,0.6431115956716648,0.0523657602030768,0.1501090441218764,0.7468430547203848,,ok,
SMAP_id_1,SMAP,DLinear,8209,7019,0,0,1121,7088,0.5689704762913375,0.2264271257748232,0.3206860696613685,0.0832027372152562,0.4545173078980705,0.2182487010094018,0.3485237164731983,0.0861529882001317,4749,4367,37,0.9723962098497192,0.9433636483705036,0.9764499860200924,0.939414259173366,0.8946634045172415,1.0,,ok,
OPPORTUNITY_id_8,OPPORTUNITY,DLinear,26969,25946,0,0,625,26344,10418904.745587109,85.19579045349684,3.4131275460772645,1.0007183415848524,10660525.143008351,86.94370451909955,3.425695638723468,0.99679180186731,24749,24175,35,0.2889188581840267,0.0170082919705972,0.2428006904664485,0.0160643305172812,0.0457753611241859,0.0586138985276188,,ok,
LTDB_id_4,LTDB,DLinear,100000,98089,0,0,16159,83841,0.1100048521887204,0.2171594988339955,0.1100048521887204,0.2171594988339976,0.0873883045716422,0.1926902653451686,0.0873883045716426,0.1926902653451699,79285,59454,115,0.7787103838593209,0.5037524163746887,0.8704674476400779,0.371728036391054,0.4667364667376377,0.9292300323314572,,ok,
SMAP_id_10,SMAP,DLinear,7361,6235,0,0,41,7320,0.600080238564461,0.2032454136219154,0.7632963283252671,0.1032291295192913,0.5807638039572813,0.2012147494623242,0.6848414379502645,0.1001841693289135,5193,4811,125,0.572266093562575,0.0126720569307363,0.7150923699911985,0.0068604275560257,0.0224693108535035,0.5466666666666666,,ok,
SMAP_id_12,SMAP,DLinear,7628,6481,0,0,51,7577,7.238626598327117,0.2844432273477786,0.9771701827644002,0.1422324528600055,0.6647996309350607,0.2181196114128088,0.8460517985189707,0.1471225934273644,5383,5001,6,0.8367427741850337,0.274877356029123,0.8461115299113605,0.3465655806569113,0.4303751706943875,1.0,,ok,
SMAP_id_11,SMAP,DLinear,8469,7259,0,0,121,8348,1.1824917126126455,0.3440790093458776,0.9181844156754296,0.1380760187943688,1.1616770333763642,0.3421800596036377,0.7151877702526716,0.137220692817213,5944,5562,95,0.5722952397169412,0.0199816606316132,0.5769311921609466,0.016464645688587,0.0599004090353885,0.0660120021822149,,ok,
SMAP_id_13,SMAP,DLinear,4693,3767,0,0,51,4642,599498.8228177469,118.43024986549064,8.32678321299185e-05,0.0091251209378242,595755.5379851835,116.89848449673332,8.32678321299185e-05,0.0091251209378242,3182,2800,125,0.5572902146640647,0.0203790253321382,0.5940033575935503,0.0121971111221758,0.0433026214525869,0.051179126944305,,ok,
SMAP_id_15,SMAP,DLinear,8300,7103,0,0,66,8234,5.037573180325442,0.2177852170958077,0.4278183865277778,0.09139700509628,0.3381523006248583,0.166863180985993,0.4411207498916882,0.0868711715359221,5872,5490,97,0.976929545638557,0.3496473079631148,0.9897335021044807,0.2603058847272934,0.3523271057515996,1.0,,ok,
SMAP_id_16,SMAP,DLinear,7029,5927,0,0,268,6761,0.0562889469435951,0.020994149565921,1.3264301554474778e-05,0.0036420188844203,0.0303535106545312,0.0138318538437261,1.3264301554474778e-05,0.0036420188844203,4717,3761,16,0.6995540158989109,0.1107346414113651,0.72084051857133,0.0993655239112675,0.2849705358678905,0.6015712682379349,,ok,
SMAP_id_14,SMAP,DLinear,8505,7293,0,0,322,8183,0.3165884406824731,0.1690748229318558,0.4441935660753728,0.0685172464432228,0.3352374846761228,0.1712474562508685,0.4521188724712391,0.0768617424662275,5770,5101,98,0.879665501042534,0.4410352865950898,0.9218309783582898,0.4219668177436624,0.5439689533502828,0.9048414023372288,,ok,
SMAP_id_18,SMAP,DLinear,8302,7105,0,0,351,7951,0.3674780477280909,0.1658578041645135,0.4007218280313638,0.0795439834539943,0.3738131547819724,0.1659719785367033,0.4125924968406116,0.0841249903919607,5589,5207,98,0.7931217596668483,0.1146280643643653,0.8213332135707421,0.0997166551637458,0.2380925817579486,0.9957446808510638,,ok,
SMAP_id_19,SMAP,DLinear,7632,6485,0,0,31,7601,0.1587101923382353,0.0266754886703251,2.319254410867999e-06,0.0015229098498821,0.0101420267009063,0.0161485343180255,2.319254410867999e-06,0.0015229098498821,5406,5024,87,0.6340676736083113,0.1819000042508579,0.8662622288219815,0.0972761746201291,0.1666642747256868,1.0,,ok,
SMAP_id_17,SMAP,DLinear,7331,6207,0,0,448,6883,0.3146578396013793,0.1846790517212379,0.2330302202493585,0.0637545764088488,0.3267427516991495,0.1864076824531045,0.2510075366681021,0.0569671522045788,4764,4382,125,0.936321014767232,0.8603117216827497,0.9611346825096452,0.8286744861627766,0.8153606122688636,1.0,,ok,
SMAP_id_2,SMAP,DLinear,8532,7318,0,0,623,7909,0.2756359521502192,0.1153962767851995,0.3293939002664972,0.0496691154696952,0.2666687974332798,0.1169052947854585,0.3366957516425591,0.0531682257973768,5489,5107,98,0.8026972948915096,0.6028278328158213,0.822974035563438,0.593154517044381,0.6243450755865436,1.0,,ok,
SMAP_id_23,SMAP,DLinear,4453,3545,0,0,41,4412,20884.41100596764,22.703017900554176,1.70966965697128e-06,0.0013075433671474,12372.468759909929,20.513266751675214,1.70966965697128e-06,0.0013075433671474,3012,2630,6,0.513615859186697,0.0151360368477847,0.5284614812657676,0.0120886282738244,0.0606038845593086,0.2918149466192171,,ok,
SMAP_id_20,SMAP,DLinear,8205,7015,0,0,186,8019,0.6991300058488291,0.2126546858577419,0.9927663792894222,0.1331761298353101,0.6648796692605469,0.2104740910619133,0.9856979129999476,0.1297168331490608,5681,5299,93,0.6896718412050948,0.1565152482245439,0.7481897056030501,0.0995229345237479,0.2360207367328946,0.984126984126984,,ok,
SMAP_id_21,SMAP,DLinear,7907,6740,0,0,51,7856,0.5473666738758315,0.1991972700918505,0.6619571055705197,0.1275394438449165,0.5304656925565341,0.1981498320046147,0.6657826220672138,0.1153693079125771,5593,5211,125,0.4526551455612795,0.0093011551547955,0.5873662924428238,0.0059789918052634,0.0171978427173505,0.4594594594594595,,ok,
SMAP_id_22,SMAP,DLinear,8516,7303,0,0,508,8008,0.2945123466858051,0.1568587808102493,0.3907411509150335,0.058181841292189,0.3129338581806209,0.1589868967011562,0.4016353096920275,0.064402255011924,5592,4923,98,0.770596775271972,0.2590453908886618,0.7563103347294095,0.2842962476630762,0.4179637503649808,0.9578313253012049,,ok,
SMAP_id_24,SMAP,DLinear,8376,7173,0,0,41,8335,0.311771355976094,0.1387718775126886,0.3107147839118964,0.0569020126074441,0.3133889855350166,0.1348585477861946,0.3062910449423578,0.0479963748210974,5954,5572,125,0.671865626874625,0.0149632149843876,0.6750221735561545,0.007601446712577,0.0291086943353373,0.0291089811856585,,ok,
SMAP_id_25,SMAP,DLinear,8579,7405,0,0,184,8395,0.0176527904477675,0.0332436040044189,0.0004680426647687,0.0216342937201261,0.0047388229791953,0.0311806090645546,0.0004680426647687,0.0216342937201261,6193,5723,99,0.7399898360825543,0.1254482599080886,0.841313810589475,0.1010725434802348,0.1699558463351486,0.7087719298245614,,ok,
SMAP_id_26,SMAP,DLinear,7244,6126,0,0,81,7163,5.589479276965225e-05,0.0067174624840773,5.086432553647721e-05,0.0071319229900836,5.25083253911047e-05,0.006679703353777,5.086432553647776e-05,0.0071319229900836,5065,4683,125,0.4503001535669412,0.0185297073298605,0.4530747258305497,0.0111816675869685,0.0221158222429811,0.0,,ok,
SMAP_id_27,SMAP,DLinear,8640,7418,0,0,85,8555,0.7314717743245616,0.2091984508739055,0.9327245307944808,0.1393237242774322,0.7158836016581989,0.2079338611755363,0.8793557987216799,0.1344786519260005,6108,5726,125,0.5494461443256438,0.0159940364046579,0.6354563660209734,0.0114742107379416,0.0308194307341046,0.6367041198501873,,ok,
LTDB_id_2,LTDB,DLinear,100000,99426,0,0,14857,85143,0.1768493472230649,0.3025826284619937,0.14432266540631,0.2762837417572425,0.1748251293950723,0.300773953464383,0.1396657697177252,0.2715819315232012,84507,47290,95,0.4263826220746716,0.1726122759137192,0.5030072266598383,0.127328879192383,0.2587020494871929,0.3842728184553661,,ok,
SMAP_id_5,SMAP,DLinear,8044,6866,0,0,71,7973,0.0011749549098477,0.0160045939994059,0.0002315671983542,0.0152173321694135,0.0006100502248644,0.0153845841954696,0.0002315671983542,0.0152173321694135,5675,5293,125,0.4502696601028471,0.0154437095844741,0.453012344631504,0.0088264545002486,0.0174982861907404,0.0,,ok,
SMAP_id_4,SMAP,DLinear,8640,7418,0,0,121,8519,0.5803228123120474,0.212221449934455,0.8569313458373619,0.1415544284294852,0.5989419078907227,0.2142350288710467,0.8687056656892725,0.1478005945412719,6072,5690,98,0.3191466037510707,0.0134702235512004,0.4130257439824029,0.0109365836800268,0.0357106372617667,0.7882736156351792,,ok,
SMAP_id_3,SMAP,DLinear,8514,7301,0,0,295,8219,0.304062806297072,0.1434217409666241,0.3420728491714555,0.0704466853293308,0.3226876863602646,0.1453060435853594,0.3500155956254789,0.0785506547111469,5804,5135,98,0.8224149913078626,0.2838548321321321,0.8388526528967669,0.2663006858196174,0.4204330524307906,0.8840579710144928,,ok,
MITDB_id_11,MITDB,DLinear,600000,584426,0,0,1750,598250,0.0176633491632821,0.0971001985812749,0.0176633491632823,0.0971001985812729,0.0171635614184611,0.0967283718521348,0.0171635614184613,0.096728371852133,547963,546433,59,0.8283662663721568,0.2245758922415212,0.8581746294421728,0.4386257325150064,0.4905189718434145,1.0,,ok,
SMAP_id_8,SMAP,DLinear,7884,6718,0,0,81,7803,4.314338973848892,0.2663881517712385,0.9867867386072364,0.1278354650090744,0.6863637797543951,0.2181540760419252,0.8439912842600674,0.134111017482236,5545,5163,125,0.571962667097017,0.1571714567478785,0.7503348682473107,0.1073285431705047,0.2280660619393821,0.9878048780487804,,ok,
SMAP_id_7,SMAP,DLinear,8310,7112,0,0,281,8029,0.291246072020198,0.1431315963360401,0.2697673895912672,0.0369365968521476,0.2921440738024746,0.1434435364545782,0.2892689832650134,0.0390315896650724,5665,5283,102,0.9480309146248764,0.5603873312445923,0.9714067209770564,0.4977456462417588,0.6279343904371066,1.0,,ok,
SMAP_id_6,SMAP,DLinear,8512,7299,0,0,583,7929,0.3244375528747401,0.1642461219608171,0.3920487924210992,0.0976509418253772,0.3485105992383622,0.1670923431129161,0.4064624679480479,0.1062735038804318,5514,4845,98,0.3953634821216686,0.0648543592409992,0.436308503475166,0.0564928071788862,0.1282011091282673,0.9449378330373002,,ok,
SMAP_id_9,SMAP,DLinear,8294,7098,0,0,321,7973,0.2967488510140029,0.1668292695290148,0.4244213302942818,0.0869533867344735,0.3068083744993287,0.168016977261556,0.4369971124688706,0.0900606014152746,5613,5231,98,0.8402632639050878,0.2200865945492087,0.8651749542532715,0.2131950350320313,0.3427024525205222,0.9801526717557252,,ok,
SMD_id_12,SMD,DLinear,28713,27809,0,0,303,28410,68.16614631524378,0.432932107616694,0.133992432253698,0.2597422621810822,0.5470139299344632,0.3072903618912584,0.1083618390923559,0.2482478985510453,27055,26063,10,0.7600805856720835,0.1584537810826481,0.5867803984099514,0.260213471107132,0.3717506197062875,0.5,,ok,
SMD_id_1,SMD,DLinear,23694,21761,0,0,542,23152,0.733210196744436,0.3397194127960747,0.5234600827486505,0.3444107114335655,0.7237618045569366,0.3328611331184755,0.5468472428765456,0.3380251549604828,18395,15818,30,0.7762435784559987,0.1331167608075288,0.7601161864124654,0.1532403903518864,0.2890575172520299,0.4853556485355648,,ok,
SMD_id_11,SMD,DLinear,22703,21535,0,0,1083,21620,3.830506446249669,0.3748386326405411,0.5162740977547964,0.3548881694536089,0.6373473656065642,0.3509632657752059,0.5071766478717121,0.3520714825633704,19540,17585,12,0.2315069192285451,0.0312048578081041,0.2159932457591543,0.0305686418191449,0.0922674904989788,0.0910657977717048,,ok,
SMD_id_17,SMD,DLinear,23706,21354,0,0,100,23606,51.76610078092807,0.6624332567856489,0.1572707740107572,0.2419554391687566,14.903875334313833,0.492107757440334,0.1262242640746022,0.2266093557967815,17393,15289,10,0.8798652884859781,0.0569651173756613,0.8749776873430677,0.0613069423677562,0.148862936210262,0.4081632653061224,,ok,
SMD_id_15,SMD,DLinear,28700,27793,0,0,308,28392,45.968033560194016,0.4342646646293963,0.1454051799881929,0.2807996808809038,0.8290469721951833,0.3431084075423281,0.1257111890961826,0.2733821210879922,27027,26035,10,0.8249346807039116,0.2100010834391368,0.6349469767424899,0.3710639461822154,0.4110813434798442,0.5773672055427251,,ok,
SMD_id_14,SMD,DLinear,28743,27848,0,0,424,28319,14.782877691703687,0.3617566475407325,0.046662758819576,0.1317949467739155,10.289750445412606,0.3114100460844701,0.0386665639097856,0.1283891621889244,26997,25136,125,0.7544808738982496,0.1901633647049849,0.7762940822707431,0.187193251713338,0.2423046816942113,0.5934959349593496,,ok,
MITDB_id_4,MITDB,DLinear,300000,284426,0,0,13293,286707,0.0272515636594702,0.1233817444266628,0.0272515636594701,0.1233817444266575,0.0274645321163441,0.1239609573597915,0.027464532116344,0.1239609573597873,236420,230974,125,0.5152888862686091,0.0533728286480453,0.5426025593033161,0.0492903116042994,0.0930868257188209,0.7845477146681966,,ok,
SMD_id_10,SMD,DLinear,23687,22322,0,0,977,22710,376.8881251692772,3.5133608596560357,0.2843070212447808,0.3753770566982612,375.9125014004552,3.4911475386751887,0.2569980968694564,0.3673606391959102,19976,17823,21,0.6875589460272304,0.1783499741290596,0.5074024973926429,0.496645012155485,0.5921669900212196,0.9374660141381186,,ok,
SMD_id_13,SMD,DLinear,23700,21348,0,0,2833,20867,9.261026503262514,0.4890887456245321,0.2518266470129481,0.2673154846197379,4.844453755779531,0.3639015625601265,0.206657263898376,0.2560103781970848,14655,11700,125,0.7062321703940058,0.238140749185887,0.766822975430208,0.1751586494722267,0.3318864512615027,0.2139324145742873,,ok,
SMD_id_20,SMD,DLinear,23703,21351,0,0,161,23542,24.305189207903883,0.4044991121936207,0.0441835717438657,0.1030554697155152,1.8481859190141,0.2806564050275302,0.0290894212089047,0.0999317707058631,17330,16948,9,0.983450484425615,0.5713314516320595,0.9854676834126744,0.4865616064864617,0.7465890806552539,0.9173789173789174,,ok,
SMD_id_18,SMD,DLinear,28696,25969,0,0,198,28498,159.99795210583173,1.7491953268306288,0.0216057483059822,0.0985288426415972,152.66027022035368,1.6718597074588315,0.0142028997300991,0.0944176520945497,21037,20324,125,0.8279542565808269,0.4834751941354483,0.9027408237728816,0.1514536388209941,0.3118229778804069,0.8198757763975155,,ok,
SMD_id_3,SMD,DLinear,23689,23115,0,0,269,23420,21815.17175484622,3.195836230797539,0.828312715841448,0.5632768907177973,30.16483630342423,0.5322998637627023,0.5925004053801082,0.5148029222091519,22379,19875,19,0.7396770307207324,0.0480647501009164,0.714890177409707,0.0359872349687804,0.1380918799128575,0.0636942675159235,,ok,
SMD_id_21,SMD,DLinear,21207,19725,0,0,688,20519,29.68372417113618,0.3882434833599345,0.2593317763254255,0.2719817293055232,0.2635202515975884,0.2081968846675889,0.0738153302229339,0.161034698158612,17259,14321,125,0.8434747658721298,0.2636475276263362,0.8644524647587909,0.1431971327187324,0.2989162909124183,0.1164556962025316,,ok,
SMD_id_16,SMD,DLinear,28479,25769,0,0,2694,25785,538.8650099843522,0.5648296278148414,0.1192291501067529,0.1795561695301868,1.7151510905501888,0.2363532869445805,0.1049671440442157,0.1683874590960204,18379,15988,279,0.9531477745775953,0.5937797446863252,0.9171565659648568,0.6168644877468772,0.7245246188382772,0.3411330049261084,,ok,
SMD_id_2,SMD,DLinear,28726,27825,0,0,1194,27532,2.3727505735770027,0.3064284572988228,0.0440972128559261,0.1527052468994658,1.1045135590648634,0.2607494900926801,0.0401428092607581,0.1466678314050505,26192,23188,125,0.9062484257697028,0.3390609770382386,0.8655950615963858,0.2701210043633091,0.3884783690437153,0.7034096216721158,,ok,
SMD_id_4,SMD,DLinear,28705,25978,0,0,434,28271,65.14069391913145,0.3665205997353802,0.029767105417352,0.1280454241410802,5.387217987925355,0.2085098765451914,0.0255609491977086,0.1260552152754258,20808,19278,125,0.9321910208422204,0.5734643387527859,0.9822691536163676,0.5188388242127435,0.5021851379192146,0.9245982694684796,,ok,
SMD_id_19,SMD,DLinear,23696,23122,0,0,417,23279,925.668929460164,0.9178902197045348,0.3999903990269127,0.3380482474572439,40.077613629999234,0.5303461590181637,0.2795517173857915,0.3365314289832463,22431,17130,104,0.8721371028096978,0.1411205222609317,0.8037954435334362,0.0939125815669001,0.2261877143477822,0.0345885865958858,,ok,
MITDB_id_8,MITDB,DLinear,400000,390277,0,0,26233,373767,0.0355257379661946,0.138484489630123,0.0355257379661945,0.138484489630063,0.0355675982595065,0.1384894337005207,0.0355675982595063,0.1384894337004614,343172,329501,13,0.6847926330572238,0.1503602288089755,0.6877922256870083,0.1591146049564142,0.207835708243523,0.973721401016004,,ok,
SMD_id_22,SMD,DLinear,23693,23119,0,0,1047,22646,13428.569463508144,8.533076647452665,0.4334470406081757,0.5216255531374037,13523.63757598287,8.764619682775887,0.3757904297092752,0.5149491609133825,21862,18426,125,0.5829452118866849,0.0703462629166732,0.3716610661852522,0.0573796072503375,0.1645160592414438,0.2878278412911903,,ok,
SMD_id_5,SMD,DLinear,28704,25977,0,0,1371,27333,4.36735575910388,0.3727183752006374,0.1102329488807157,0.1620571714704144,3.871453923783088,0.3585139332088264,0.0777412683418623,0.1460241578467441,19870,18053,125,0.751767186785621,0.1285117906176636,0.750380684344812,0.1050031827846064,0.1848251824787161,0.6462715105162524,,ok,
SMD_id_8,SMD,DLinear,21203,19947,0,0,782,20421,12.95081716146973,0.2956154174829437,0.0821465598446195,0.1461961709063665,0.556786893035616,0.1989581363595951,0.0518895745768788,0.1169981671795418,17865,15179,125,0.8597310814515572,0.353352146768898,0.9107732284459336,0.2472869885310882,0.4355336869611562,0.2202043132803632,,ok,
SMD_id_9,SMD,DLinear,23697,23123,0,0,2398,21299,16.304020469081816,0.3557053602423909,0.0475845564359253,0.1478575170742728,7.38777464650843,0.2572335523360348,0.0357103954009049,0.1383444461047453,20296,17101,64,0.8334007603171508,0.301182107613237,0.7475243863471531,0.2812883764243953,0.5251350453301483,0.4885070814952403,,ok,
SMD_id_6,SMD,DLinear,28722,25994,0,0,1755,26967,570.5480233333188,0.6698108781248382,0.1936245581779921,0.1942563670801424,14.62167990607054,0.2699709245434598,0.1293290791450647,0.1807113346028828,19500,16721,125,0.9491725087230706,0.6565854624346026,0.9334368941078346,0.661213347866364,0.714913851601013,0.9228149829738932,,ok,
MITDB_id_2,MITDB,DLinear,650000,634426,0,0,1047,648953,0.008437821440433,0.0689349493986917,0.0084378214404331,0.0689349493986946,0.008435050042218,0.0689284465517732,0.0084350500422181,0.068928446551776,598666,598041,125,0.6799104797400416,0.0036439537646627,0.7047576499606696,0.0034432931246118,0.0150237721675186,0.5631168831168831,,ok,
SMD_id_7,SMD,DLinear,23694,21343,0,0,1170,22524,0.4769177613800322,0.3380871937297641,0.4433339226727104,0.4324833223423633,0.4301884067726267,0.3274541008684236,0.397737275462761,0.4235347568859737,16314,12488,125,0.880109061255838,0.4534701914820488,0.8977113922365217,0.5076002796789457,0.4619155123081784,0.8619367209971237,,ok,
SVDB_id_11,SVDB,DLinear,80400,73796,0,0,945,79455,0.1790721434031031,0.280346421528189,0.1790721434031028,0.2803464215281913,0.1707674763933564,0.2755588479770868,0.1707674763933563,0.2755588479770895,59068,57771,97,0.9101373477183684,0.5631770112722877,0.9770496720028268,0.3895440548574318,0.5083066111539412,0.7581227436823105,,ok,
LTDB_id_3,LTDB,DLinear,100000,99426,0,0,31565,68435,0.3428674565385428,0.3751400015310075,0.3428674565385389,0.3751400015310067,0.3700928073213725,0.3914730275574037,0.3700928073213746,0.3914730275574221,67840,38665,73,0.6963091782331722,0.5236796330199095,0.7518910837424148,0.4577641844072774,0.549321906376091,0.9449618449022036,,ok,
MITDB_id_13,MITDB,DLinear,450000,434426,0,0,9807,440193,0.0576866883822608,0.1805515393505691,0.0576866883822626,0.1805515393505948,0.0575075395491718,0.1804469831726684,0.0575075395491736,0.1804469831726924,389906,381775,278,0.542464588746254,0.0364717138674247,0.6344153115253167,0.0303752865718642,0.0478598646769435,0.6866685338187929,,ok,
PSM,PSM,DLinear,217624,202050,0,0,24381,193243,0.1786833396918565,0.2360199939585275,0.0684077494759024,0.1913517152108108,0.1826411998930438,0.2377890840415381,0.070139329087981,0.1920929369683923,142956,129505,125,0.5609136292631673,0.1429566579319516,0.5712856474880733,0.1186718063146718,0.2400810655533322,0.5342852399136643,,ok,
CreditCard,CreditCard,DLinear,284807,284233,0,0,492,284315,1.7457261738156435,0.8652787476822722,1.550119757961814,0.8426525390562585,1.6828166307220838,0.8544724344366283,1.5058800324173782,0.8385109965917097,283530,204451,30,0.6332857864480725,0.049754198818393,0.7977470473172299,0.0041148892264307,0.0165230133968344,0.018758730792257,,ok,
SVDB_id_17,SVDB,DLinear,130400,124485,0,0,3941,126459,0.0482173440801727,0.13693847860163,0.0482173440801732,0.1369384786016322,0.0416378817419489,0.1293522231833611,0.0416378817419489,0.1293522231833644,108508,102763,114,0.8088944199055892,0.1880704031350936,0.8831121258654053,0.1254149228187499,0.2263956518201542,0.7032967032967034,,ok,
SVDB_id_1,SVDB,DLinear,230400,225934,0,0,3537,226863,0.1250456158111754,0.2253996220656104,0.1250456158111771,0.2253996220656116,0.1229404173412212,0.2233208268171005,0.1229404173412232,0.2233208268171023,213741,207544,109,0.6061464116414925,0.070795375884874,0.7000144385027608,0.052975120735618,0.1334817681251416,0.7071274298056156,,ok,
SVDB_id_19,SVDB,DLinear,230400,214826,0,0,13376,217024,0.1980004184310919,0.2839813620044063,0.1980004184310942,0.2839813620043868,0.1972282373371358,0.2832068807707943,0.1972282373371376,0.2832068807707755,166737,165232,95,0.8539489049465921,0.3076910112723955,0.8591164028242121,0.3577461055194472,0.3346130650860709,0.9647778323077504,,ok,
MITDB_id_3,MITDB,DLinear,500000,484426,0,0,8810,491190,0.0139737836589553,0.0609568234202242,0.0139737836589553,0.0609568234202243,0.0139502212841242,0.060952435404499,0.0139502212841242,0.060952435404499,440903,435642,299,0.5069114977296099,0.0224446563237222,0.5620268859914508,0.0240516618223598,0.0385012801112027,0.618134515320871,,ok,
SVDB_id_23,SVDB,DLinear,150000,138176,0,0,676,149324,0.2070237738145852,0.3256462198044799,0.2070237738145846,0.3256462198044692,0.2059736558831126,0.3249919759990036,0.2059736558831119,0.3249919759989931,111537,111155,104,0.918478735093175,0.0491525693394967,0.9304045064498352,0.0575385518563543,0.0934680459049358,1.0,,ok,
SVDB_id_13,SVDB,DLinear,230400,229826,0,0,7733,222667,0.370254694721241,0.3189418819540753,0.3702546947212459,0.3189418819540718,0.3591581972684945,0.3114272092414991,0.3591581972684985,0.3114272092414915,222050,210117,123,0.5926539605723745,0.0638856400079309,0.696106433527229,0.0441306323550633,0.0825331594389901,0.6570328952145814,,ok,
SVDB_id_21,SVDB,DLinear,230400,214826,0,0,3503,226897,0.0927174681703477,0.1890020420596851,0.0927174681703472,0.1890020420596827,0.0908219938488795,0.1872805235602132,0.0908219938488789,0.1872805235602113,176610,173032,124,0.7437905336252335,0.1928803028654737,0.8095266442151553,0.1370701215452817,0.2958572852194416,0.8775899672846238,,ok,
SVDB_id_12,SVDB,DLinear,230400,227946,0,0,7464,222936,0.1917673389236171,0.2627013749103015,0.1917673389236155,0.2627013749103123,0.1888430504888406,0.2589290897973398,0.1888430504888389,0.2589290897973493,216538,203879,110,0.5711684650694574,0.0613303321456073,0.6708854021184855,0.0436300848104078,0.0733819990063027,0.6124805900621118,,ok,
SVDB_id_20,SVDB,DLinear,230400,226175,0,0,6151,224249,0.6219218855694834,0.3749914581151873,0.6219218855694877,0.3749914581151584,0.5894959768343868,0.3607579257151058,0.5894959768343904,0.3607579257150911,211889,195332,77,0.6687192872300074,0.060461071901972,0.7548634169032472,0.0424028552674458,0.1031447087817732,0.4807520868790015,,ok,
SVDB_id_25,SVDB,DLinear,230400,229454,0,0,7048,223352,0.3467964926555265,0.332757866985859,0.3467964926555308,0.3327578669859208,0.3232255894300234,0.3210086305501344,0.323225589430031,0.321008630550186,221977,213735,81,0.8379768554201653,0.2146956101200066,0.8733388339488083,0.2204973407427968,0.2332553911878268,0.7408644811025267,,ok,
SVDB_id_15,SVDB,DLinear,230400,229826,0,0,14599,215801,1.0468800234470952,0.7273539405178503,1.046880023447096,0.7273539405178482,1.0069005644430464,0.7158252269210432,1.0069005644430469,0.7158252269210363,215121,182300,102,0.5696867573175501,0.1538667795829688,0.6801883971771894,0.0976504431570999,0.1522327863236063,0.6197533763945978,,ok,
SVDB_id_18,SVDB,DLinear,230400,229270,0,0,16102,214298,0.6792790946236532,0.5083192895537749,0.6792790946236582,0.5083192895538171,0.6130664484016649,0.4838107905456299,0.6130664484016719,0.483810790545639,212292,189776,125,0.6827061337995979,0.1997270830970571,0.7663913016458125,0.1480707937963756,0.2334404097815535,0.8039780162261189,,ok,
SVDB_id_2,SVDB,DLinear,230400,214826,0,0,8578,221822,0.0957532246931359,0.1822476743713711,0.0957532246931353,0.1822476743713402,0.0934218880040046,0.1788731838136101,0.0934218880040047,0.1788731838135848,171535,155542,131,0.6054212247238857,0.0663870691289462,0.689501023005467,0.053457070927596,0.1071527116893395,0.8413236320143527,,ok,
SVDB_id_31,SVDB,DLinear,100000,91926,0,0,497,99503,0.0864758941303224,0.1912652241324525,0.0864758941303223,0.1912652241324434,0.0864219907687805,0.1911158291449713,0.0864219907687804,0.1911158291449624,74216,73834,119,0.6559749237412151,0.0109944500924711,0.6980005847242555,0.0140579072962639,0.0261012643648217,0.997991967871486,,ok,
MITDB_id_1,MITDB,DLinear,150000,138176,0,0,18610,131390,0.0126250637816435,0.0793299429697192,0.0126250637816435,0.0793299429697184,0.0126186079346786,0.0793276061116754,0.0126186079346786,0.0793276061116745,93603,93221,140,0.6996098856851507,0.2220561852863095,0.7013296764185462,0.226980631884414,0.3175837957270806,1.0,,ok,
SVDB_id_22,SVDB,DLinear,150000,149426,0,0,12827,137173,0.472510897765337,0.4747262826784405,0.4725108977653352,0.4747262826784378,0.4366539378287118,0.459099249830242,0.4366539378287103,0.4590992498302502,136590,119687,145,0.663985811942252,0.2254408404535234,0.770482427085161,0.1470037835615711,0.2441417881246972,0.809353023909986,,ok,
SVDB_id_29,SVDB,DLinear,230400,227358,0,0,2559,227841,0.2436342074497612,0.3103164191577528,0.2436342074497584,0.3103164191577336,0.2428190808178425,0.3096839438842461,0.2428190808178398,0.3096839438842262,219453,214698,114,0.544822711224858,0.0194363400673866,0.6330614469853801,0.0145799564782765,0.0402296611519926,0.7309058614564832,,ok,
SVDB_id_7,SVDB,DLinear,50000,45778,0,0,2562,47438,0.0522316504595817,0.1491297838372837,0.0522316504595821,0.1491297838372818,0.0434935327246604,0.1378858993165695,0.0434935327246608,0.1378858993165688,35130,30397,112,0.7465980493903395,0.2002622405904505,0.8076234343050328,0.1343252486188802,0.2522749039422006,0.6563852813852814,,ok,
SVDB_id_24,SVDB,DLinear,230400,219984,0,0,6319,224081,0.0420256245605726,0.1385955303103151,0.0420256245605724,0.1385955303103191,0.041468202854259,0.1370230365292787,0.0414682028542591,0.1370230365292817,191130,177137,105,0.7308907314101787,0.1067391279146605,0.8163828550231834,0.0664650240795063,0.1176954895955875,0.6108140225787284,,ok,
SWaT_id_1,SWaT,DLinear,14996,13297,0,0,1986,13010,65.49886859170702,0.1583537873853668,0.001142406138159,0.0219336028986385,16.387016203016167,0.0858909825419512,0.0007517090279371,0.0209493850501857,8974,7176,125,0.8248830204978276,0.4005830221417695,0.8596007621175693,0.3166994604584686,0.458354999512576,0.2339084859548907,,ok,
SVDB_id_30,SVDB,DLinear,230400,228460,0,0,10058,220342,0.32162017900096,0.3274437546696445,0.3216201790009608,0.3274437546696456,0.2540620155429487,0.3050588960052519,0.2540620155429428,0.3050588960052572,215669,199903,8,0.770815286261938,0.1838806115979941,0.7672997309363194,0.1893013965754846,0.2818931917187703,0.771572619740159,,ok,
SVDB_id_16,SVDB,DLinear,230400,229491,0,0,16389,214011,1.4223814843210427,0.7564902108103105,1.4223814843210387,0.7564902108103042,1.188914401449154,0.693830286199061,1.1889144014491515,0.6938302861990524,212693,174236,81,0.7092057637514211,0.2172794561355079,0.7827740899918315,0.144846521040144,0.242246946537664,0.5472432498697478,,ok,
SVDB_id_27,SVDB,DLinear,230400,220578,0,0,7847,222553,0.0830840211354407,0.1773331101346898,0.0830840211354412,0.1773331101346883,0.0830984289587814,0.176636290538452,0.0830984289587819,0.1766362905384491,191595,181198,138,0.8073362133012482,0.1814374982256359,0.8686183275918149,0.1403217336848373,0.2264199190575562,0.9426106526631658,,ok,
SVDB_id_6,SVDB,DLinear,230400,214826,0,0,3108,227292,0.3171608925926915,0.3331560567739758,0.3171608925926948,0.3331560567739522,0.3150082049400209,0.3316777199240197,0.3150082049400241,0.3316777199239965,177005,174614,96,0.7553352879794198,0.0361400645853219,0.7828569278437555,0.0306429994887192,0.0588336819289819,0.7881217520415739,,ok,
SVDB_id_10,SVDB,DLinear,230400,229826,0,0,18107,212293,0.1831105940675068,0.2896061689553209,0.1831105940675071,0.2896061689553169,0.1767159532681718,0.2822644572916433,0.1767159532681723,0.2822644572916454,211776,174972,87,0.6334818647108162,0.2000228120041522,0.7323903574145649,0.1309327228299998,0.1901550581168533,0.8302025396159093,,ok,
MITDB_id_12,MITDB,DLinear,620000,604426,0,0,26771,593229,0.0211792893302674,0.101443969928521,0.021179289330267,0.1014439699285208,0.0209197538787901,0.1011904506012563,0.0209197538787896,0.1011904506012562,542942,525914,303,0.6057617799701804,0.0701712470656262,0.6720075140745341,0.0545883930582693,0.1025789039671255,0.8745845782000067,,ok,
SVDB_id_3,SVDB,DLinear,230400,229826,0,0,16121,214279,0.2833567413001011,0.3366762106244329,0.2833567413001013,0.3366762106244534,0.2453388401677515,0.3179390903761217,0.2453388401677498,0.3179390903761209,213586,182228,104,0.6063445540138576,0.1334570453625694,0.7044185737867374,0.090425544495053,0.1710895279417771,0.6453133182056205,,ok,
TAO_id_1,TAO,DLinear,10000,9426,0,0,492,9508,0.391542097785833,0.4836064850274621,0.4547062279734782,0.5254452156890034,,,,,8760,0,125,0.5133478739341454,0.8269379186987184,0.9112521557167456,0.0519473995379892,0.09661416260456,0.0968355138096835,,ok,
SVDB_id_9,SVDB,DLinear,230400,229023,0,0,12102,218298,0.3115687992933465,0.3472352622358258,0.3115687992933493,0.3472352622358393,0.3000329310716936,0.3410299624646951,0.3000329310716959,0.3410299624647108,215502,208600,128,0.8855533837076026,0.3588664322419477,0.9091543900877856,0.3200062640616656,0.3663686915165018,0.8911921151439299,,ok,
SVDB_id_8,SVDB,DLinear,230400,229826,0,0,17822,212578,0.2351520273564409,0.2942863012351756,0.2351520273564421,0.2942863012351996,0.2286099026466879,0.2881258484373755,0.2286099026466911,0.2881258484373878,211935,190359,101,0.7493058717695271,0.2883278965214676,0.7982220665912485,0.2630968837096833,0.2999010240898345,0.8326275186793624,,ok,
TAO_id_12,TAO,DLinear,10000,9426,0,0,485,9515,1.0170175194661009,0.7605097009930697,0.420580751349636,0.4978054226104588,,,,,8766,0,125,0.495093151887145,0.8193074324633044,0.9451571336023308,0.0502134454132758,0.0944871711029824,0.0945549396804695,,ok,
TAO_id_3,TAO,DLinear,10000,9426,0,0,488,9512,0.3151741786123482,0.413439672317374,0.3684944176362137,0.4583503093401245,,,,,8762,0,18,0.4860577320795819,0.2958870789235753,0.634169611640862,0.0463223355017898,0.0957190324889428,0.0954962468723936,,ok,
SVDB_id_26,SVDB,DLinear,230400,229514,0,0,20820,209580,0.4061804081613585,0.4198820918741031,0.4061804081613647,0.4198820918741139,0.3871100932091397,0.4097533811482939,0.3871100932091433,0.4097533811482983,208400,166445,106,0.5334613388755463,0.1681173327446871,0.6566450097422586,0.1131844054939231,0.1688440784700104,0.7287933726808353,,ok,
SVDB_id_4,SVDB,DLinear,230400,228199,0,0,12809,217591,0.2094546736353484,0.2695413428669959,0.2094546736353464,0.2695413428670046,0.1811581990367894,0.2524945201201575,0.1811581990367849,0.252494520120165,212022,188352,118,0.6719787533720358,0.1551325631428041,0.7828706359856391,0.0926854776097779,0.1888358309195399,0.7831962983921973,,ok,
TAO_id_9,TAO,DLinear,10000,9426,0,0,483,9517,0.2236302611996292,0.3791032645888152,0.2159644547729213,0.3639972917257014,,,,,8776,0,125,0.5081902038218196,0.8194188383401586,0.8969577610916131,0.0513565779057072,0.0936600392588993,0.0929717764250138,,ok,
TAO_id_10,TAO,DLinear,10000,9426,0,0,943,9057,0.6495996800857665,0.6581607809063406,0.5802671711249037,0.6067495740456588,,,,,8355,0,297,0.5024091558224798,0.961194222164666,0.9800279764457018,0.0948890629874786,0.1729754338037206,0.1736793135531893,,ok,
TAO_id_8,TAO,DLinear,10000,9426,0,0,487,9513,0.7182917393287422,0.6551225393614942,0.8469176766391742,0.7080812048008118,,,,,8759,0,136,0.5101174638142424,0.8005644165841509,0.9207846236539956,0.0489455176514181,0.0952368065923395,0.0956803151822147,,ok,
SVDB_id_28,SVDB,DLinear,230400,229288,0,0,21980,208420,0.504790971293525,0.4088797472453066,0.5047909712935306,0.4088797472453249,0.3450107206669893,0.3429274830308267,0.3450107206669878,0.3429274830308338,206495,165824,125,0.7122619064718395,0.3440333476180385,0.8288403771051122,0.2137026482959013,0.3392228817949594,0.8671242447905964,,ok,
TAO_id_4,TAO,DLinear,10000,9426,0,0,945,9055,0.3118650049612647,0.4300856652753603,0.3651021016500005,0.4748070598254403,,,,,8351,0,142,0.4956214082663558,0.9171715429833852,0.960076356782653,0.094547029130169,0.1728288845785344,0.1728691476590636,,ok,
TAO_id_11,TAO,DLinear,10000,9426,0,0,959,9041,1.0821979236478083,0.8008655351384197,0.4909566434505591,0.5558670180123879,,,,,8322,0,287,0.5181608081548096,0.9610983349530516,0.9817240368640924,0.0982217155266987,0.1806886012611253,0.1826958782027478,,ok,
TAO_id_2,TAO,DLinear,10000,9426,0,0,1395,8605,0.4504981203466794,0.5472995698625926,0.480065761553851,0.5538234009679541,,,,,7943,0,21,0.4948889430376187,0.6851004975328278,0.838261462628148,0.1408673734151868,0.2457418658609809,0.2456851003874604,,ok,
TAO_id_7,TAO,DLinear,10000,9426,0,0,948,9052,0.6705295300331209,0.6682693873827396,0.5791191500222745,0.6048708754613119,,,,,8334,0,40,0.4992227863949687,0.7237219528490767,0.9086081753581126,0.0977656500340445,0.1745956956227682,0.1752596789423985,,ok,
TAO_id_13,TAO,DLinear,10000,9426,0,0,1409,8591,0.7695947446090172,0.706426047028827,0.544432644452726,0.5868024322433442,,,,,7901,0,42,0.5099939535977662,0.8282365735318621,0.9118214973323588,0.1430353290881188,0.2493610831820422,0.250566037735849,,ok,
SVDB_id_14,SVDB,DLinear,230400,229516,0,0,27789,202611,0.9003246087685535,0.585634034322485,0.9003246087685387,0.585634034322447,0.7489681398060358,0.5195782744611748,0.7489681398060306,0.5195782744611632,201428,142213,99,0.6411203362151803,0.2667614126129927,0.7533013849336381,0.1848469359778557,0.3110537313635053,0.8722255355502184,,ok,
TAO_id_5,TAO,DLinear,10000,9426,0,0,954,9046,0.3167775895852187,0.4399986519800231,0.3503827016102198,0.4656778362233104,,,,,8336,0,294,0.5031707842191159,0.96147597834913,0.9787487929839798,0.0956316498807469,0.1751714444038037,0.175897811747461,,ok,
SVDB_id_5,SVDB,DLinear,230400,229826,0,0,22858,207542,0.6270485811437223,0.5840330451489959,0.6270485811437275,0.5840330451490354,0.6465979037654068,0.599881670237977,0.6465979037654113,0.5998816702379974,206876,153251,100,0.5309316263795517,0.1389185905872064,0.6086935976571252,0.1105082062476922,0.1822112001523167,0.795733799039481,,ok,
SWaT_id_2,SWaT,DLinear,399919,392235,0,0,50118,349801,15.151674315587718,0.6474345786993349,0.0152784529097059,0.0686028063584076,14.69488425974638,0.6437473672722801,0.0148436678110631,0.0681900961947642,326001,318724,125,0.8316739705651975,0.3774340604535737,0.5545300713899709,0.6738530596769605,0.7892058453076398,0.8566847917484164,,ok,
TAO_id_6,TAO,DLinear,10000,9426,0,0,1409,8591,0.7157139065824074,0.6857651520550473,0.5687711308483594,0.5977038511088435,,,,,7901,0,42,0.5105428304448868,0.8290492412175428,0.9141115490326586,0.1431785740294246,0.2493062095493657,0.2498346196251378,,ok,
